tree
version=v4
num_class=1
num_tree_per_iteration=1
label_index=0
max_feature_idx=19
objective=regression
feature_names=mean_glucose roll3_mean_glucose d_cv steps roll3_d_tar diff_mean_from_prev_day lag1_sleep_total_min lag1_steps lag1_mean_glucose diff_steps_from_prev_day diff_d_cv_from_prev_day lag1_d_cv sleep_rem_min sleep_light_min sleep_deep_min roll3_steps diff_sleep_from_prev_day sleep_total_min d_tir diff_d_tir_from_prev_day
feature_infos=[86.227272727272705:413.17391304347802] [93.863636363636402:398.54901960784298] [0.61728395061728403:68.164618780073297] [0:493942] [0:1] [-166.214354066986:154.06081452944497] [14:1301] [0:493942] [86.227272727272705:413.17391304347802] [-459908:458794] [-37.864096843440905:39.250979613868296] [0.61728395061728403:68.164618780073297] [0:408] [3:740] [0:475] [103:187708] [-1136:1190] [14:1301] [0:1] [-0.75:0.92000000000000004]
tree_sizes=2671 2724 2744 2715 2731 2729 2731 2744 2734 2736 2749 2738 2760 2729 2777 2717 2742 2719 2734 2766 2733 2753 2727 2743 2750 2735 2727 2731 2749 2727 2762 2755 2749 2747 2777 2758 2779 2723 2766 2761 2772 2779 2760 2762 2772 2748 2753 2776 2753 2761 2728 2726 2780 2781 2731 2737 2787 2774 2766 2780 2760 2758 2755 2772 2745 2789 2763 2794 2761 2782 2785 2798 2751 2747 2808 2790 2809 2750 2757 2778 2787 2793 2760 2786 2769 2806 2801 2796 2785 2829 2800 2812 2770 2743 2791 2797 2781 2805 2774 2789 2782 2805 2789 2775 2826 2808 2769 2790 2809 2799 2787 2795 2788 2803 2787 2821 2832 2804 2823 2791 2788 2807 2816 2820 2805 2808 2806 2806 2789 2787 2806 2821 2879 2811 2790 2828 2860 2832 2852 2775 2802 2837 2846 2860 2833 2831 2808 2760 2834 2755 2849 2767 2830 2814 2796 2793 2785 2810 2828 2860 2846 2852 2847 2828 2830 2808 2831 2855 2836 2797 2794 2855 2835 2833 2805 2794 2821 2809 2858 2838 2838 2817 2821 2842 2844 2817 2798 2838 2851 2829 2814 2814 2837 2850 2856 2784 2837 2829 2838 2824 2844 2834 2824 2824 2835 2821 2837 2832 2850 2797 2845 2833 2843 2839 2830 2830 2815 2864 2821 2826 2827 2823 2830 2825 2840 2836 2797 2841 2824 2860 2805 2807 2806 2784 2826 2817 2828 2843 2853 2830 2831 2872 2800 2829 2848 2853 2821 2854 2825 2789 2839 2834 2817 2831 2842 2809 2828 2878 2798 2834 2845 2845 2875 2845 2786 2843 2844 2841 2824 2834 2848 2809 2847 2789 2848 2828 2834 2828 2839 2825 2826 2841 2855 2822 2840 2840 2821 2859 2852 2837 2849 2831 2840 2822 2844 2825 2821 2832 2834 2817

Tree=0
num_leaves=31
num_cat=0
split_feature=0 0 0 0 1 0 1 0 4 1 8 1 0 0 1 4 5 18 6 7 3 8 4 12 17 1 0 3 1 4
split_gain=3.94734e+06 893484 739766 121842 105894 101381 78600.3 47780 47243 46856 32356.3 29638.8 25949.4 24738.2 22477.4 18748.8 25933.5 18542 17620.8 14533.3 13736.9 13118.4 11842.3 11474.7 10158 9354.73 8681.76 8619.58 7708.67 7635.07
threshold=193.69059011164305 153.16466249799603 257.34256120527351 130.21635150166853 170.41657180668923 291.11250000000007 190.33679888975999 223.08000000000001 0.44618055555555564 244.45143997382237 216.89062500000003 119.65954325802046 166.46557878633402 141.68444683908052 152.62735497956689 0.90104166666666685 21.677399039244012 0.33500000000000008 506.50000000000006 11670.000000000002 6999.5000000000009 148.12698768197103 0.79340277777777801 31.500000000000004 413.50000000000006 153.24944178628402 192.38421052631551 10196.500000000002 147.48085826272901 0.81423611111111127
decision_type=10 8 10 10 10 10 10 10 10 10 10 8 10 10 8 10 10 10 8 8 10 10 10 10 8 10 8 10 10 10
left_child=1 3 6 11 14 9 17 29 13 24 12 -1 -6 28 -3 23 -17 27 -11 22 -10 -13 -9 -7 -4 -15 -16 -2 -5 -8
right_child=2 4 5 8 10 15 7 19 20 18 -12 21 -14 25 26 16 -18 -19 -20 -21 -22 -23 -24 -25 -26 -27 -28 -29 -30 -31
leaf_value=162.03546939611095 164.48778255118972 163.17401063032813 166.13095722080249 162.66731463401601 163.54325269674163 166.64461282457853 164.72945638620891 164.93561116479049 164.24828097056545 166.40849363120634 164.53900715820524 162.44797951414694 163.96826290439463 162.894491938643 163.49584598795991 167.38897337405348 168.79319664591671 164.12084633241827 167.4981202257396 165.73646738005047 163.26831268721236 162.88120045391491 165.56674536913752 167.58232804316401 165.29636040378588 163.13106323860828 164.10970666838227 165.0962678087119 162.88114244573688 165.10015044561052
leaf_weight=156 75.5 239 21 580 178.5 23 258.5 66 26 34 68 523.5 469 480.5 583 29 20 131 22 73 25.5 71.5 45 24 35 219 21.5 29 205.5 62
leaf_count=105 74 220 21 433 170 23 258 66 26 34 68 366 463 410 560 29 20 129 22 73 23 57 45 24 35 198 21 29 171 62
internal_value=163.522 163.094 165.255 162.717 163.648 166.836 164.811 165.022 162.87 166.223 163.916 162.404 163.851 162.839 163.42 167.552 167.962 164.359 166.837 165.408 163.763 162.5 165.191 167.123 165.609 162.969 163.518 164.657 162.723 164.801
internal_weight=4794.5 3846.5 948 2287.5 1559 208 740 504.5 1536.5 112 715.5 751 647.5 1485 843.5 96 49 235.5 56 184 51.5 595 111 47 56 699.5 604.5 104.5 785.5 320.5
internal_count=4235 3291 944 1789 1502 208 736 504 1261 112 701 528 633 1212 801 96 49 232 56 184 49 423 111 47 56 608 581 103 604 320
is_linear=0
shrinkage=1


Tree=1
num_leaves=31
num_cat=0
split_feature=0 0 0 0 0 1 1 0 4 1 1 0 0 18 1 8 4 5 6 7 3 8 4 13 17 1 0 10 3 2
split_gain=3.71413e+06 796610 733448 114641 95389.1 91647 88453 48486.9 44451 44086.8 27887.1 27020.2 23276.2 21572.8 20130.1 18560.6 17640.7 24400.9 16579.4 13674.4 12925 12344.5 11142.4 10877.8 9557.71 8801.87 8485.06 8404.15 8334.91 7529.5
threshold=191.73852996254703 153.16466249799603 257.34256120527351 130.21635150166853 291.11250000000007 170.41657180668923 190.33679888975999 223.08000000000001 0.44618055555555564 244.45143997382237 119.65954325802046 166.46557878633402 141.68444683908052 0.33500000000000008 150.5095915714742 209.90919384057955 0.90104166666666685 21.677399039244012 506.50000000000006 11670.000000000002 6999.5000000000009 147.21016949152553 0.79340277777777801 122.50000000000001 413.50000000000006 153.24944178628402 168.51635338345903 19.314567779743353 10196.500000000002 26.097206204561804
decision_type=10 8 10 10 10 10 10 10 10 10 8 10 10 10 8 10 10 10 8 8 10 10 10 10 8 10 8 8 10 10
left_child=1 3 6 10 9 14 13 -8 12 24 -1 -7 -5 28 -3 -13 23 -18 -11 22 -10 -12 -9 -6 -4 -14 27 -16 -2 -24
right_child=2 5 4 8 16 11 7 19 20 18 21 15 25 -15 26 -17 17 -19 -20 -21 -22 -23 29 -25 -26 -27 -28 -29 -30 -31
leaf_value=-1.4414629033895638 0.93024503137551096 -0.36851856555386214 2.5311602578844341 -0.77431035897900236 2.9635893430709839 0.059941192203248041 1.225487246108439 1.3716746096448464 0.70496429611857125 2.8003706225226908 -1.041931144211484 0.40717615129250395 -0.60821106977741402 0.53971599733943387 -0.057141114763267664 0.93773407811703891 3.7514358546816071 5.1135325012207025 3.8573083305358886 2.148505152088322 -0.24560495544882383 -0.62542624150058379 1.5690219667979648 3.8866784434848358 1.7216013401576451 -0.37873691554551253 0.094696671642601787 -0.455823952993621 1.5275115493248248 2.3468710899353025
leaf_weight=156 76.5 198.5 21 785.5 20 189.5 341.5 66 26 34 522 424 480.5 157 276 69 29 20 22 73 25.5 73 21 27 35 219 296.5 57.5 29 24
leaf_count=105 75 181 21 604 20 181 341 66 26 34 365 418 410 155 267 69 29 20 22 73 23 58 21 27 35 198 287 51 29 24
internal_value=2.61129e-09 -0.427565 1.63063 -0.780658 3.21518 0.106983 1.21237 1.43701 -0.632179 2.62039 -1.08444 0.364403 -0.662229 0.762655 -0.105074 0.481433 3.90911 4.30739 3.2156 1.8296 0.234294 -0.990831 1.61986 3.49387 2.02519 -0.536367 -0.0220687 -0.12588 1.09442 1.98387
internal_weight=4794.5 3798.5 996 2287.5 208 1511 788 525.5 1536.5 112 751 682.5 1485 262.5 828.5 493 96 49 56 184 51.5 595 111 47 56 699.5 630 333.5 105.5 45
internal_count=4235 3243 992 1789 208 1454 784 525 1261 112 528 668 1212 259 786 487 96 49 56 184 49 423 111 47 56 608 605 318 104 45
is_linear=0
shrinkage=0.03


Tree=2
num_leaves=31
num_cat=0
split_feature=0 0 0 0 1 1 1 0 4 8 0 1 5 0 1 4 12 18 7 3 3 0 4 0 8 17 3 1 0 4
split_gain=3.49605e+06 790611 654602 107866 93681.3 90152.3 69481.4 42229.1 41823.9 29113.1 28747.1 26570.5 26040.3 23030.5 21911 20733 20189.8 16343.8 12866.2 12748.4 12161.2 11048.5 10483.9 10189.7 9621 8856.54 7625.23 7603.94 7185.92 7183.84
threshold=193.69059011164305 153.16466249799603 257.34256120527351 130.21635150166853 170.41657180668923 247.43098546064655 190.33679888975999 223.08000000000001 0.44618055555555564 216.89062500000003 291.11250000000007 125.58128027293402 36.079966044142516 166.46557878633402 139.7003119194022 0.21267361111111119 69.500000000000014 0.33500000000000008 11670.000000000002 10463.500000000002 6999.5000000000009 168.51635338345903 0.79340277777777801 141.68444683908052 148.12698768197103 413.50000000000006 10196.500000000002 150.99426011785269 118.39775219298251 0.81423611111111127
decision_type=10 8 10 10 10 10 10 10 10 10 10 8 10 10 10 8 10 10 8 8 10 8 10 10 10 8 10 10 10 10
left_child=1 3 6 11 15 10 17 29 14 13 25 28 16 -6 -5 -3 19 26 22 -7 -10 27 -9 -16 -13 -4 -2 -17 -1 -8
right_child=2 4 5 8 9 12 7 18 20 -11 -12 24 -14 -15 23 21 -18 -19 -20 -21 -22 -23 -24 -25 -26 -27 -28 -29 -30 -31
leaf_value=-1.4290402517011087 0.90937349097618192 -0.34537160138086398 2.4903139426491476 -0.78241376869871382 0.019288625695875711 4.0484652464013351 1.1349398507128832 1.3305243570154361 0.68381535516335412 0.96182705120128731 3.2221164390563963 -0.97844397979533482 4.4810508243854228 0.41968235982776575 -0.66437997988693365 -0.35644660862915695 2.6967104376279392 0.56516123313030209 2.0840500016408425 3.242476716475053 -0.23823679924011232 0.12315949955853549 1.9243585074742637 -0.4589018502892499 -0.60234101724791356 1.7339587181492855 1.4816862014244341 -0.035482404787858191 -1.1018532854137999 1.4945130821966355
leaf_weight=155 75.5 220.5 22 599.5 178.5 38 258.5 66 26 68 25 425.5 26 469 382 94 26 131 73 33 25.5 302.5 45 503.5 71.5 38 29 226.5 99 62
leaf_count=104 74 205 22 455 170 38 258 66 26 68 25 300 26 463 309 84 26 129 73 33 23 294 45 448 57 38 29 218 67 62
internal_value=8.03376e-09 -0.40217 1.6318 -0.757239 0.118818 3.11873 1.21385 1.41246 -0.613214 0.371318 2.36741 -1.0519 3.63793 0.309304 -0.642362 -0.0953663 3.41194 0.788377 1.77471 3.67385 0.227265 -0.00688122 1.57127 -0.547544 -0.924337 2.01129 1.0682 -0.129619 -1.30151 1.2045
internal_weight=4794.5 3846.5 948 2287.5 1559 208 740 504.5 1536.5 715.5 85 751 123 647.5 1485 843.5 97 235.5 184 71 51.5 623 111 885.5 497 60 104.5 320.5 254 320.5
internal_count=4235 3291 944 1789 1502 208 736 504 1261 701 85 528 123 633 1212 801 97 232 184 71 49 596 111 757 357 60 103 302 171 320
is_linear=0
shrinkage=0.03


Tree=3
num_leaves=31
num_cat=0
split_feature=0 0 0 0 1 0 8 1 4 0 8 1 4 0 0 4 5 3 2 6 0 3 12 0 17 9 2 8 1 1
split_gain=3.28943e+06 743886 615915 101491 88174.1 85513.2 65923.9 39393.5 39352.1 30479.8 25639 25000.2 21317.6 20913 18645.2 16259.7 22161.6 16131.2 14541.7 14477.3 13625.3 11442.4 10511.6 10271.7 9912.75 9351.65 9324.09 9052.4 7989.71 7969.97
threshold=193.69059011164305 153.16466249799603 257.34256120527351 130.21635150166853 173.30766841805175 291.11250000000007 201.85263157894704 231.29656020090553 0.44618055555555564 226.14748040313552 216.89062500000003 125.58128027293402 0.21267361111111119 141.68444683908052 166.46557878633402 0.90104166666666685 21.677399039244012 6814.5000000000009 43.05852493485316 506.50000000000006 166.19991818606852 6999.5000000000009 31.500000000000004 211.87199197861003 418.50000000000006 -3403.9999999999995 26.097206204561804 148.12698768197103 153.24944178628402 185.14643592628522
decision_type=10 8 10 10 10 10 10 10 10 10 10 8 8 10 10 10 10 10 10 8 8 10 10 10 8 10 10 10 10 8
left_child=1 3 6 11 12 7 18 24 13 25 14 -1 -3 -5 -6 22 -17 -11 23 -9 -14 -10 -7 -2 -4 -8 -19 -13 -15 -25
right_child=2 4 5 8 10 15 9 19 21 17 -12 27 20 28 -16 16 -18 26 -20 -21 -22 -23 -24 29 -26 -27 -28 -29 -30 -31
leaf_value=-1.2624692101365937 0.7708308421262724 -0.33092754938698299 2.3224406204223631 -0.72933066603723484 0.037333595060026308 2.8252399187502655 1.5250939710934956 2.5880050292381873 0.66330090192648072 1.4733769187017489 0.93297224616303165 -0.94909069520711342 -0.14147775176533342 -0.57223879201293115 0.42017843408291722 3.534731530814335 4.8328247680664065 1.7724103248746772 0.22930489336622173 3.5128150314331053 0.12748710425174456 -0.2310897068416371 3.7227416753768918 0.6391373338607641 1.447970415524074 1.1195739736332226 2.4510825380597794 -0.58427079541908278 -0.35360775045948489 1.2184974865242837
leaf_weight=254 167 222.5 20 785.5 156.5 23 72 39 26 76 68 425.5 307 480.5 426.5 29 20 38 29 25 378.5 25.5 24 26 28 177 35 71.5 219 120
leaf_count=171 166 207 20 604 149 23 72 39 26 76 68 300 288 410 421 29 20 38 28 25 369 23 24 25 28 177 35 57 198 119
internal_value=5.49542e-10 -0.390105 1.58285 -0.734521 0.115253 3.02517 1.17744 2.462 -0.594817 1.43992 0.381706 -1.02035 -0.0757832 -0.623091 0.317408 3.68219 4.06457 1.7793 0.871976 2.94926 0.00703165 0.220447 3.28354 0.931521 1.81233 1.23683 2.0978 -0.896607 -0.50379 1.11532
internal_weight=4794.5 3846.5 948 2287.5 1559 208 740 112 1536.5 398 651 751 908 1485 583 96 49 149 342 64 685.5 51.5 47 313 48 249 73 497 699.5 146
internal_count=4235 3291 944 1789 1502 208 736 112 1261 398 638 528 864 1212 570 96 49 149 338 64 657 49 47 310 48 249 73 357 608 144
is_linear=0
shrinkage=0.03


Tree=4
num_leaves=31
num_cat=0
split_feature=0 0 0 0 1 1 1 0 4 0 1 5 1 4 1 12 18 0 7 3 3 8 4 0 17 0 10 3 16 5
split_gain=3.09586e+06 663010 610516 95493.1 80592.3 76698.1 74580.1 40310.4 37026.4 25537.1 23816.2 23414.8 20119.4 19923.7 19182.2 18873.6 18338.4 15004 12027.4 11742.8 10766.2 10229 9605.17 8873.49 8578.71 7652.44 7948.5 7413.14 7379.17 8382.03
threshold=191.73852996254703 153.16466249799603 257.34256120527351 130.21635150166853 247.43098546064655 173.30766841805175 190.33679888975999 223.08000000000001 0.44618055555555564 299.13949897048752 119.65954325802046 36.079966044142516 139.7003119194022 0.60243055555555569 152.62735497956689 69.500000000000014 0.33500000000000008 167.03598484848501 11670.000000000002 10463.500000000002 6999.5000000000009 147.21016949152553 0.79340277777777801 141.68444683908052 413.50000000000006 166.19991818606852 19.314567779743353 10196.500000000002 38.500000000000007 -7.0838198648364985
decision_type=10 8 10 10 10 10 10 10 10 10 8 10 10 10 8 10 10 10 8 8 10 10 10 10 8 8 8 10 10 10
left_child=1 3 6 10 9 14 16 28 12 24 -1 15 -5 17 -3 19 27 -7 22 -6 -10 -12 -9 -14 -4 26 -16 -2 -8 -30
right_child=2 5 4 8 11 13 7 18 20 -11 21 -13 23 -15 25 -17 -18 -19 -20 -21 -22 -23 -24 -25 -26 -27 -28 -29 29 -31
leaf_value=-1.3196759374325093 0.845242727878047 -0.31308121972149078 2.3860752117633819 -0.73860225805150559 3.8237854219737804 0.024020267604183319 1.063464595122215 1.2442336044799196 0.6434018767338533 3.1614811549186705 -0.94974776678900608 4.224801279214712 -0.62256867631645718 0.67559695884833726 -0.042217654460450497 2.519493673764742 0.48864059985633113 0.3795877264980369 1.9704524372048573 3.0502366846257987 -0.22415700547835404 -0.57060840398889701 1.8126376525561014 -0.43082046541758062 1.6719218737904618 0.095171790067261702 -0.46425359219312667 1.4085155449242428 1.8457040313005448 1.0607967174053192
leaf_weight=156 76.5 236 24 599.5 38 158.5 292.5 66 26 20 522 26 382 135 246 26 157 327.5 73 33 25.5 73 45 503.5 41 360 48 29 25 24
leaf_count=105 75 217 24 455 38 151 292 66 26 20 365 26 309 135 238 26 155 322 73 33 23 58 45 448 41 349 42 29 25 24
internal_value=5.27255e-10 -0.390359 1.48873 -0.712486 2.93441 0.0973082 1.10713 1.31341 -0.576973 2.22405 -0.989737 3.42531 -0.604398 0.353185 -0.0812304 3.21102 0.694189 0.263626 1.67136 3.46425 0.213834 -0.903232 1.47467 -0.51354 1.93561 0.00243445 -0.111121 1.00008 1.12054 1.46126
internal_weight=4794.5 3798.5 996 2287.5 208 1511 788 525.5 1536.5 85 751 123 1485 621 890 97 262.5 486 184 71 51.5 595 111 885.5 65 654 294 105.5 341.5 49
internal_count=4235 3243 992 1789 208 1454 784 525 1261 85 528 123 1212 608 846 97 259 473 184 71 49 423 111 757 65 629 280 104 341 49
is_linear=0
shrinkage=0.03


Tree=5
num_leaves=31
num_cat=0
split_feature=0 0 0 1 0 0 1 0 1 1 1 1 18 0 4 5 6 0 2 7 0 13 0 4 17 4 8 8 3 2
split_gain=2.9133e+06 638570 547655 84997.9 82784.1 76874.9 63929.1 48270.4 35082.6 32046.1 24447.8 22411.1 21652.4 18561.8 14918.7 20131.2 13472.7 13182.8 12524.3 11316.6 10624.7 10167.5 10028.7 9037.51 8884.68 8437.29 7980.54 7887.13 7275.37 6858.71
threshold=186.69193353994504 257.34256120527351 151.57690794649852 190.33679888975999 130.21635150166853 291.11250000000007 173.30766841805175 223.08000000000001 231.29656020090553 157.88953577652504 218.52707291152919 125.58128027293402 0.33500000000000008 162.99473684210554 0.90104166666666685 21.677399039244012 506.50000000000006 166.46557878633402 40.535006039930906 11670.000000000002 198.69122807017553 122.50000000000001 141.68444683908052 0.79340277777777801 418.50000000000006 0.20833333333333337 148.12698768197103 137.92820945945951 10196.500000000002 26.097206204561804
decision_type=10 10 8 10 10 10 10 10 10 10 10 8 10 8 10 10 8 10 10 8 10 10 10 10 8 8 10 10 10 10
left_child=2 3 4 12 11 8 13 20 24 22 17 -1 28 27 21 -16 -10 -8 -11 23 -5 -7 -6 -9 -3 -15 -13 -4 -2 -25
right_child=1 5 6 7 9 14 10 19 16 18 -12 26 -14 25 15 -17 -18 -19 -20 -21 -22 -23 -24 29 -26 -27 -28 -29 -30 -31
leaf_value=-1.1892867006467083 0.81020329809492564 2.1822563431262969 -0.48150852217790524 0.80482738663000897 -0.71365248633158385 2.5747963596582415 0.010399657326825656 1.2069066116484728 2.423745032090407 -0.34372795304372195 0.9113693539151605 -0.89216566114497098 0.43895780101418491 -0.27602668206719022 3.3306228742928341 4.5678220939636232 3.3158932525634763 0.34071587103783191 0.37348382964730265 1.911338869708858 1.1392015663871551 3.4672375212775335 -0.53651222098223506 1.3623159864119121 1.3543736846106393 0.07949739025264177 -0.54962444138693645 -0.17946687789369972 1.366260075404726 2.1047082424163817
leaf_weight=254 78.5 20 99 125.5 694.5 20 161 66 39 252 53 425.5 215.5 71 29 20 25 335 24 73 268.5 27 491 21 28 390.5 71.5 363.5 29 24
leaf_count=171 77 20 86 125 528 20 153 66 39 221 53 300 213 65 29 20 25 330 23 73 268 27 421 21 28 378 57 345 29 24
internal_value=-5.7404e-09 1.34811 -0.405658 1.00222 -0.704049 2.84638 0.042537 1.22005 2.31242 -0.572504 0.298938 -0.960045 0.612439 -0.109805 3.46933 3.8356 2.77224 0.233496 -0.281362 1.62122 1.03269 3.08748 -0.640286 1.43043 1.69932 0.0248014 -0.842887 -0.24412 0.960209 1.75826
internal_weight=4794.5 1109 3685.5 901 2212.5 208 1473 578 112 1461.5 549 751 323 924 96 49 64 496 276 184 394 47 1185.5 111 48 461.5 497 462.5 107.5 45
internal_count=4235 1104 3131 896 1721 208 1410 577 112 1193 536 528 319 874 96 49 64 483 244 184 393 47 949 111 48 443 357 431 106 45
is_linear=0
shrinkage=0.03


Tree=6
num_leaves=31
num_cat=0
split_feature=0 0 0 0 1 0 8 4 1 0 8 1 0 1 4 3 4 5 2 3 6 3 12 0 8 0 9 2 0 1
split_gain=2.74299e+06 619261 512426 84475.3 73822.8 72331.5 56006 33815.6 33145.3 25264.4 23729.8 21456 18625.9 18324 16959.4 14767.4 14037 18941.4 13225 11442.9 10943.7 9951.84 9619.12 9553.59 9019.85 8775.83 8691.3 8597.11 8220.73 7235.28
threshold=193.69059011164305 153.16466249799603 257.34256120527351 130.21635150166853 170.41657180668923 291.11250000000007 201.85263157894704 0.44618055555555564 218.52707291152919 226.14748040313552 216.89062500000003 119.65954325802046 173.28735632183904 139.7003119194022 0.18576388888888892 6814.5000000000009 0.90104166666666685 21.677399039244012 43.576229702157406 7816.0000000000009 506.50000000000006 6999.5000000000009 31.500000000000004 168.51635338345903 147.21016949152553 211.87199197861003 -3403.9999999999995 26.097206204561804 141.01590265987554 150.99426011785269
decision_type=10 8 10 10 10 10 10 10 10 10 10 8 10 8 8 10 10 10 10 8 8 10 10 8 10 10 10 10 10 10
left_child=1 3 6 11 14 8 18 13 -4 26 12 -1 19 -5 -3 -11 22 -18 25 -6 -10 -9 -7 29 -13 -2 -8 -17 -15 -16
right_child=2 4 5 7 10 16 9 21 20 15 -12 24 -14 28 23 27 17 -19 -20 -21 -22 -23 -24 -25 -26 -27 -28 -29 -30 -31
leaf_value=-1.2444071103976322 0.69734765587782366 -0.3660181677795592 1.5506430500149726 -0.7107935261392897 0.30793598030985092 2.5564398953707324 1.4105576489369074 0.62572241897766401 2.3151273747852872 1.3338355840350453 0.8621259253515916 -0.89281696397682708 0.41997772493576446 -0.59942801363874465 -0.31884861201935627 1.6188322795064825 3.2307041615453258 4.4307873458862304 0.11500858758110553 -0.068814848715608765 3.0653391723632808 -0.2083808666117051 3.4149951314926148 0.10014407789202238 -0.53679022707351265 1.013169621233172 1.019617459076946 2.2705103400094164 -0.41951157647180182 -0.033788260046747468
leaf_weight=156 169 157.5 40 529.5 129.5 23 72 26 42 76 68 522 353 378.5 117.5 38 29 20 24 165 30 25.5 24 316.5 73 149 177 35 577 252
leaf_count=105 168 145 40 398 127 23 72 26 42 76 68 365 349 304 106 38 29 20 23 157 30 23 24 307 58 147 177 35 510 243
internal_value=-1.54202e-09 -0.356232 1.44541 -0.670477 0.104855 2.76099 1.07562 -0.543021 2.24305 1.31756 0.329001 -0.931243 0.273012 -0.56923 -0.0852776 1.62654 3.36525 3.72053 0.794077 0.0968532 2.62772 0.21272 2.99485 -0.0208218 -0.849136 0.845327 1.13266 1.93128 -0.490781 -0.124437
internal_weight=4794.5 3846.5 948 2287.5 1559 208 740 1536.5 112 398 715.5 751 647.5 1485 843.5 149 96 49 342 294.5 72 51.5 47 686 595 318 249 73 955.5 369.5
internal_count=4235 3291 944 1789 1502 208 736 1261 112 398 701 528 633 1212 801 149 96 49 338 284 72 49 47 656 423 315 249 73 814 349
is_linear=0
shrinkage=0.03


Tree=7
num_leaves=31
num_cat=0
split_feature=0 0 0 1 0 1 1 0 1 1 0 1 5 18 12 0 4 0 3 7 0 8 4 17 4 0 1 3 3 2
split_gain=2.58115e+06 564923 484796 76258 73203.9 68919.9 56554.7 42678 29188.6 22166.2 21419.9 20187.9 20077.8 19386.9 17512.5 16483.1 12234.4 11772.2 10602.7 10581.2 9426.05 8489.73 8263.36 7830.97 7501.83 7485 7169.94 7035.35 6906.02 6708.89
threshold=186.69193353994504 257.34256120527351 151.57690794649852 190.33679888975999 130.21635150166853 247.43098546064655 173.30766841805175 223.08000000000001 153.24944178628402 218.52707291152919 299.13949897048752 119.65954325802046 36.079966044142516 0.33500000000000008 69.500000000000014 162.99473684210554 0.42361111111111122 166.46557878633402 10463.500000000002 11670.000000000002 198.69122807017553 148.12698768197103 0.79340277777777801 413.50000000000006 0.20833333333333337 141.01590265987554 153.24944178628402 6999.5000000000009 10196.500000000002 34.885871185368558
decision_type=10 10 8 10 10 10 10 10 10 10 10 8 10 10 10 8 10 10 8 8 10 10 10 8 8 10 10 10 10 10
left_child=2 3 4 13 11 10 15 20 25 17 23 -1 14 28 18 26 -10 -8 -7 22 -5 -13 -9 -3 -17 -6 -4 -18 -2 -26
right_child=1 5 6 7 8 12 9 19 16 -11 -12 21 -14 -15 -16 24 27 -19 -20 -21 -22 -23 -24 -25 29 -27 -28 -29 -30 -31
leaf_value=-1.20707486977944 0.75732852078547142 2.1874685654044153 -0.34129418805788975 0.7591302537918091 -0.68487732415170544 3.5192481068560948 0.0078800571196197718 1.1289210042628375 -0.38056632546994545 0.8641705672246105 2.8797921804785731 -0.86554206440350667 3.8724508755023663 0.41024831766872005 2.2675599861145019 -0.26024591001721331 0.42572572373110673 0.32002391224187704 2.784211186495694 1.807678023429766 1.0740792864748385 -0.5170319940160204 1.6561300838788351 1.5051484959299972 0.13761147322542785 -0.52641889122691032 -0.10463566644438381 -0.25049516234757763 1.2990869749003442 -0.17192685739526264
leaf_weight=156 78.5 24 245 125.5 622.5 38 161 66 312 53 20 523.5 26 215.5 26 71 29 335 33 73 268.5 71.5 45 41 311.5 471.5 217.5 26.5 29 79
leaf_count=105 77 24 223 125 469 38 153 66 272 53 20 366 26 213 26 65 29 330 33 73 268 57 45 41 306 399 208 24 29 72
internal_value=3.84492e-10 1.26893 -0.381833 0.943606 -0.662578 2.67816 0.0398566 1.14992 -0.538879 0.281016 2.02125 -0.903306 3.13212 0.574403 2.93368 -0.10343 -0.307561 0.218703 3.17761 1.52715 0.973759 -0.823662 1.34265 1.75708 0.0234156 -0.616584 -0.230001 0.102845 0.903477 0.0749904
internal_weight=4794.5 1109 3685.5 901 2212.5 208 1473 578 1461.5 549 85 751 123 323 97 924 367.5 496 71 184 394 595 111 65 461.5 1094 462.5 55.5 107.5 390.5
internal_count=4235 1104 3131 896 1721 208 1410 577 1193 536 85 528 123 319 97 874 325 483 71 184 393 423 111 65 443 868 431 53 106 378
is_linear=0
shrinkage=0.03


Tree=8
num_leaves=31
num_cat=0
split_feature=0 0 0 0 0 8 8 0 1 0 1 8 2 3 12 1 8 2 4 6 1 0 12 1 18 2 0 7 7 1
split_gain=2.43e+06 548743 453308 85235.4 65013.5 56932.8 50132.9 34248.3 29746.4 22282.5 21838.7 20431.9 14640.9 13703.4 13026 13011.8 12656.2 12228.3 10858.1 10848.7 10304.2 10222.5 8978.99 8527.3 8449.54 8097.69 8091.42 7338.31 7244.67 6380.3
threshold=193.69059011164305 155.03869969040252 257.34256120527351 140.06401601830655 291.11250000000007 171.44333022388051 201.85263157894704 122.05476475876551 226.82571884903638 226.14748040313552 157.88953577652504 209.90919384057955 39.367718780857906 6814.5000000000009 51.500000000000007 152.62735497956689 132.90296924708403 43.05852493485316 0.90104166666666685 506.50000000000006 144.01181367454004 174.96852836879404 71.500000000000014 253.97665375112305 0.39500000000000007 26.097206204561804 214.65625000000003 3608.5000000000005 9994.0000000000018 184.33184280793932
decision_type=10 8 10 10 10 10 10 10 10 10 10 10 10 10 8 8 8 10 10 8 10 10 8 10 10 10 10 10 8 8
left_child=1 3 6 7 8 15 17 16 22 23 -5 21 27 -11 -6 -3 -1 26 -16 -10 -9 28 -4 -8 -17 -15 -2 -12 -7 -28
right_child=2 5 4 10 14 11 9 20 19 13 12 -13 -14 25 18 24 -18 -19 -20 -21 -22 -23 -24 -25 -26 -27 29 -29 -30 -31
leaf_value=-1.1187803774599758 0.67773686527026356 -0.26168458212076162 1.9632304159126113 -0.48232319239654436 3.6218384567896527 0.25522420111761557 0.99572606602185199 -0.73317574227888749 2.1938175079822542 1.2497579469257278 0.082427232342282525 0.74600055031360135 0.43467315156643205 1.5220414240423001 2.5225006301701067 0.6093755208059799 -0.72621072805218578 0.15693434927227168 3.3314454133169988 2.9720980517069497 -0.52837882434384209 0.40015800838231147 1.1138035559654236 1.4949388450756669 0.0041807776864258147 2.1545077424730574 0.53907670653384654 -0.3328597205623493 -0.065897195411450935 1.0929729447925269
leaf_weight=265 189.5 184.5 21 696 36 175 213 762 40 76 48.5 94.5 32.5 38 32 21.5 102.5 29 28 27 311.5 266.5 24 36 605.5 35 23 182 99 100.5
leaf_count=179 188 172 21 595 36 171 213 552 40 76 45 94 31 38 32 21 76 28 28 27 250 264 24 36 584 35 22 163 94 100
internal_value=-7.94087e-10 -0.335293 1.36045 -0.613473 2.59781 0.126258 1.01265 -0.759322 2.10677 1.24154 -0.39432 0.339023 -0.161429 1.53172 3.17069 -0.0402314 -1.00929 0.746271 2.90001 2.50745 -0.673749 0.267868 1.5102 1.0679 0.0249331 1.82528 0.800874 -0.245478 0.139199 0.989818
internal_weight=4794.5 3846.5 948 2400 208 1446.5 740 1441 112 398 959 635 263 149 96 811.5 367.5 342 60 67 1073.5 540.5 45 249 627 73 313 230.5 274 123.5
internal_count=4235 3291 944 1891 208 1400 736 1057 112 398 834 623 239 149 96 777 255 338 60 67 802 529 45 249 605 73 310 208 265 122
is_linear=0
shrinkage=0.03


Tree=9
num_leaves=31
num_cat=0
split_feature=0 0 0 0 1 1 8 4 0 0 5 1 0 12 1 4 3 0 3 8 3 3 6 5 6 2 4 17 0 2
split_gain=2.28694e+06 489045 449403 70738.8 61974 57102.5 56625.4 29151.2 21851.9 18952.4 18559.3 18288.2 17555.2 16194.5 15753.4 13646.1 12893.6 12164.1 11120.6 11049.1 9821.79 8647.36 8607.75 7995.57 8893.1 7587.53 7246.33 7188.99 6910.54 6581.54
threshold=191.73852996254703 153.16466249799603 257.34256120527351 130.21635150166853 247.43098546064655 170.41657180668923 201.85263157894704 0.44618055555555564 226.14748040313552 299.13949897048752 36.079966044142516 125.58128027293402 171.07187500000003 69.500000000000014 139.7003119194022 0.18576388888888892 6814.5000000000009 211.87199197861003 8062.5000000000009 209.90919384057955 10463.500000000002 6999.5000000000009 263.50000000000006 -17.538240586932002 445.50000000000006 39.871500889477254 0.26736111111111122 413.50000000000006 141.01590265987554 12.313799235081852
decision_type=10 8 10 10 10 10 10 10 10 10 10 8 10 10 8 8 10 10 8 10 8 10 8 10 8 10 10 8 10 10
left_child=1 3 6 11 9 15 17 14 22 27 13 -1 18 20 -5 -3 -10 26 -7 -14 -6 -9 -8 -18 -25 29 -2 -4 -16 -17
right_child=2 5 4 7 10 12 8 21 16 -11 -12 -13 19 -15 28 25 23 -19 -20 -21 -22 -23 -24 24 -26 -27 -28 -29 -30 -31
leaf_value=-1.0578725225906673 0.23289640989441138 -0.33635686386126679 2.0608334998786448 -0.65112242247096708 3.3229572155601099 0.32092643619215083 1.5181497396271804 0.59114020398603029 1.2122652362051765 2.7045313303470611 3.662142307574932 -0.74495396209974407 0.34460433917719385 2.1190064334869385 -0.54673898684695021 0.52689428895018819 2.2816220483779905 0.88778045330444977 -0.064781727316661375 0.77665442391520456 2.6155051248723811 -0.18637656842961031 0.97007512887947789 1.8801814072782344 1.0784778020689263 -0.30050641104368109 0.638300849462623 1.4070793505412778 -0.38178165336699588 -0.0077833614934190139
leaf_weight=254 52 156.5 24 529.5 38 118 29 26 76 20 26 497 345 26 378.5 21.5 20 157.5 156.5 63 33 25.5 233 33 20 79.5 167.5 41 577 571
leaf_count=171 51 144 24 398 38 116 29 26 76 20 26 357 340 26 304 21 20 155 149 63 33 23 233 33 20 69 167 41 510 552
internal_value=-1.26814e-09 -0.335506 1.27954 -0.612163 2.51988 0.083324 0.952139 -0.495529 1.1957 1.89695 2.95036 -0.850788 0.286518 2.75957 -0.519864 -0.084063 1.48577 0.686609 0.101024 0.411318 2.99414 0.206156 1.03074 1.77052 1.57765 -0.025307 0.54226 1.64847 -0.447126 0.0116184
internal_weight=4794.5 3798.5 996 2287.5 208 1511 788 1536.5 411 85 123 751 682.5 97 1485 828.5 149 377 274.5 408 71 51.5 262 73 53 672 219.5 65 955.5 592.5
internal_count=4235 3243 992 1789 208 1454 784 1261 411 85 123 528 668 97 1212 786 149 373 265 403 71 49 262 73 53 642 218 65 814 573
is_linear=0
shrinkage=0.03


Tree=10
num_leaves=31
num_cat=0
split_feature=0 0 0 0 1 0 4 1 4 0 1 4 1 0 10 0 2 15 9 11 12 16 0 1 1 19 6 3 1 18
split_gain=2.15322e+06 476282 396471 66209.8 62074.3 58502.3 47718.5 31007.5 26548.1 25788.2 25610.4 23548.7 22782.8 14375 13036.4 12612.8 11898.4 11289.2 11005.8 9635.71 9090.46 8629.85 8460.36 7330.18 6963.69 6709.26 6486.25 5829.95 5824.53 5719.6
threshold=186.15604116546402 257.34256120527351 151.57690794649852 212.76845878136254 137.82381055619052 299.13949897048752 0.35243055555555564 262.38887986536093 0.79340277777777801 122.05476475876551 190.33679888975999 0.42361111111111122 218.52707291152919 141.01590265987554 -4.6940556396464492 168.51635338345903 27.193358456369754 10408.500000000002 1.0000000180025095e-35 43.069890884033505 73.500000000000014 105.50000000000001 165.68526785714303 152.92511218049773 253.97665375112305 0.085000000000000034 377.50000000000006 9684.0000000000018 189.10942782285343 0.38500000000000006
decision_type=10 10 8 10 8 10 10 10 10 10 10 10 8 10 8 8 10 10 10 8 8 10 10 10 8 10 8 8 8 10
left_child=2 3 4 10 9 7 15 20 17 -1 29 13 19 -6 -7 23 26 28 -9 22 -3 -12 25 -4 -22 -8 -10 -18 -5 -2
right_child=1 5 6 8 11 14 12 18 16 -11 21 -13 -14 -15 -16 -17 27 -19 -20 -21 24 -23 -24 -25 -26 -27 -28 -29 -30 -31
leaf_value=-1.0281466535744828 0.64660342045783992 2.0392657108460703 -0.30968884713712491 0.55363145679235459 -0.59181701682074483 3.7025012631849807 0.25671335437654574 3.0214135530259871 1.6489627681838142 -0.68648638550516772 0.77324322739020124 0.10388418893344821 0.8213430238922812 -0.38276206093128412 2.844831900308872 0.042651788120601261 1.6149335105522817 1.377821042706481 2.1648389954037137 -0.26040687436281246 1.7213416273697562 1.3665538054704665 0.28448253410895374 -0.08688272882297815 0.95592793393135067 -0.12947847160426051 1.0374222400381758 2.3152737522125242 0.97033955379792636 0.31111325101462628
leaf_weight=281.5 62.5 31 285 36 644.5 22 68.5 27 27 677 273.5 62 53 547.5 58 280.5 23 56.5 27 43 23 24 379 249 20 99 37 20 187 170.5
leaf_count=191 62 31 261 35 499 22 67 27 27 491 273 59 53 481 58 269 23 56 27 38 23 24 374 239 20 93 37 20 186 169
internal_value=-1.40377e-09 1.14821 -0.352019 0.854224 -0.605072 2.44428 0.0322497 2.04653 1.15288 -0.786828 0.636639 -0.466146 0.225555 -0.495796 3.08069 -0.120235 1.55472 0.999038 2.59313 0.17199 1.64766 0.821107 0.206012 -0.205796 1.36534 0.0284567 1.29542 1.94067 0.903068 0.401105
internal_weight=4794.5 1125 3669.5 917 2212.5 208 1457 128 386.5 958.5 530.5 1254 642.5 1192 80 814.5 107 279.5 54 589.5 74 297.5 546.5 534 43 167.5 64 43 223 233
internal_count=4235 1120 3115 912 1721 208 1394 128 384 682 528 1039 625 980 80 769 107 277 54 572 74 297 534 500 43 160 64 43 221 231
is_linear=0
shrinkage=0.03


Tree=11
num_leaves=31
num_cat=0
split_feature=0 0 0 1 1 8 1 0 1 0 8 0 0 0 2 8 19 3 1 9 0 2 18 7 7 13 11 2 13 0
split_gain=2.02706e+06 457551 376991 71663.8 55520.8 48461 43551.8 29814.7 25530.4 25235 17115.2 16903.1 16583 14744.8 12543.5 12471.7 11044.8 12099.9 10950.8 10188.4 8596.62 8498.48 7499.16 6987.88 6576.68 6556.2 8232.34 9459.05 9191.14 6726.4
threshold=193.69059011164305 155.03869969040252 257.34256120527351 139.7003119194022 247.43098546064655 171.44333022388051 185.14643592628522 122.05476475876551 178.49254315305143 223.08000000000001 209.90919384057955 299.13949897048752 299.13949897048752 141.01590265987554 39.367718780857906 333.52643948296105 -0.22999999999999993 6667.5000000000009 152.62735497956689 1.0000000180025095e-35 174.96852836879404 18.073508690110003 0.39500000000000007 4915.0000000000009 9994.0000000000018 303.50000000000006 35.638410792969658 35.686198003844204 209.50000000000003 210.99668560606102
decision_type=10 8 10 10 10 10 10 10 10 10 10 10 10 10 10 10 10 8 8 10 10 10 10 10 8 10 10 10 10 10
left_child=1 3 6 7 12 18 21 -1 13 25 20 19 -4 -5 23 -13 -11 -18 -3 -6 24 -2 -20 -10 -7 26 27 28 29 -8
right_child=2 5 4 8 11 10 9 -9 14 16 -12 15 -14 -15 -16 -17 17 -19 22 -21 -22 -23 -24 -25 -26 -27 -28 -29 -30 -31
leaf_value=-0.9774569648773439 1.0711543364882468 -0.24153886423362947 1.5489150134600125 -0.553917402623194 2.8228091618322559 0.23894995750870024 0.82068692358324724 -0.63587997693004028 0.33719387623396785 0.79955064790002228 0.68400476159793988 3.491924657821655 2.5367639453932642 -0.33438062113880362 0.72901870165552418 2.6090438437461851 1.0936618814468384 1.62679692488234 0.57199557315471561 2.0596952453255652 0.36771178848021024 0.48076798523701003 0.0018508868028958112 -0.30743007748166923 -0.067009030725016738 1.360311359282997 0.53034215252740036 1.3377432804107665 0.52884402617812154 1.2199542796034968
leaf_weight=310 25 184.5 65 512.5 31 175 98 891 22 29 94.5 36 20 595 21 24 60 106 21.5 32 266.5 179.5 605.5 48.5 99 27 52.5 45 56 62
leaf_count=211 25 172 65 401 31 171 98 663 22 29 94 36 20 531 21 24 60 106 21 32 264 176 584 42 94 27 52 45 56 62
internal_value=-2.20543e-09 -0.306235 1.24254 -0.560251 2.37095 0.115223 0.92537 -0.724047 -0.396182 1.06759 0.311521 2.7784 1.78135 -0.435972 0.085435 3.13877 1.33973 1.4341 -0.0383799 2.4352 0.246397 0.552942 0.0214013 -0.106271 0.128403 0.911746 0.873114 0.942062 0.859628 0.975403
internal_weight=4794.5 3846.5 948 2400 208 1446.5 740 1201 1199 535.5 635 123 85 1107.5 91.5 60 195 166 811.5 63 540.5 204.5 627 70.5 274 340.5 313.5 261 216 160
internal_count=4235 3291 944 1891 208 1400 736 874 1017 535 623 123 85 932 85 60 195 166 777 63 529 201 605 64 265 340 313 261 216 160
is_linear=0
shrinkage=0.03


Tree=12
num_leaves=31
num_cat=0
split_feature=0 0 0 4 1 1 0 0 1 0 4 12 0 18 4 5 4 8 7 10 0 1 2 3 0 4 2 17 4 2
split_gain=1.90782e+06 415717 358318 60093.7 57704.6 52239.5 47176.7 31761.6 20020 19298.3 18102.5 16689.2 15700.2 15229.4 14239.7 15962.2 12204.3 10025.6 9295.94 8586.31 7365.37 7006.7 6589.27 6556.98 6356.98 6182.79 6789.04 6058.04 5887.82 11733.9
threshold=186.69193353994504 257.34256120527351 148.67207792207802 0.34809027777777796 190.33679888975999 247.43098546064655 126.20953947368402 223.08000000000001 152.92511218049773 157.241935483871 0.56423611111111127 64.500000000000014 291.11250000000007 0.33500000000000008 0.90104166666666685 18.203367831270011 0.057291666666666671 193.35937500000003 11670.000000000002 -0.46821519732799993 200.02416953035552 213.90954831269366 35.686198003844204 10196.500000000002 140.06401601830655 0.17708333333333337 11.853569291887402 413.50000000000006 0.81423611111111127 25.745980014601802
decision_type=10 10 8 10 10 10 10 10 10 8 10 10 10 10 10 10 8 10 8 8 10 10 10 10 10 8 10 8 10 10
left_child=2 4 6 9 13 12 16 20 24 -4 19 14 27 23 -7 -16 -1 -12 21 22 -6 -9 -5 -2 -8 -11 -27 -3 -22 -30
right_child=1 5 3 10 7 11 8 18 -10 25 17 -13 -14 -15 15 -17 -18 -19 -20 -21 28 -23 -24 -25 -26 26 -28 -29 29 -31
leaf_value=-0.98842534699125906 0.63995491707400909 1.8609055560285395 -0.31334405598518955 0.062008959620779 0.6670449522545463 2.3968458073139187 -0.6182084183084835 0.74303727137631381 -0.30636166324524028 -0.28255717659438101 0.19191273111882418 2.1622878098487854 2.3595499746322632 0.34520628605461451 2.8292921781539917 3.8863410272598267 -0.70127488070820665 0.69381126684891548 1.5797011808826498 0.24635494623550031 0.86650266986221292 1.2855795709970519 -0.41233986853063104 1.1678451293090295 -0.47083205178823717 0.50943137359619139 -0.024142907728591272 1.2353589822744067 0.70402001517159596 1.6495405415693918
leaf_weight=250.5 78.5 22 392.5 217 142.5 30 760.5 29 343 81 57.5 37 25 215.5 36 20 284.5 95 73 283.5 203.5 82 30 29 403 22.5 465 38 21 27
leaf_count=169 77 22 354 208 142 30 561 29 298 75 57 37 25 213 36 20 205 94 73 280 203 82 26 29 335 22 447 38 21 27
internal_value=-1.83629e-09 1.09094 -0.328274 0.0013598 0.811863 2.29983 -0.593724 0.991337 -0.507783 -0.151549 0.216507 2.69505 1.72791 0.490699 2.92426 3.20681 -0.835726 0.504571 1.31676 0.133699 0.839363 1.14383 0.00439574 0.782363 -0.567162 -0.0398441 0.000483598 1.46473 0.936999 1.23588
internal_weight=4794.5 1109 3685.5 1644 901 208 2041.5 578 1506.5 961 683 123 85 323 86 56 535 152.5 184 530.5 394 111 247 107.5 1163.5 568.5 487.5 60 251.5 48
internal_count=4235 1104 3131 1563 896 208 1568 577 1194 898 665 123 85 319 86 56 374 151 184 514 393 111 234 106 896 544 469 60 251 48
is_linear=0
shrinkage=0.03


Tree=13
num_leaves=31
num_cat=0
split_feature=0 0 0 1 0 8 4 0 1 1 1 8 8 0 12 2 0 7 13 11 4 6 6 6 15 18 0 2 11 9
split_gain=1.79579e+06 405105 333492 64224.2 49644.2 43442.1 39097.1 26573.3 23362.4 23138.3 21009.1 15161.4 14672.2 13320.2 11834.6 11485 10899.9 10267.1 11440.3 10486.1 9960.35 9754.76 9715.72 9654.31 10731.9 9205.03 7792.32 7783.07 7000.4 6598.32
threshold=193.69059011164305 155.03869969040252 257.34256120527351 139.7003119194022 291.11250000000007 171.44333022388051 0.77604166666666685 122.05476475876551 218.52707291152919 178.93091286225336 185.14643592628522 209.90919384057955 293.23821271929859 141.01590265987554 50.500000000000007 39.367718780857906 346.70101351351354 8245.5000000000018 180.50000000000003 20.073743119507004 0.21267361111111119 506.50000000000006 124.00000000000001 396.50000000000006 12845.666666666666 0.41500000000000004 174.96852836879404 43.05852493485316 35.15785101885016 3323.0000000000005
decision_type=10 8 10 10 10 10 10 10 10 10 10 10 8 10 8 10 10 8 10 10 8 8 10 10 8 10 10 10 10 8
left_child=1 3 6 7 8 20 10 -1 -4 13 27 26 17 -5 -6 -11 22 18 -8 -19 -3 -10 -16 24 -21 -12 -7 -2 -27 -22
right_child=2 5 4 9 14 11 12 -9 21 15 25 -13 -14 -15 16 -17 -18 19 -20 23 29 -23 -24 -25 -26 28 -28 -29 -30 -31
leaf_value=-0.92155115990869463 0.57236215631342424 -0.23718023197773175 1.2204289985597132 -0.52116592922907223 3.1812372636795043 0.12055390168049365 1.2602068643312196 -0.59907625948414456 1.829567740995969 -0.095716974417368567 0.98927648075317087 0.64476621635376452 2.0057224818638395 -0.31277511510118167 1.7752344846725463 0.70761673297200878 3.0612046594619753 0.83933962956718766 0.49790059463066216 2.3558853321075435 0.1036708109728668 2.5378568925857543 2.6888367075920105 1.0701506350721632 1.3730988864898681 0.82040845915675165 0.34839312827609492 -0.0032494331896305083 0.31421746030659742 -0.091020108221468637
leaf_weight=310 177.5 175.5 40 513.5 34 274 37 891 42 67.5 247 94.5 21 597 22 21 20 23 34 20 356.5 30 20 21 20 80 266.5 24 35.5 279.5
leaf_count=211 175 165 40 402 34 265 37 663 42 61 247 94 21 533 22 21 20 23 34 20 348 30 20 21 20 80 264 23 35 264
internal_value=-1.5016e-09 -0.288237 1.16952 -0.527252 2.23083 0.108332 0.871201 -0.682313 1.80174 -0.371932 0.749388 0.294187 1.26156 -0.409136 2.73144 0.0949046 2.48477 1.16074 0.895159 1.38521 -0.0370999 2.12469 2.21028 1.59103 1.86449 0.8859 0.232893 0.503803 0.664826 0.0181109
internal_weight=4794.5 3846.5 948 2400 208 1446.5 740 1201 112 1199 564 635 176 1110.5 96 88.5 62 155 71 84 811.5 72 42 61 40 362.5 540.5 201.5 115.5 636
internal_count=4235 3291 944 1891 208 1400 736 874 112 1017 560 623 176 935 96 82 62 155 71 84 777 72 42 61 40 362 529 198 115 612
is_linear=0
shrinkage=0.03


Tree=14
num_leaves=31
num_cat=0
split_feature=0 0 0 4 0 1 1 4 1 4 0 1 12 0 4 5 0 2 8 15 16 10 0 2 17 4 3 4 0 19
split_gain=1.69085e+06 372640 312280 53313.9 53312.3 47076.6 42964.3 21631.5 20244.1 17284.3 16419.5 15880.9 15423.7 13877.2 13242.6 14811 12441.6 12437.7 9679.71 9639.43 8028.69 7828.56 7388.29 6117.91 6075.86 5751.48 5746.58 5679.21 5794.27 5394.45
threshold=186.15604116546402 257.34256120527351 148.67207792207802 0.34809027777777796 212.76845878136254 247.43098546064655 129.46586893849789 0.82725694444444453 190.33679888975999 0.56423611111111127 156.53969764837601 152.92511218049773 64.500000000000014 299.13949897048752 0.90104166666666685 18.203367831270011 118.39775219298251 25.745980014601802 192.76806294326255 10408.500000000002 105.50000000000001 -0.46821519732799993 140.06401601830655 35.686198003844204 413.50000000000006 0.42361111111111122 8628.5000000000018 0.20833333333333337 174.18284693269803 0.14000000000000007
decision_type=10 10 8 10 10 10 8 10 10 10 8 10 10 10 10 10 10 10 10 10 10 8 10 10 8 10 8 8 8 10
left_child=2 4 6 10 8 13 16 19 -2 21 29 22 14 24 -7 -16 -1 -9 -11 -6 -10 23 -8 -5 -3 -13 -19 -12 -29 -4
right_child=1 5 3 9 7 12 11 17 20 18 27 25 -14 -15 15 -17 -18 26 -20 -21 -22 -23 -24 -25 -26 -27 -28 28 -30 -31
leaf_value=-0.99746774501747693 0.35279544956310621 1.7874586904048919 -0.33819321646050537 0.054236094379147816 0.81884676037909587 2.2508267960548398 -0.5872817182220561 1.1032120976499888 0.68004408918607162 0.16107432491438728 -0.20985536546125344 -0.35548116296087212 2.026926939841863 2.3120296626090999 2.6682685534159338 3.6864877767562865 -0.68784778314774853 1.4751908820016044 0.66771543727256355 1.2427518433972824 1.2523165267705918 0.23093399935759401 -0.42433002273052967 -0.40309002661705018 1.1864452866083237 -0.0025741472746196544 2.1857385109663006 -0.065127623040067625 0.17172326574803171 0.078495957167422178
leaf_weight=180.5 233 24 336 215 239 30 781.5 46 273.5 52.5 146.5 332.5 37 20 36 20 331 21 96 60.5 24 277.5 368.5 30 41 47.5 20 311.5 132.5 30.5
leaf_count=121 231 24 298 206 237 30 580 46 273 52 138 281 37 20 36 20 232 21 95 60 24 274 309 26 41 45 20 298 130 30
internal_value=-5.58299e-10 1.01749 -0.311943 -0.00203145 0.75745 2.16391 -0.559082 1.02544 0.562204 0.202995 -0.145785 -0.479507 2.53909 1.62099 2.75944 3.03192 -0.797108 1.44186 0.4886 0.904477 0.726211 0.121822 -0.535066 -0.00176302 1.40836 -0.311368 1.8218 -0.0478878 0.00555423 -0.303516
internal_weight=4794.5 1125 3669.5 1628 917 208 2041.5 386.5 530.5 671 957 1530 123 85 86 56 511.5 87 148.5 299.5 297.5 522.5 1150 245 65 380 41 590.5 444 366.5
internal_count=4235 1120 3115 1547 912 208 1568 384 528 653 894 1215 123 85 86 56 353 87 147 297 297 506 889 232 65 326 41 566 428 328
is_linear=0
shrinkage=0.03


Tree=15
num_leaves=31
num_cat=0
split_feature=0 0 0 1 1 0 4 1 1 1 8 8 0 0 12 0 0 0 10 7 13 11 1 6 6 15 18 2 2 11
split_gain=1.59185e+06 358507 294820 50299 47764.7 44653.8 34967.2 22530.3 21159.3 19009.1 16959.4 13497.3 12827 11684.8 10851.3 10337.3 10222.8 10167.4 9736.26 9464.16 10665.1 9743.38 9228.74 9038.16 8973.15 10113.7 8469.18 7332.18 6676.2 6640.52
threshold=193.69059011164305 151.57690794649852 257.34256120527351 170.41657180668923 129.46586893849789 291.11250000000007 0.77604166666666685 157.88953577652504 270.41253296640321 185.14643592628522 216.89062500000003 293.23821271929859 166.46557878633402 118.39775219298251 50.500000000000007 160.77599039615851 140.06401601830655 346.70101351351354 8.3861932762882017 8245.5000000000018 180.50000000000003 20.073743119507004 190.33679888975999 124.00000000000001 396.50000000000006 12845.666666666666 0.41500000000000004 43.05852493485316 34.885871185368558 35.15785101885016
decision_type=10 8 10 10 8 10 10 10 10 10 10 8 10 10 8 8 10 10 8 8 10 10 10 10 10 8 10 10 10 10
left_child=1 4 6 15 13 8 9 16 18 27 12 19 -5 -1 -7 -3 -6 23 -4 20 -8 -21 -9 -16 25 -23 -11 -2 -17 -28
right_child=2 3 5 10 7 14 11 22 -10 26 -12 -13 -14 -15 17 28 -18 -19 -20 21 -22 24 -24 -25 -26 -27 29 -29 -30 -31
leaf_value=-0.9675437285563292 0.53835952721850966 -0.20428221749028205 1.6993470087258711 -0.0051263945609490505 -0.56147107250859563 3.0044753357943366 1.1905628207889762 -0.27302603451861479 2.316589319565717 0.93442862200350896 0.69940535452054897 1.9035286930629185 0.28872517609682835 -0.66827720507488786 1.6528628260439091 0.056417788666765695 -0.39408747763652352 2.8942970294952395 1.0179336293041705 0.78241670173147448 0.4545395034902236 2.2476678850650784 0.24016911995243018 2.5340325858592987 1.0048295961107527 1.2936042766571045 0.77474723486602304 -0.020329929143190383 -0.20231989027638184 0.28173907776953466
leaf_weight=180.5 177.5 373 46 187 838 34 37 282.5 34 247 69 21 469 336 22 422 540 20 32 23 34 20 35.5 20 21 20 80 24 114 35.5
leaf_count=121 175 345 46 178 625 34 37 244 34 247 69 21 463 236 22 411 461 20 32 23 34 20 34 20 21 20 80 23 104 35
internal_value=-9.20902e-10 -0.271376 1.10111 0.065642 -0.520274 2.09899 0.820619 -0.443351 1.69203 0.705419 0.252017 1.18978 0.20496 -0.772861 2.57377 -0.0830071 -0.495878 2.33757 1.41979 1.09308 0.838101 1.3086 -0.215735 2.07247 1.507 1.77064 0.83527 0.471816 0.00138776 0.623217
internal_weight=4794.5 3846.5 948 1634 2212.5 208 740 1696 112 564 725 176 656 516.5 96 909 1378 62 78 155 71 84 318 42 61 40 362.5 201.5 536 115.5
internal_count=4235 3291 944 1570 1721 208 736 1364 112 560 710 176 641 357 96 860 1086 62 78 155 71 84 278 42 61 40 362 198 515 115
is_linear=0
shrinkage=0.03


Tree=16
num_leaves=31
num_cat=0
split_feature=0 0 0 0 4 0 0 4 5 1 4 0 2 1 1 10 3 4 8 10 12 10 12 6 0 13 2 11 0 15
split_gain=1.49852e+06 329579 276562 48027.2 47500.5 42194.2 38442.1 25224 24031.3 15981 15649.5 14595.3 13792.1 13236.1 12454.8 11217 10553.3 9835.72 8883.19 8479.87 8221.55 7311 6206.17 5785 9770.83 7508.11 5731.25 5639.1 6957.81 5515.1
threshold=186.15604116546402 257.34256120527351 148.67207792207802 205.30921052631604 0.34809027777777796 299.13949897048752 126.20953947368402 0.81423611111111127 -9.3462554308969938 152.92511218049773 0.56423611111111127 156.25304878048803 25.745980014601802 185.14643592628522 191.13417363701572 -4.6940556396464492 7568.5000000000009 0.057291666666666671 192.76806294326255 -1.6986300752380996 73.500000000000014 -0.46821519732799993 70.500000000000014 542.50000000000011 235.12023026315805 239.50000000000003 35.686198003844204 23.597814525254055 213.91851503759401 18955.500000000004
decision_type=10 10 8 10 10 10 10 10 8 10 10 8 10 10 10 8 8 8 10 8 10 8 8 8 10 8 10 10 10 8
left_child=2 3 6 14 11 8 17 13 -3 -8 21 -4 -9 20 -2 -7 -14 -1 -12 -10 27 26 -21 24 25 -15 -6 28 -5 -11
right_child=1 5 4 7 10 15 9 12 19 29 18 -13 16 23 -16 -17 -18 -19 -20 22 -22 -23 -24 -25 -26 -27 -28 -29 -30 -31
leaf_value=-0.88177896298334268 0.29075485854790523 2.3553457029660545 -0.28993026111923742 0.43450535241947619 0.049041878485055854 3.1532835947383533 -0.50171612184769687 0.97638217006074757 1.7844284188119988 -0.3027966181324927 0.14951136240788868 -0.047536681015788271 1.1521399491766224 0.64954886250062427 0.62527191893703793 2.3577119648867639 1.9946165929734707 -0.62399482598204181 0.63485972453840067 1.618809669971466 0.17294971267898362 0.21971476433406004 0.95280792093452282 0.76380041219722261 1.4677456486225129 1.1408829156975997 -0.39359667041897772 0.34132179591390821 1.1114430210590363 0.15577072971007402
leaf_weight=250.5 189.5 36 356 21.5 215 22 1163.5 57 38 317.5 52.5 601 23 55 212.5 58 32 284.5 96 20 38.5 277.5 34 130.5 36 57 30 27 37.5 25.5
leaf_count=169 188 36 318 21 206 22 896 57 38 273 52 576 23 55 212 58 32 205 95 20 38 274 34 130 36 57 26 26 37 25
internal_value=-2.96748e-10 0.957872 -0.293666 0.71332 -0.0020159 2.03602 -0.526243 0.905138 1.69822 -0.448664 0.191509 -0.137706 1.3034 0.794455 0.467583 2.57649 1.64231 -0.744696 0.463272 1.44109 0.537311 0.114272 1.19948 0.909409 1.0378 0.899603 -0.00515876 0.700426 0.864762 -0.268705
internal_weight=4794.5 1125 3669.5 917 1628 208 2041.5 515 128 1506.5 671 957 112 403 402 80 55 535 148.5 92 124.5 522.5 54 278.5 148 112 245 86 59 343
internal_count=4235 1120 3115 912 1547 208 1568 512 128 1194 653 894 112 400 400 80 55 374 147 92 122 506 54 278 148 112 232 84 58 298
is_linear=0
shrinkage=0.03


Tree=17
num_leaves=31
num_cat=0
split_feature=0 0 0 0 1 1 8 1 12 0 1 12 4 5 8 0 3 2 2 2 0 11 9 3 16 12 1 18 9 16
split_gain=1.41061e+06 300966 274864 43175 41341.8 40272.9 37402.9 17480 14208.3 14101.5 12654.3 12218 11951.9 13583.6 11573.5 10604.5 10169.8 9760.54 14475 9583.04 9549.35 8797.3 8259.46 8252.96 7643.83 7483.88 7128.22 6576.82 6112.3 7643.67
threshold=191.73852996254703 151.57690794649852 257.34256120527351 130.21635150166853 173.30766841805175 247.43098546064655 201.85263157894704 157.88953577652504 64.500000000000014 226.14748040313552 119.65954325802046 83.500000000000014 0.90104166666666685 18.203367831270011 216.89062500000003 168.1107480029045 6749.5000000000009 38.261139461442703 36.087221337871505 40.535006039930906 174.96852836879404 46.958612221304712 -4092.4999999999995 9744.0000000000018 73.500000000000014 55.500000000000007 152.92511218049773 0.33500000000000008 4048.5000000000005 -313.49999999999994
decision_type=10 8 10 10 10 10 10 10 10 10 8 8 10 10 10 8 8 10 8 10 10 8 10 8 10 10 10 10 8 10
left_child=1 3 6 10 15 11 17 -5 12 24 -1 21 -7 -14 20 26 -11 18 27 -9 23 -4 -19 -6 25 -8 -3 -2 29 -18
right_child=2 4 5 7 14 8 9 19 -10 16 -12 -13 13 -15 -16 -17 28 22 -20 -21 -22 -23 -24 -25 -26 -27 -28 -29 -30 -31
leaf_value=-0.91496377005026885 0.70389268599199439 -0.26038854684147572 1.3634671231678555 -0.44465122126778156 0.2199719100050096 2.0502519021034242 0.87289984307654445 -0.23411916604886451 1.8303831340815571 0.85110180007086855 -0.61140716994597633 1.0912877283096314 2.4440473969777421 3.4191631307601926 0.64091977494247887 0.051833909594591158 2.0357011041641235 -0.26071592879036198 1.3823898407220838 0.39324762888252734 0.33166881544346161 2.2042560268938538 0.45275020658969878 -0.095243563377994223 1.2487288762629032 0.50785013691186909 -0.0501566738640302 0.41890592202265686 1.0719830481159061 1.3077638960529019
leaf_weight=156 133.5 283 21 1185.5 175 30 155 252 37 54 595 40 36 20 59 376.5 20 23 20 24 264 24 40 130.5 32 75 298 160.5 38 37
leaf_count=105 132 259 21 949 172 30 155 221 37 54 423 40 36 20 59 363 20 22 20 23 261 24 39 123 32 75 285 160 38 37
internal_value=1.2815e-09 -0.263498 1.00492 -0.489589 0.0519038 1.97494 0.748869 -0.394591 2.32196 0.946822 -0.674463 1.47278 2.53345 2.7923 0.240956 -0.0721892 1.17984 0.533065 0.601439 -0.179566 0.19952 1.81189 0.192278 0.0853218 0.814304 0.753862 -0.152559 0.548313 1.3667 1.56318
internal_weight=4794.5 3798.5 996 2212.5 1586 208 788 1461.5 123 411 751 85 86 56 628.5 957.5 149 377 314 276 569.5 45 63 305.5 262 230 581 294 95 57
internal_count=4235 3243 992 1721 1522 208 784 1193 123 411 528 85 86 56 615 907 149 373 312 244 556 45 61 295 262 230 544 292 95 57
is_linear=0
shrinkage=0.03


Tree=18
num_leaves=31
num_cat=0
split_feature=0 0 0 1 1 0 8 5 4 0 0 4 10 0 3 2 2 4 0 10 9 16 14 0 0 18 15 9 0 3
split_gain=1.32724e+06 283179 258619 41282.5 38943.2 38301.9 35192.4 21895 19237.8 14239.6 13268.1 11919.6 10320.9 9883.54 9568.8 9183.7 13619.5 8969.91 8921.1 7994.3 7771.32 7246.96 6920.06 6510.41 6261.95 6188.13 5869.81 5751.06 7697.32 5612.94
threshold=191.73852996254703 151.57690794649852 257.34256120527351 129.46586893849789 170.41657180668923 299.13949897048752 201.85263157894704 -9.3462554308969938 0.42361111111111122 141.01590265987554 226.14748040313552 0.5746527777777779 -4.6940556396464492 118.39775219298251 6749.5000000000009 38.261139461442703 36.087221337871505 0.18576388888888892 166.46557878633402 8.3861932762882017 -4092.4999999999995 32.500000000000007 60.500000000000007 209.88904840032805 168.51635338345903 0.33500000000000008 8142.3333333333348 4048.5000000000005 244.23669024571851 10680.000000000002
decision_type=10 8 10 8 10 10 10 8 10 10 10 10 8 10 8 10 8 8 10 8 10 10 10 10 8 10 8 8 10 8
left_child=1 3 6 13 17 7 15 -4 9 -5 21 18 -7 -1 -12 16 25 -3 29 -9 -17 22 23 26 -19 -2 -8 28 -16 -6
right_child=2 4 5 8 11 12 10 19 -10 -11 14 -13 -14 -15 27 20 -18 24 -20 -21 -22 -23 -24 -25 -26 -27 -28 -29 -30 -31
leaf_value=-0.88877388641114374 0.68277589977457276 -0.26872027714390401 2.2210872666041057 -0.49308721972213554 0.10841173914031706 2.9839054434949701 0.86731207133607657 1.5726300836460931 0.11531128279263934 -0.31105292679417462 0.82556875074696201 0.43331911839417048 2.2207721479185696 -0.61353840927127745 1.2599737782413896 -0.25289444843550091 1.3409181473851204 -0.10887348943894229 0.23448257569796971 0.99962271988391871 0.43916769468784334 1.1410712588375265 0.51549853543217261 1.0989144308002372 0.071060765894237626 0.40633874328336977 0.29835351734161375 1.039823555758125 1.9904608701467512 -0.2432234450644917
leaf_weight=180.5 133.5 181.5 36 1005.5 103.5 22 47 56 62 628.5 54 175 58 336 37 23 20 410 346 36 40 44 89 57 302.5 160.5 25 38 20 67.5
leaf_count=121 132 167 36 760 101 22 47 56 59 545 54 174 58 236 37 22 20 385 340 36 39 44 89 57 293 160 25 38 20 62
internal_value=-1.47172e-10 -0.255593 0.974768 -0.474901 0.0503467 1.91569 0.726403 1.59385 -0.403388 -0.42307 0.918417 0.219313 2.43063 -0.709724 1.14444 0.517073 0.583396 -0.0804418 0.146874 1.34841 0.18651 0.789875 0.718991 0.859385 -0.0324803 0.531864 0.669757 1.3257 1.51629 -0.0303916
internal_weight=4794.5 3798.5 996 2212.5 1586 208 788 128 1696 1634 411 692 80 516.5 149 377 314 894 517 92 63 262 218 129 712.5 294 72 95 57 171
internal_count=4235 3243 992 1721 1522 208 784 128 1364 1305 411 677 80 357 149 373 312 845 503 92 61 262 218 129 678 292 72 95 57 163
is_linear=0
shrinkage=0.03


Tree=19
num_leaves=31
num_cat=0
split_feature=0 0 0 4 0 0 1 1 4 1 0 4 2 1 12 0 0 10 15 8 6 16 10 19 11 0 12 3 4 0
split_gain=1.24963e+06 274255 231207 44681 40810.3 36225.3 29598.5 17629.1 16699.2 15343.3 14466.7 13804.2 10864.9 10617.8 9715.17 9100.92 9083.21 8302.44 8285.93 8198.13 8091.06 7022.8 6697.47 6087.19 5375.15 5099.31 4967.13 4941.88 4781.53 5121.09
threshold=186.15604116546402 257.34256120527351 147.12132352941202 0.34809027777777796 212.76845878136254 291.11250000000007 129.46586893849789 270.41253296640321 0.82725694444444453 190.33679888975999 156.25304878048803 0.56423611111111127 25.745980014601802 152.92511218049773 50.500000000000007 118.39775219298251 346.70101351351354 8.3861932762882017 12016.166666666666 192.76806294326255 124.00000000000001 105.50000000000001 -0.46821519732799993 -0.074999999999999997 43.069890884033505 130.21635150166853 84.500000000000014 8628.5000000000018 0.20833333333333337 174.18284693269803
decision_type=10 10 8 10 10 10 8 10 10 10 8 10 10 10 8 10 10 8 10 10 10 10 8 10 10 10 8 8 8 8
left_child=2 4 6 10 9 7 15 17 18 -2 -4 22 -10 25 -7 -1 20 26 -6 -13 -16 -11 24 -20 -5 -8 -3 -14 -12 -30
right_child=1 5 3 11 8 14 13 -9 12 21 28 19 27 -15 16 -17 -18 -19 23 -21 -22 -23 -24 -25 -26 -27 -28 -29 29 -31
leaf_value=-0.86211066277403581 0.29850048626185488 1.8414710467202322 -0.2668888129271933 0.046178875355097945 0.7087610429278518 2.6933872991449688 -0.566230114746756 2.0617583992901971 0.9354693224216285 0.58041118630829525 -0.1887629903602128 0.12587515841211591 1.2856630052839007 -0.27499804041680503 1.4147772120684385 -0.59680194244857965 2.5885667138099668 0.87209130092058329 1.4499377725674556 0.59213339271023868 2.2485009001493452 1.1156351259350776 0.20033837406073138 0.79090698611979582 -0.3410740570167668 -0.42588408411004613 1.2156169784545898 1.9445862697362897 -0.059347485139354922 0.16274285425105184
leaf_weight=180.5 233 21 457.5 213.5 249 34 337.5 34 46 273.5 151.5 52.5 21 329.5 22 327.5 20 32 26 96 20 24 283.5 24.5 38 752.5 25 20 317 132.5
leaf_count=121 231 21 408 205 247 34 241 34 46 273 143 52 21 280 22 229 20 32 26 95 20 24 280 24 33 595 25 20 303 130
internal_value=7.13996e-10 0.874718 -0.268172 -0.0176816 0.651633 1.85822 -0.494556 1.49168 0.886104 0.480807 -0.139772 0.171394 1.25198 -0.424228 2.28585 -0.69107 2.06236 1.24318 0.779823 0.427295 1.81179 0.623589 0.100363 1.13021 -0.0123325 -0.46934 1.50133 1.60709 -0.0430072 0.00611852
internal_weight=4794.5 1125 3669.5 1742 917 208 1927.5 112 386.5 530.5 1058.5 683.5 87 1419.5 96 508 62 78 299.5 148.5 42 297.5 535 50.5 251.5 1090 46 41 601 449.5
internal_count=4235 1120 3115 1649 912 208 1466 112 384 528 984 665 87 1116 96 350 62 78 297 147 42 297 518 50 238 836 46 41 576 433
is_linear=0
shrinkage=0.03


Tree=20
num_leaves=31
num_cat=0
split_feature=0 0 0 1 1 8 4 0 1 1 12 8 4 5 12 8 6 11 2 0 11 1 18 18 7 15 2 0 2 7
split_gain=1.17622e+06 264867 216927 45205 34315.9 30081 27203.6 18022.4 16712.3 15384.9 13203.6 11686.5 10827.3 12498.8 10764.8 10087.4 10082.3 14600.5 9994.73 9362.85 8403.41 7463.08 7396.27 7064.17 7044.84 6917.65 7195.22 6347.48 6189.89 6141.35
threshold=193.69059011164305 155.03869969040252 257.34256120527351 139.7003119194022 247.43098546064655 171.44333022388051 0.78298611111111127 122.05476475876551 178.93091286225336 185.14643592628522 64.500000000000014 293.23821271929859 0.90104166666666685 18.203367831270011 83.500000000000014 211.87199197861003 396.50000000000006 18.595791253835106 39.367718780857906 141.01590265987554 46.958612221304712 150.99426011785269 0.41500000000000004 0.39500000000000007 11068.000000000002 5965.8333333333348 34.079260946784458 174.96852836879404 43.05852493485316 4915.0000000000009
decision_type=10 8 10 10 10 10 10 10 10 10 10 8 10 10 8 10 10 10 10 10 8 8 10 10 8 8 10 10 10 10
left_child=1 3 6 7 14 21 9 -1 19 28 12 16 -6 -14 20 27 17 -8 29 -5 -4 -3 25 -23 -19 -11 -27 -7 -2 -10
right_child=2 5 4 8 10 15 11 -9 18 22 -12 -13 13 -15 -16 -17 -18 24 -20 -21 -22 23 -24 -25 -26 26 -28 -29 -30 -31
leaf_value=-0.75365198142460033 0.45805686146272739 -0.21721181456081104 1.2189745126451763 -0.42177530818159065 1.866773874282837 0.093228725435828635 0.50750211868286133 -0.48808178135842989 0.33421794858845794 0.59781195074997162 1.6489266164882761 1.705572999545506 2.2389919964472456 3.1743603122234343 0.98085176119208328 0.54213776122393276 0.60352885655164712 1.0837744630300081 0.67209906850542345 -0.24706152720199009 2.0407250326871873 0.53376777156194044 0.52538929099605436 -0.0072263573077529526 1.6896627326165476 0.84001275181557444 1.3748919500244987 0.29743995799214801 -0.055271520279347897 -0.27628553391812921
leaf_weight=310 177.5 160 21 513.5 30 276.5 25 891 22 88 37 21 36 20 40 87 50 39 21 597 24 22.5 117.5 629 31 140 27 271.5 24 45.5
leaf_count=211 175 148 21 402 30 267 25 663 22 88 37 21 36 20 40 87 50 39 21 533 24 22 117 607 31 140 27 269 23 39
internal_value=4.53165e-10 -0.233273 0.946503 -0.426539 1.80247 0.0873897 0.705907 -0.55663 -0.296231 0.608089 2.1228 1.04414 2.32668 2.57305 1.33894 0.242045 0.94835 1.12983 0.100518 -0.32785 1.65724 -0.0336285 0.722321 0.0114572 1.3521 0.813064 0.92649 0.194403 0.396916 -0.0773066
internal_weight=4794.5 3846.5 948 2400 208 1446.5 740 1201 1199 574 123 166 86 56 85 635 145 95 88.5 1110.5 45 811.5 372.5 651.5 70 255 167 548 201.5 67.5
internal_count=4235 3291 944 1891 208 1400 736 874 1017 570 123 166 86 56 85 623 145 95 82 935 45 777 372 629 70 255 167 536 198 61
is_linear=0
shrinkage=0.03


Tree=21
num_leaves=31
num_cat=0
split_feature=0 0 0 4 0 0 1 4 1 0 4 2 1 1 1 6 3 12 0 0 12 8 19 10 11 0 2 9 6 0
split_gain=1.10707e+06 242643 205296 39839.9 36935.8 32860 26621.5 19683.3 16176 12665 12417.2 12387.4 10310.5 9494 9488.72 9331.08 9155.79 8870.72 8431.52 8117.34 7547.85 7516.95 7435.42 6272.7 5314.02 6274.99 5136.2 5056.01 4991.52 8363.72
threshold=186.15604116546402 257.34256120527351 147.12132352941202 0.34809027777777796 205.30921052631604 291.11250000000007 129.46586893849789 0.81423611111111127 218.52707291152919 156.25304878048803 0.56423611111111127 25.745980014601802 185.14643592628522 191.13417363701572 152.92511218049773 506.50000000000006 7568.5000000000009 50.500000000000007 346.70101351351354 118.39775219298251 73.500000000000014 192.76806294326255 -1.0000000180025095e-35 -0.46821519732799993 23.597814525254055 213.91851503759401 35.686198003844204 5741.0000000000009 542.50000000000011 239.40361842105253
decision_type=10 10 8 10 10 10 8 10 10 8 10 10 10 10 10 8 8 8 10 10 10 10 10 8 10 10 10 8 8 10
left_child=2 4 6 9 13 8 19 12 -3 -4 23 -9 20 -2 -8 -10 -13 -7 22 -1 24 -12 -19 26 25 -6 27 -5 29 -14
right_child=1 5 3 10 7 17 14 11 15 -11 21 16 28 -15 -16 -17 -18 18 -20 -21 -22 -23 -24 -25 -26 -27 -28 -29 -30 -31
leaf_value=-0.81363779574219874 0.24359087400354618 0.91558884394168849 -0.25059929500935502 0.10698881649971008 0.36418724947197489 2.5451051902770994 -0.44168279596800925 0.82358967186588983 1.3793856522015162 -0.041122177451253933 0.11624326011112757 0.99813320035519815 0.80542292026862983 0.53565269599872478 -0.25796471566685414 2.0721223069429398 1.7828473648801446 1.3201241898536682 2.4491045658588408 -0.5630755705942635 0.10785468912743902 0.56271095534786575 2.1193551522865892 0.1915495825010948 0.26465749323368071 1.0070507976055145 -0.38264978716056791 -0.25225257156924769 0.65012427416341056 1.4172594377771019
leaf_weight=180.5 189.5 40 457.5 177.5 21.5 34 1090 57 42 601 52.5 23 124 212.5 329.5 30 32 22 20 327.5 38.5 96 20 283.5 27 37.5 30 44 130.5 24
leaf_count=121 188 40 408 172 21 34 836 57 42 576 52 23 124 212 280 30 32 22 20 229 38 95 20 280 26 37 26 40 130 24
internal_value=-8.06722e-10 0.823313 -0.252412 -0.0163745 0.613479 1.7484 -0.465734 0.781696 1.3993 -0.131661 0.162164 1.13351 0.683922 0.397977 -0.399037 1.66803 1.45469 2.15568 1.94213 -0.652104 0.456969 0.404869 1.70071 0.0947967 0.613258 0.772787 -0.0142668 0.0356271 0.785378 0.90464
internal_weight=4794.5 1125 3669.5 1742 917 208 1927.5 515 112 1058.5 683.5 112 403 402 1419.5 72 55 96 62 508 124.5 148.5 42 535 86 59 251.5 221.5 278.5 148
internal_count=4235 1120 3115 1649 912 208 1466 512 112 984 665 112 400 400 1116 72 55 96 62 350 122 147 42 518 84 58 238 212 278 148
is_linear=0
shrinkage=0.03


Tree=22
num_leaves=31
num_cat=0
split_feature=0 0 0 0 0 1 8 5 1 7 11 3 0 1 10 2 2 4 9 10 2 8 10 1 15 2 8 8 1 9
split_gain=1.04218e+06 222122 202296 33525.1 31071.7 30856.8 28566.2 18599 13728.7 11677 12776.6 10562.8 9999.1 9934.62 9388.3 8006.59 12754.8 7451.37 7097.51 6784.79 6687.24 6169.79 6164.46 7391.62 5886.23 5719.32 5916.69 5656.8 5396.78 5396.07
threshold=191.73852996254703 151.57690794649852 257.34256120527351 130.21635150166853 299.13949897048752 170.41657180668923 201.85263157894704 -9.3462554308969938 153.24944178628402 11670.000000000002 17.803309088239605 15430.500000000002 166.46557878633402 115.62823464912302 -4.6940556396464492 38.261139461442703 36.087221337871505 0.18576388888888892 -4092.4999999999995 -1.6986300752380996 41.174589132749055 209.90919384057955 8.6615573174150526 253.97665375112305 18955.500000000004 39.063467243360208 137.92820945945951 148.12698768197103 240.47089096748104 3738.5000000000005
decision_type=10 8 10 10 10 10 10 8 10 8 10 10 10 8 8 10 8 8 10 8 10 10 10 10 8 10 10 10 10 8
left_child=1 3 6 13 7 17 15 -4 -5 22 -11 28 29 -1 -6 16 -2 -3 -17 -9 24 -14 -8 -24 -10 -19 -27 -15 -12 -7
right_child=2 5 4 8 14 12 9 19 20 10 11 -13 21 27 -16 18 -18 25 -20 -21 -22 -23 23 -25 -26 26 -28 -29 -30 -31
leaf_value=-0.85278406044784583 0.46756806959074976 -0.24355376112929059 1.9841723879178363 -0.39029954461241223 2.6874299887093631 0.1180184290692103 0.62911779893640896 1.4869721302233243 -0.25602948450293472 0.41258095124493477 1.1904624784343383 0.69276863912918729 0.22451342274944455 -0.57076481809449853 1.9595926936947068 -0.2730647618355958 1.2505180468261243 0.0042865462940446996 0.38831467883381993 0.9637394886215529 0.2716087872765281 0.53040846892996973 0.75701587930017589 1.441404085636139 0.16280419467100457 -0.58690254196043934 -0.076485921479761604 -0.28777751973667343 1.7149908431371053 -0.22239268013834951
leaf_weight=106 294 181.5 36 1094 22 139 213 38 306.5 23 51 28 424 573.5 58 23 20 621.5 40 54 27.5 69 49 20 33.5 31 60 71.5 27 60
leaf_count=71 292 167 36 868 22 134 213 38 266 23 51 28 418 400 58 22 20 599 39 54 26 69 49 20 33 24 55 57 27 56
internal_value=1.1772e-10 -0.226488 0.863769 -0.42072 1.69595 0.0444696 0.644107 1.40607 -0.337008 0.817103 1.05353 1.1926 0.194874 -0.583628 2.15975 0.455511 0.517437 -0.0719508 0.146859 1.17986 -0.178367 0.267326 0.70895 0.955389 -0.214762 -0.0282373 -0.250364 -0.539395 1.37203 0.0153819
internal_weight=4794.5 3798.5 996 2212.5 208 1586 788 128 1461.5 411 129 106 692 751 80 377 314 894 63 92 367.5 493 282 69 340 712.5 91 645 78 199
internal_count=4235 3243 992 1721 208 1522 784 128 1193 411 129 106 677 528 80 373 312 845 61 92 325 487 282 69 299 678 79 457 78 190
is_linear=0
shrinkage=0.03


Tree=23
num_leaves=31
num_cat=0
split_feature=0 0 0 4 0 1 1 4 12 0 4 2 12 1 3 1 1 11 6 15 16 0 12 8 10 11 0 9 6 4
split_gain=980792 214672 182369 35404.6 33429.1 29537.2 23930.2 17697.8 12079.6 11356.5 11329.5 11313.9 9708.7 9231.58 8576.02 8490.59 8289.25 7870.63 7631.65 8447.49 7968.1 7266.33 7009.52 6935.3 5857.14 5013.07 5936.96 4859.73 6388.74 7154.01
threshold=186.15604116546402 257.34256120527351 147.12132352941202 0.34809027777777796 205.30921052631604 247.43098546064655 129.46586893849789 0.81423611111111127 69.500000000000014 157.241935483871 0.56423611111111127 25.745980014601802 83.500000000000014 185.14643592628522 7568.5000000000009 191.13417363701572 152.92511218049773 46.958612221304712 451.50000000000006 6228.0833333333348 -2.4999999999999996 118.39775219298251 73.500000000000014 192.76806294326255 -0.46821519732799993 23.597814525254055 213.91851503759401 -1014.4999999999999 573.50000000000011 0.68576388888888895
decision_type=10 10 8 10 10 10 8 10 10 8 10 10 8 10 8 10 10 8 8 10 10 10 10 10 8 10 10 10 8 10
left_child=2 4 6 9 15 12 21 13 18 -4 24 -9 17 22 -13 -2 -8 -3 20 -20 -7 -1 25 -12 -5 26 -6 28 29 -15
right_child=1 5 3 10 7 8 16 11 -10 -11 23 14 -14 27 -16 -17 -18 -19 19 -21 -22 -23 -24 -25 -26 -27 -28 -29 -30 -31
leaf_value=-0.76816835533218697 0.22654905207114051 1.0931582336340631 -0.22883655893364693 -0.01654405702890506 0.33825268590173058 1.5160932414446557 -0.4152611729762764 0.77500984122878624 1.4070012683703981 -0.031869476951990335 0.10779024454525539 0.9362801207666811 0.87494976496696464 1.2934280333518982 1.6957430119626224 0.50274612459698143 -0.24354716973370774 1.8884324552863836 1.9199847468810038 2.7400761674000664 2.3001096982955933 -0.53110393847809489 0.093702021388264445 0.53663670221343629 0.18233790238856007 0.24216357672380079 0.96356110677719109 0.61075272269546987 0.66551151821199728 0.66835302334565383
leaf_weight=180.5 189.5 21 494 251.5 21.5 28 1090 57 29 564.5 52.5 23 40 45 32 212.5 329.5 24 20 26 20 327.5 38.5 96 283.5 27 37.5 134 73.5 26
leaf_count=121 188 21 444 238 21 28 836 57 29 540 52 23 40 45 32 212 280 24 20 26 20 229 38 95 280 26 37 134 73 26
internal_value=7.90881e-10 0.774935 -0.237581 -0.0151134 0.577566 1.64507 -0.438638 0.737598 1.94226 -0.123794 0.153194 1.07119 1.21502 0.644887 1.37815 0.372549 -0.375402 1.5173 2.10739 2.38351 1.84277 -0.615336 0.430136 0.385024 0.0888448 0.580749 0.735694 0.740888 0.861568 1.06453
internal_weight=4794.5 1125 3669.5 1742 917 208 1927.5 515 123 1058.5 683.5 112 85 403 55 402 1419.5 45 94 46 48 508 124.5 148.5 535 86 59 278.5 144.5 71
internal_count=4235 1120 3115 1649 912 208 1466 512 123 984 665 112 85 400 55 400 1116 45 94 46 48 350 122 147 518 84 58 278 144 71
is_linear=0
shrinkage=0.03


Tree=24
num_leaves=31
num_cat=0
split_feature=0 0 0 1 0 8 4 5 1 0 1 8 0 2 10 0 5 1 7 6 9 1 18 10 6 2 4 10 7 12
split_gain=923456 207854 169689 36731.2 28659.8 24392.6 21818.8 16675 15554.2 12297.9 11986.4 10731 10205.8 8981.81 8640 8267.87 7834.88 8275.34 7419.85 6709.61 6562.26 6408.12 6546.27 6325.86 6171.45 5801.71 5742.03 5694.24 5653.71 5112.42
threshold=193.69059011164305 155.03869969040252 257.34256120527351 137.82381055619052 299.13949897048752 171.44333022388051 0.77604166666666685 -9.3462554308969938 178.93091286225336 121.16737938596502 185.14643592628522 293.23821271929859 141.01590265987554 39.367718780857906 -4.6940556396464492 174.96852836879404 -34.242105263158486 240.47089096748104 11722.000000000002 371.50000000000006 -1748.4999999999998 150.99426011785269 0.39500000000000007 -1.6986300752380996 393.50000000000006 18.073508690110003 0.62326388888888895 9.4298587464005532 4915.0000000000009 65.500000000000014
decision_type=10 8 10 8 10 10 10 8 10 10 10 8 10 10 8 10 10 10 8 10 10 8 10 8 8 10 10 10 10 10
left_child=1 3 6 9 7 21 10 -4 12 -1 25 16 -5 28 -6 26 -8 -18 -19 -17 24 -3 -23 -9 -12 -2 -7 -22 -10 -25
right_child=2 5 4 8 14 15 11 23 13 -11 20 -13 -14 -15 -16 19 17 18 -20 -21 27 22 -24 29 -26 -27 -28 -29 -30 -31
leaf_value=-0.69342522409676155 0.79782117177610801 -0.20172270097606815 1.8647028197146329 -0.39191372803076813 2.5473688280582425 0.05638821810317439 0.47559628722144331 1.3996705514506289 0.33107161597772078 -0.4543506841889467 1.1349283752015658 1.5538932994433812 -0.22564071095294419 0.64664013453892299 1.849140032051966 0.43034417029863326 0.69443400476737449 0.95585169007903648 1.6585087033680506 0.15480886124664883 0.4568434476687811 0.51296876080830889 -0.0078168791780671744 1.1654683272180886 0.68322510910034173 0.29158445632758262 0.46492129402501242 0.88706778537143349 -0.25469266691050685 0.58005526542663577
leaf_weight=265.5 23 160 36 642.5 22 268.5 41 38 22 715.5 35 21 688 21 58 199 55 38 21 132.5 172 22.5 629 29 122.5 178.5 35 33 45.5 25
leaf_count=180 23 148 36 497 22 259 41 38 22 521 35 21 611 21 58 198 55 38 21 131 172 22 607 29 122 175 35 33 39 25
internal_value=4.63499e-10 -0.206695 0.838661 -0.377901 1.59572 0.0773678 0.625867 1.31732 -0.280318 -0.519054 0.534868 0.917478 -0.305934 0.104797 2.04115 0.216635 0.831254 0.959166 1.20595 0.320213 0.63798 -0.0316089 0.0101688 1.10312 0.783604 0.349368 0.103501 0.526099 -0.0637769 0.894444
internal_weight=4794.5 3846.5 948 2400 208 1446.5 740 128 1419 981 564 176 1330.5 88.5 80 635 155 114 59 331.5 362.5 811.5 651.5 92 157.5 201.5 303.5 205 67.5 54
internal_count=4235 3291 944 1891 208 1400 736 128 1190 701 560 176 1108 82 80 623 155 114 59 329 362 777 629 92 157 198 294 205 61 54
is_linear=0
shrinkage=0.03


Tree=25
num_leaves=31
num_cat=0
split_feature=0 0 0 1 0 0 8 5 1 7 11 3 0 10 0 3 2 2 15 4 9 14 2 3 16 13 11 10 1 3
split_gain=868914 185690 168344 32766.5 26966 25349 24312.7 15689.6 10968.6 10296.4 11714.5 9660.1 8675.92 8129.38 8053.79 11138.5 7293.95 11838.8 7147.73 6604.03 6557.41 6277.07 6244.35 6032.56 5549.24 6679.39 8296.81 6473.02 5398.81 5161.41
threshold=191.73852996254703 149.30888157894753 257.34256120527351 170.41657180668923 299.13949897048752 126.20953947368402 201.85263157894704 -9.3462554308969938 152.92511218049773 11670.000000000002 17.803309088239605 15430.500000000002 160.77599039615851 -4.6940556396464492 171.07187500000003 8062.5000000000009 38.261139461442703 36.087221337871505 18955.500000000004 0.14756944444444448 -4092.4999999999995 79.500000000000014 34.885871185368558 10425.000000000002 32.500000000000007 180.50000000000003 30.712193069151756 10.68764716290605 142.38676900584781 7816.0000000000009
decision_type=10 8 10 10 10 10 10 8 10 8 10 10 8 8 10 8 10 8 8 10 10 8 10 10 10 10 10 10 10 10
left_child=1 5 6 12 7 19 16 -4 -7 24 -11 29 28 -6 15 21 17 -2 -10 -1 -18 -5 -14 -9 25 27 -27 -8 -3 -12
right_child=2 3 4 14 13 8 9 23 18 10 11 -13 22 -15 -16 -17 20 -19 -20 -21 -22 -23 -24 -25 -26 26 -28 -29 -30 -31
leaf_value=-0.63504443683106859 0.42539351930708758 -0.3337137091920731 1.8087617691357929 0.67256074574110758 2.4709477504816921 -0.37950194060085574 0.61023698720033281 0.90521182196480887 -0.22845524358913438 0.35620065994884653 1.0869458133225538 0.62509776119674954 0.051077323664660348 1.7936658139475459 0.26680887988795909 -0.092481413957400199 -0.28389339053112528 1.1797053015232086 0.27513022587516089 -0.38896672488179446 0.35182344992458819 0.16437128957659006 -0.20782892719336918 1.4280853962076121 0.93655855270064603 0.17110201614467718 0.86865478345326008 1.1213934352662827 -0.11343206517948255 1.5919044897474093
leaf_weight=405.5 294 141 36 28 22 1190 128 63 327 23 49 28 416 58 408 175.5 23 20 27.5 129.5 40 100 105 29 49 57 21 27 345.5 29
leaf_count=276 292 123 36 28 22 919 128 63 282 23 49 28 405 58 403 167 22 20 27 98 39 98 95 29 49 57 21 27 322 29
internal_value=4.61568e-10 -0.206805 0.788705 0.0238965 1.54784 -0.397513 0.588322 1.2778 -0.335867 0.747919 0.96993 1.1031 -0.086172 1.97992 0.179756 0.0627293 0.414332 0.473439 -0.18939 -0.57548 0.119736 0.275538 -0.00110148 1.07003 0.646361 0.585333 0.358905 0.699277 -0.177275 1.27469
internal_weight=4794.5 3798.5 996 1719 208 2079.5 788 128 1544.5 411 129 106 1007.5 80 711.5 303.5 377 314 354.5 535 63 128 521 92 282 233 78 155 486.5 78
internal_count=4235 3243 992 1641 208 1602 784 128 1228 411 129 106 945 80 696 293 373 312 309 374 61 126 500 92 282 233 78 155 445 78
is_linear=0
shrinkage=0.03


Tree=26
num_leaves=31
num_cat=0
split_feature=0 0 0 4 0 0 1 1 1 4 1 0 7 6 12 0 6 1 11 12 10 15 0 16 11 18 2 17 15 13
split_gain=817844 178646 152541 29876.7 29286.3 25413.6 20535 13149.6 11639.8 10600.3 9957.88 9573.1 8981.45 8750.28 7841.96 7523.07 7023.03 6923.86 6900.27 6308.54 7024.69 6276.6 6274.29 6179.84 6068.21 5487.21 10220.3 5409.14 5373.13 5303.74
threshold=186.15604116546402 257.34256120527351 147.12132352941202 0.34809027777777796 212.76845878136254 291.11250000000007 129.46586893849789 218.52707291152919 203.5011363636365 0.45833333333333343 218.52707291152919 162.99473684210554 8770.0000000000018 506.50000000000006 50.500000000000007 346.70101351351354 124.00000000000001 152.92511218049773 42.351064264213207 68.500000000000014 8.7921231416661492 3989.3333333333339 116.61826625387 74.500000000000014 21.102569531526104 0.35500000000000004 27.193358456369754 426.50000000000006 7204.7500000000009 138.50000000000003
decision_type=10 10 8 10 10 10 8 10 10 10 8 8 8 8 8 10 10 10 8 10 8 10 10 10 10 10 10 10 8 10
left_child=2 4 6 11 9 7 22 -3 19 -2 18 -4 21 -9 -7 16 -16 -8 -5 20 -6 -10 -1 -11 -23 26 -14 -21 -20 -26
right_child=1 5 3 10 8 14 17 13 12 23 -12 -13 25 -15 15 -17 -18 -19 28 27 -22 24 -24 -25 29 -27 -28 -29 -30 -31
leaf_value=-0.72816897566686534 0.20335762409316865 0.75828217810392373 -0.18132605187412765 0.13857535997786419 0.44396100403297512 2.2257312870025632 -0.37868114419182369 1.1571770794051035 0.26147613397011388 0.43446562208135087 0.51540512861349641 0.0063714215600428397 0.91571872765109652 1.8280082428455351 1.0608729203451763 2.1376821724176409 1.8376238880157472 -0.22174529110806485 0.13611345548629761 -0.13262869324002949 0.9466491415629904 1.2376134368351526 -0.49659221983138557 0.81922642372028764 0.94289416204799303 0.60952206144499221 1.5674403134259312 0.53683813246091205 -0.43973260034833633 0.43194309776876033
leaf_weight=149 190 40 675 565 63 34 1090 42 26 297.5 58.5 383.5 63 30 22 20 20 329.5 25 21 41.5 21 359 43 33 21.5 33 22.5 35 41
leaf_count=100 188 40 617 553 62 34 836 42 26 297 58 367 63 30 22 20 20 280 24 21 41 21 250 43 33 21 33 22 30 41
internal_value=1.98687e-10 0.70764 -0.216949 -0.0134863 0.527591 1.50141 -0.400831 1.1944 0.726218 0.382881 0.141124 -0.113322 0.855908 1.43669 1.85959 1.6588 1.43075 -0.342253 0.106092 0.517224 0.643593 0.674491 -0.564515 0.483055 0.787527 1.04273 1.13975 0.213647 -0.199797 0.6598
internal_weight=4794.5 1125 3669.5 1742 917 208 1927.5 112 386.5 530.5 683.5 1058.5 238.5 72 96 62 42 1419.5 625 148 104.5 121 508 340.5 95 117.5 96 43.5 60 74
internal_count=4235 1120 3115 1649 912 208 1466 112 384 528 665 984 238 72 96 62 42 1116 607 146 103 121 350 340 95 117 96 43 54 74
is_linear=0
shrinkage=0.03


Tree=27
num_leaves=31
num_cat=0
split_feature=0 0 0 0 4 8 12 0 8 1 2 7 17 18 1 4 1 8 8 0 0 7 3 4 2 4 6 11 7 1
split_gain=770581 176797 138819 31328.8 28682.4 22220.4 21527.2 13709.1 13140.1 13025.2 11441.6 12518.9 11261.8 10408.8 9344.34 10300.8 8297.77 8108.41 8093.26 7090.37 6527.31 6355.25 6193.86 5770.12 5639.85 5877.22 5471.9 5400.94 6559.34 5276.01
threshold=194.63491263440903 155.03869969040252 269.45300751879705 131.35287990196053 0.79340277777777801 171.44333022388051 83.500000000000014 346.70101351351354 293.23821271929859 146.99832035184303 33.284656508832207 8309.5000000000018 369.50000000000006 0.41500000000000004 203.5011363636365 0.68576388888888895 115.62823464912302 220.28648325358853 191.40412186379953 223.08000000000001 174.96852836879404 9955.5000000000018 4511.0000000000009 0.96701388888888895 12.313799235081852 0.21267361111111119 383.50000000000006 18.279969501091205 9101.0000000000018 213.90954831269366
decision_type=10 8 10 10 10 10 10 10 10 10 10 8 8 10 10 10 8 10 10 10 10 10 10 8 10 10 10 8 10 10
left_child=1 3 4 16 13 24 7 8 12 -5 11 19 -4 14 -2 21 -1 20 -11 -6 -7 29 -15 -14 -3 -26 -27 -13 -29 -16
right_child=2 5 6 9 10 17 -8 -9 -10 18 -12 27 23 22 15 -17 -18 -19 -20 -21 -22 -23 -24 -25 25 26 -28 28 -30 -31
leaf_value=-0.74130428263198489 0.46188910430936908 0.36963400137229047 1.8949278793280775 -0.34118422609758009 0.14690372359752654 0.069081094715933461 0.72942998979402618 2.3413597083091733 2.0109184556007382 -0.19242826515075109 1.3712185145275932 0.61223968595266343 1.396856270313263 0.52929830200865235 0.5473316717147827 0.51591786911203097 -0.45856110443459064 0.54981135349695764 0.25832723172087418 0.8170209083664749 0.26891249080024404 1.3888297616690397 0.16652581981250217 0.74562352344393734 -0.15451666253984597 0.098858143286700464 -0.10256365248825193 1.5683192712068557 0.93796626280133533 1.0690851549200109
leaf_weight=107.5 231.5 30.5 22 908 30 285.5 23 26 40 633.5 42 20 25 71 33 88 713 56 38 27 303.5 24 105 24 286.5 294.5 206.5 24 39 37
leaf_count=72 229 29 22 719 30 276 23 26 40 557 42 20 25 71 33 88 507 56 36 27 301 24 104 24 270 287 197 24 39 37
internal_value=1.12478e-09 -0.186762 0.774515 -0.345219 0.607734 0.0731826 1.57871 1.72129 1.57605 -0.267099 0.93694 0.806656 1.33105 0.506096 0.588339 0.74918 -0.495605 0.204848 -0.16692 0.464328 0.17205 0.967553 0.312872 1.07789 -0.0306367 -0.0461393 0.015837 1.04175 1.1781 0.823116
internal_weight=4794.5 3863 931.5 2400 771.5 1463 160 137 111 1579.5 182 140 71 589.5 413.5 182 820.5 645 671.5 57 589 94 176 49 818 787.5 501 83 63 70
internal_count=4235 3307 928 1891 768 1416 160 137 111 1312 182 140 71 586 411 182 579 633 593 57 577 94 175 49 783 754 484 83 63 70
is_linear=0
shrinkage=0.03


Tree=28
num_leaves=31
num_cat=0
split_feature=0 0 0 1 1 8 1 1 0 12 0 0 2 12 6 11 4 19 3 5 9 4 9 0 2 0 13 11 2 13
split_gain=725067 163212 133160 29910 23121.3 19760.2 17894.1 13177.2 11155.6 10616.4 9982.53 8537.69 8181.11 7967.1 7286.06 7122.85 7092.37 7072.78 7587.87 7020.72 9515.68 5874.16 5843.22 9073.47 5655.69 5355.87 5328.67 6380.84 7115.26 7486.43
threshold=193.69059011164305 155.03869969040252 257.34256120527351 137.82381055619052 247.43098546064655 180.53932682246253 185.14643592628522 178.93091286225336 223.08000000000001 69.500000000000014 121.16737938596502 141.01590265987554 39.367718780857906 83.500000000000014 369.50000000000006 46.958612221304712 0.21267361111111119 -0.22999999999999993 6667.5000000000009 21.677399039244012 1823.0000000000002 0.66493055555555569 3738.5000000000005 187.55729166666654 18.073508690110003 168.1107480029045 303.50000000000006 35.638410792969658 35.686198003844204 209.50000000000003
decision_type=10 8 10 8 10 10 10 10 10 10 10 10 10 8 8 8 8 10 8 10 8 10 8 8 10 10 10 10 10 10
left_child=1 3 6 10 13 16 24 11 26 14 -1 -5 -9 15 -6 -4 -3 -10 -19 20 -16 -20 -18 -24 -2 -7 27 28 29 -8
right_child=2 5 4 7 9 25 8 12 17 -11 -12 -13 -14 -15 19 -17 22 18 21 -21 -22 -23 23 -25 -26 -27 -28 -29 -30 -31
leaf_value=-0.61933794097038308 0.73865335686206812 -0.17573465707662028 0.90362496622971122 -0.34902275423505541 1.4260130478654589 0.047686325538514263 0.60104031612351538 -0.053220653642796809 0.39446440186993825 1.1749198307251107 -0.40394124550764415 -0.19694412930855029 0.62479159674474161 0.72522446018457409 2.2259414281628347 1.6601773369312287 0.09465530419317586 0.63265976876020424 1.4912329782681031 2.4411289059032093 1.3435832227089186 0.94055724897554938 -0.12632685168888219 0.37645566368756228 0.25702917363567268 0.29795949940748306 0.94657247198952565 0.20557152545026369 0.91122346639633167 0.19801572031208445
leaf_weight=265.5 25 177.5 21 642.5 28 100.5 160 67.5 29 29 715.5 688 21 40 22 24 522.5 60 22 22 22 84 281 36.5 179.5 328.5 27 52.5 45 56
leaf_count=180 25 167 21 497 28 96 160 61 29 29 521 611 21 40 22 24 511 60 22 22 22 84 265 36 176 325 27 52 45 56
internal_value=3.85558e-10 -0.183151 0.743134 -0.334863 1.41377 0.0685651 0.55463 -0.246805 0.645795 1.67671 -0.462237 -0.270383 0.107664 1.03329 1.83152 1.30712 -0.00343265 0.826733 0.90225 2.00355 1.78476 1.05485 0.0329764 -0.0685267 0.315907 0.239329 0.542174 0.507346 0.568047 0.496552
internal_weight=4794.5 3846.5 948 2400 208 1446.5 740 1419 535.5 123 981 1330.5 88.5 85 94 45 1017.5 195 166 66 44 106 840 317.5 204.5 429 340.5 313.5 261 216
internal_count=4235 3291 944 1891 208 1400 736 1190 535 123 701 1108 82 85 94 45 979 195 166 66 44 106 812 301 201 421 340 313 261 216
is_linear=0
shrinkage=0.03


Tree=29
num_leaves=31
num_cat=0
split_feature=0 0 0 4 0 8 12 0 4 8 2 0 7 17 18 1 4 8 1 1 18 0 7 3 3 15 1 4 1 10
split_gain=682373 156492 123182 25929.9 25334.8 22096.6 19383.1 12682.7 12335.4 12152.5 10600.3 11502.7 11584.6 10378.9 9571.96 8346.53 9567.61 7953.47 7868.2 7294.08 6751.43 6359.8 5908.93 5854.69 5807.09 5595.31 5502.21 5405.83 5316.05 5303.13
threshold=194.63491263440903 153.16466249799603 269.45300751879705 0.79340277777777801 130.21635150166853 173.15431201550354 83.500000000000014 346.70101351351354 0.44618055555555564 293.23821271929859 33.284656508832207 239.40361842105253 8060.5000000000009 369.50000000000006 0.41500000000000004 203.5011363636365 0.68576388888888895 220.28648325358853 152.22656450098972 115.62823464912302 0.87500000000000011 174.96852836879404 9497.5000000000018 6999.5000000000009 4511.0000000000009 12152.666666666666 139.7003119194022 0.96701388888888895 213.90954831269366 8.6615573174150526
decision_type=10 8 10 10 10 10 10 10 10 10 10 10 8 8 10 10 10 10 8 8 8 10 8 10 8 8 8 8 10 10
left_child=1 4 3 14 19 18 7 9 26 13 11 12 -5 -4 15 -2 22 21 -3 -1 -20 -7 28 -10 -16 -14 -6 -15 -17 -26
right_child=2 5 6 10 8 17 -8 -9 23 -11 -12 -13 25 27 24 16 -18 -19 20 -21 -22 -23 -24 -25 29 -27 -28 -29 -30 -31
leaf_value=-0.70764695945775724 0.43445333738950109 -0.19051945356946243 1.7876949155330657 0.16912546192109584 -0.35781525471582798 0.057136440477906697 0.68051132051841068 2.2180862661508414 0.50881170126251296 1.9001899763792753 1.3027493797881262 1.0973946158018979 1.2128419791568408 1.3120698157310484 0.5264072113007795 0.43943836288792748 0.48116560294631522 0.53055398236764106 -0.0044307142281622093 -0.43911642621422925 0.53529011765191725 0.25774974052140576 1.2475100543349982 -0.13095258838990154 0.032306661652746024 0.54362875078035433 -0.23725480673287874 0.68172958120703686 0.99764266827527215 0.4787376848564428
leaf_weight=106 231.5 228 22 40 529.5 280.5 23 26 26 40 42 55 22 25 61 28 88 57 700 645 21.5 288.5 32 25.5 81 23 955.5 24 34 34
leaf_count=71 229 209 22 40 398 270 23 26 26 40 42 55 22 25 61 28 88 57 675 457 21 286 32 23 80 23 814 24 34 34
internal_value=2.60705e-10 -0.175748 0.728838 0.571732 -0.334212 0.0543307 1.48639 1.62168 -0.264413 1.48198 0.884743 0.759341 0.5406 1.24637 0.475094 0.553961 0.705973 0.192698 -0.0368944 -0.477018 0.0116524 0.158853 0.91643 0.192035 0.2898 0.8708 -0.280243 1.00333 0.74555 0.164295
internal_weight=4794.5 3863 931.5 771.5 2287.5 1575.5 160 137 1536.5 111 182 140 85 71 589.5 413.5 182 626 949.5 751 721.5 569 94 51.5 176 45 1485 49 62 115
internal_count=4235 3307 928 768 1789 1518 160 137 1261 111 182 140 85 71 586 411 182 613 905 528 696 556 94 49 175 45 1212 49 62 114
is_linear=0
shrinkage=0.03


Tree=30
num_leaves=31
num_cat=0
split_feature=0 0 0 0 1 1 1 1 4 0 17 1 3 2 16 0 10 16 9 14 1 8 10 0 18 0 12 14 14 15
split_gain=642325 138725 122841 33078.1 23972.4 17015.1 16805.4 16762.7 9313.38 8933.78 8866.01 7690.88 7328.39 7209.21 7193.19 9152.21 6958.2 6590.33 6338.43 5812.71 5657.76 5631.91 5513.53 5378.26 5283.6 5226.56 5175.3 5158.9 4940.06 4856.92
threshold=186.69193353994504 242.08421052631553 147.12132352941202 291.11250000000007 163.09506218189895 215.9075775097705 129.46586893849789 185.14643592628522 0.56423611111111127 209.88904840032805 421.50000000000006 266.67371958967323 7227.5000000000009 28.825075611574253 -73.499999999999986 269.45300751879705 -4.6940556396464492 84.500000000000014 276.00000000000006 116.50000000000001 152.92511218049773 193.35937500000003 -19.013789509201697 168.51635338345903 0.20500000000000004 107.16198150924551 77.500000000000014 73.500000000000014 62.500000000000007 4108.3333333333339
decision_type=10 10 8 10 10 10 8 10 10 10 10 10 8 10 10 10 8 10 8 10 10 10 10 8 10 10 8 10 8 8
left_child=2 7 6 5 23 10 25 13 12 17 22 26 28 24 15 18 -5 -9 -7 -16 -8 -10 -3 -4 -2 -1 -11 -18 -6 -28
right_child=1 3 4 16 8 14 20 9 21 11 -12 -13 -14 -15 19 -17 27 -19 -20 -21 -22 -23 -24 -25 -26 -27 29 -29 -30 -31
leaf_value=-0.78443292002811615 0.75049149091754641 1.1954118963650293 -0.15970666458205701 2.0620337017377217 0.50622669592919489 1.5572033647298813 -0.33582371883089185 0.35876095609898023 0.081167966583500742 0.41555568799890319 0.13268976775967345 1.134074273109436 -0.020584859511583526 0.066417342580854882 1.1603803552687169 1.8666126599519148 1.2527276328930983 0.79263706247011823 0.86772365367412563 0.50841812270879749 -0.19396037964972812 0.45734142806655481 0.51581822617487472 0.015266287723212566 0.29264549311733645 -0.47094758812350407 0.36466114103794095 1.7729014083556831 0.12818036071198879 0.79125642452497202
leaf_weight=53.5 28 21 680 27 35.5 20 1090 252.5 57.5 87 24.5 27 432.5 120 32 23 37 36 30 20 329.5 95 22 206 119.5 454.5 30 32 251.5 120.5
leaf_count=36 28 21 620 27 35 20 836 252 57 87 24 27 417 118 32 23 37 36 30 20 280 94 22 196 118 314 30 32 246 120
internal_value=6.57525e-10 0.633008 -0.190478 1.19885 -0.00912152 0.972005 -0.355886 0.434048 0.102546 0.528357 0.588186 0.65429 0.0574086 0.239084 1.17927 1.37134 1.65374 0.412901 1.14352 0.909626 -0.302894 0.315506 0.847713 -0.119024 0.379559 -0.503962 0.599746 1.49397 0.174942 0.706221
internal_weight=4794.5 1109 3685.5 288.5 1758 192.5 1927.5 820.5 872 553 67.5 264.5 719.5 267.5 125 73 96 288.5 50 52 1419.5 152.5 43 886 147.5 508 237.5 69 287 150.5
internal_count=4235 1104 3131 288 1665 192 1466 816 849 552 67 264 698 264 125 73 96 288 50 52 1116 151 43 816 146 350 237 69 281 150
is_linear=0
shrinkage=0.03


Tree=31
num_leaves=31
num_cat=0
split_feature=0 0 0 8 0 0 1 1 0 12 0 16 1 2 18 3 8 2 4 13 7 4 5 15 1 7 11 10 4 0
split_gain=604858 132139 115039 24640.2 19962.2 18870.5 16334.9 14784.1 10528 9882.21 9484.49 8341.96 8026.88 7637.05 6230.83 6173.01 5574.08 5493.27 5267.47 5212.7 5079.22 4963.36 4752.81 4738.18 4479.25 4384.96 4924.24 4582.99 4521.89 4347.53
threshold=192.38421052631551 149.30888157894753 257.34256120527351 180.53932682246253 309.93329070758756 126.20953947368402 190.33679888975999 231.29656020090553 162.99473684210554 51.500000000000007 223.08000000000001 -55.499999999999993 157.88953577652504 22.073969488945753 0.33500000000000008 10196.500000000002 135.29777693570801 46.884966843240953 0.14756944444444448 237.50000000000003 11722.000000000002 0.20833333333333337 9.946319530312012 17011.500000000004 213.90954831269366 2523.5000000000005 34.240900136339306 0.52700488956480041 0.58506944444444453 168.1107480029045
decision_type=10 8 10 10 10 10 10 10 8 8 10 10 10 10 10 10 10 10 10 8 8 8 10 8 10 8 10 10 10 10
left_child=1 5 6 8 7 18 14 19 16 -9 -8 22 -7 -6 15 -2 -3 21 -1 -4 24 -10 -11 -14 -12 27 29 -5 -28 -27
right_child=2 3 4 25 13 12 10 9 17 11 20 -13 23 -15 -16 -17 -18 -19 -20 -21 -22 -23 -24 -25 -26 26 28 -29 -30 -31
leaf_value=-0.5388231974083163 0.33505012236683573 -0.33018656843586969 1.0327682755543637 0.23365686137761388 2.0494497864896601 -0.309443653111724 0.49749692568720733 1.8906768029386347 -0.18221115628298182 1.7412893922328947 0.31860390753581608 0.69581907982411584 -0.16619625399223506 1.3937030227338114 0.17662134076585834 0.84998852170746897 -0.090674870040392805 -0.38609801448308501 -0.3190528817595662 0.45676801916091675 0.96253041385362548 0.088283829265477287 1.102298012308099 0.28505847277848617 0.75171071513948662 0.054920967960799177 -0.12845566141605375 0.79068166471045942 0.36043490854899085 0.31355944591010265
leaf_weight=405.5 75.5 104.5 26 31.5 33 1287.5 332.5 22 68.5 20 29 23 234 31 151 29 536 26 129.5 31 72 561.5 22 23 83 81 70 23 22.5 210.5
leaf_count=276 74 89 26 31 33 1004 332 22 63 20 29 23 202 31 149 29 503 23 98 31 72 550 22 22 83 78 65 23 22 210
internal_value=3.30276e-10 -0.170793 0.664786 0.022514 1.29098 -0.332076 0.496071 1.09505 -0.0432355 1.34109 0.59313 1.15508 -0.278888 1.73182 0.299866 0.477952 -0.129752 0.0412368 -0.485626 0.719505 0.765944 0.0588729 1.40658 -0.125812 0.639567 0.216914 0.181174 0.468732 -0.00953633 0.241691
internal_weight=4794.5 3814.5 980 1735 208 2079.5 772 144 1296.5 87 516.5 65 1544.5 64 255.5 104.5 640.5 656 535 57 184 630 42 257 112 438.5 384 54.5 92.5 291.5
internal_count=4235 3259 976 1657 208 1602 768 144 1228 87 516 65 1228 64 252 103 592 636 374 57 184 613 42 224 112 429 375 54 87 288
is_linear=0
shrinkage=0.03


Tree=32
num_leaves=31
num_cat=0
split_feature=0 0 0 0 1 17 8 8 8 4 1 3 10 16 13 0 1 2 3 0 8 3 4 10 8 7 9 18 14 1
split_gain=569367 127230 104917 29348.8 22706.8 15615.3 15285.8 14746.3 13754.2 9097.56 8949.27 6696.35 6527.24 6384.8 9533.37 8855.86 6108.11 10170.2 6550.62 5984.1 5584.97 5423.46 5422.81 5406.54 5285.18 5133.56 5067.28 5028.43 5909.67 6622.1
threshold=186.15604116546402 242.08421052631553 147.12132352941202 291.11250000000007 163.09506218189895 527.50000000000011 128.57380660954752 199.06000000000003 293.23821271929859 0.56423611111111127 156.09363204412554 7227.5000000000009 -4.6940556396464492 38.500000000000007 178.50000000000003 209.88904840032805 215.9075775097705 25.476903149343453 16841.500000000004 118.39775219298251 192.76806294326255 4207.5000000000009 0.10069444444444446 -7.9414933733899522 194.33130081300803 11927.000000000002 -1969.4999999999998 0.39500000000000007 96.500000000000014 177.67627296129851
decision_type=8 10 10 10 10 10 8 10 10 10 8 8 8 10 10 10 10 10 8 10 10 8 10 10 8 8 8 8 10 8
left_child=2 7 6 5 -4 8 19 10 16 11 -2 -6 -5 14 15 -9 17 -3 25 -1 -11 24 -8 -17 26 -18 -12 28 29 -23
right_child=1 3 4 12 9 -7 22 13 -10 20 21 -13 -14 -15 -16 23 18 -19 -20 -21 -22 27 -24 -25 -26 -27 -28 -29 -30 -31
leaf_value=-0.60504911233415259 -0.30358552205562594 0.35632204338908197 -0.12118279534717054 1.9528496503829955 0.16561264788354102 0.13259507177806482 -0.36811733735332169 0.38652019617202032 1.7279002333113125 0.061319071888923646 0.021110845820771322 -0.02292110548065485 1.4026565092024597 0.79432859663139377 0.24246359061035844 1.1802129064906726 1.0310768034194524 1.175045829144391 0.57813817459344863 -0.39595077812934237 0.44615848623914639 0.732795008840886 -0.24174696489298084 0.66341399814160362 0.77564452336384693 1.5868282808576311 0.5681127546174185 0.14779334948157094 0.73473897270302269 0.1426210791298321
leaf_weight=193 22.5 36 866.5 27 281 20.5 452.5 111.5 21 52.5 27 427.5 69 68 108 22 52 22 20 340.5 96 22 941.5 106 39 21 35 183.5 33.5 77
leaf_count=130 21 36 798 27 275 20 334 111 21 52 27 412 69 68 108 22 52 22 20 240 95 22 762 106 39 21 35 181 33 76
internal_value=5.09768e-10 0.584162 -0.182961 1.12893 -0.0128901 0.915246 -0.335032 0.400344 1.00853 0.0966031 0.279205 0.0518537 1.5574 0.528481 0.476459 0.581977 0.908482 0.666872 1.05916 -0.471595 0.310104 0.31065 -0.282767 0.752239 0.502021 1.19095 0.329902 0.249485 0.390318 0.273771
internal_weight=4794.5 1143.5 3651 288.5 1723.5 192.5 1927.5 855 172 857 439.5 708.5 96 415.5 347.5 239.5 151 58 93 533.5 148.5 417 1394 128 101 73 62 316 132.5 99
internal_count=4235 1137 3098 288 1632 192 1466 849 172 834 434 687 96 415 347 239 151 58 93 370 147 413 1096 128 101 73 62 312 131 98
is_linear=0
shrinkage=0.03


Tree=33
num_leaves=31
num_cat=0
split_feature=0 0 0 1 4 12 8 0 8 1 2 7 0 17 18 2 1 4 8 0 7 3 0 6 11 7 5 2 4 2
split_gain=535912 123893 96964.3 23009.1 21174.4 17285.3 15799.4 10919.7 10424.5 9878.24 9869.06 10273.9 9171.06 9105.94 7964.71 7392.73 6958.15 9133.82 6273.94 5601.83 5408.82 5397.48 5193.13 5082.86 5382.19 5056.35 5035.57 5012.38 5663.52 4981.84
threshold=194.63491263440903 155.03869969040252 269.45300751879705 139.7003119194022 0.79340277777777801 83.500000000000014 171.44333022388051 346.70101351351354 293.23821271929859 178.93091286225336 33.284656508832207 8309.5000000000018 122.05476475876551 369.50000000000006 0.41500000000000004 39.367718780857906 203.5011363636365 0.68576388888888895 220.28648325358853 223.08000000000001 9955.5000000000018 4511.0000000000009 141.01590265987554 401.50000000000006 37.543309249794206 9227.5000000000018 -36.811925063350991 18.352412833309355 0.21267361111111119 32.895120961280057
decision_type=10 8 10 10 10 10 10 10 10 10 10 8 10 8 10 10 10 10 10 10 10 8 10 10 8 10 10 10 10 8
left_child=1 3 4 12 14 7 23 8 13 22 11 19 -1 -4 16 -11 -2 20 29 -6 -18 -16 -5 27 -25 -26 -10 -3 -29 -8
right_child=2 6 5 9 10 -7 18 -9 26 15 -12 -13 -14 -15 21 -17 17 -19 -20 -21 -22 -23 -24 24 25 -27 -28 28 -30 -31
leaf_value=-0.52175417304904226 0.38201192596879008 0.25218683645725248 1.6049771105159412 -0.28968966482212621 0.076109050989150995 0.55699911249720535 0.19960286727232907 1.9991817866838895 1.3668884534239769 -0.043338429507282041 1.1927018159627913 0.88134237737091914 -0.33230927719311276 0.87028821718936067 0.47827355304702379 0.60117756107822062 0.70230426642511568 0.41027071253819897 0.47632022460656503 0.67174535668558533 1.2241975532099605 0.12916584984245508 -0.15957160827689734 -0.067952403839356107 -0.67915304899215689 -0.077548391421635943 2.0400907423496246 -0.13449059175705549 0.072388653997237304 0.0070534858440651615
leaf_weight=310 231.5 75 22 513.5 30 23 419 26 20 67.5 42 83 891 49 61 21 70 88 56 27 24 115 597 197 28.5 22.5 20 199.5 295.5 170
leaf_count=211 229 74 22 402 30 23 414 26 20 61 42 83 663 49 61 21 70 88 56 27 24 114 533 191 23 20 20 188 287 163
internal_value=6.49801e-10 -0.155749 0.645903 -0.288397 0.506514 1.31802 0.0618546 1.44578 1.31615 -0.19543 0.78937 0.66837 -0.381208 1.09794 0.419186 0.109598 0.491128 0.629922 0.172878 0.358253 0.835554 0.250163 -0.219739 -0.0256887 -0.139062 -0.413739 1.70349 0.0236386 -0.01099 0.144028
internal_weight=4794.5 3863 931.5 2400 771.5 160 1463 137 111 1199 182 140 1201 71 589.5 88.5 413.5 182 645 57 94 176 1110.5 818 248 51 40 570 495 589
internal_count=4235 3307 928 1891 768 160 1416 137 111 1017 182 140 874 71 586 82 411 182 633 57 94 175 935 783 234 43 40 549 475 577
is_linear=0
shrinkage=0.03


Tree=34
num_leaves=31
num_cat=0
split_feature=0 0 0 0 1 17 0 8 8 4 1 3 10 16 13 18 1 19 1 2 3 15 8 3 18 14 12 4 1 8
split_gain=505171 113030 92941 25926.3 20188.9 14596 13854.3 13050.5 12426.9 8228.56 8227.38 6266.71 6172.94 5949.03 8906.29 8401.84 5818.58 5778.03 5601.57 9468.57 6097.78 5241.95 5139.12 5045.92 5701.14 5511.75 5076.09 5018.47 4815.86 4795.3
threshold=186.15604116546402 242.08421052631553 147.12132352941202 291.11250000000007 163.09506218189895 527.50000000000011 126.20953947368402 199.06000000000003 293.23821271929859 0.56423611111111127 156.09363204412554 7227.5000000000009 -4.6940556396464492 38.500000000000007 178.50000000000003 0.53500000000000014 151.19049241079219 -0.14499999999999996 215.9075775097705 25.476903149343453 16841.500000000004 18955.500000000004 192.76806294326255 4364.0000000000009 0.39500000000000007 96.500000000000014 64.500000000000014 0.29340277777777779 262.38887986536093 194.33130081300803
decision_type=8 10 10 10 10 10 10 10 10 10 8 8 8 10 10 10 10 10 10 10 8 8 10 10 8 10 10 10 10 8
left_child=2 7 6 5 -4 8 -1 10 18 11 -2 -6 -5 14 15 17 -8 -9 19 -3 -20 -18 -11 29 25 26 -25 -26 -19 -12
right_child=1 3 4 12 9 -7 16 13 -10 22 23 -13 -14 -15 -16 -17 21 28 20 -21 -22 -23 -24 24 27 -27 -28 -29 -30 -31
leaf_value=-0.44522568396736528 -0.29576349798838297 0.3269449323043227 -0.11438023602874789 1.8509959655337864 0.15846705472540917 0.10619878222302692 -0.29955212389326902 1.0794549591200693 1.6368430074623652 0.055376560000436642 0.30001701038644973 -0.023918237519891639 1.3159432293539461 0.75414770218817628 0.22114858094188902 -0.0025097851753234863 -0.18866454255359233 0.50433723488854509 1.1294147959147414 1.1169227509065107 0.53816333873569966 0.2719533336535096 0.42453577855136243 0.39766319003598438 -0.14741693800257652 0.71542570572633002 -0.14201686836952385 0.21419722632225602 0.9851293724775313 0.66425008074145453
leaf_weight=535 22.5 36 866.5 27 281 20.5 1066 21 21 52.5 83 427.5 69 68 108 22.5 302.5 175 73 22 20 24 96 58 48.5 32.5 21.5 120 21 53.5
leaf_count=374 21 36 798 27 275 20 811 21 21 52 83 412 69 68 108 22 257 175 73 22 20 24 95 58 47 32 21 119 21 53
internal_value=-6.83489e-10 0.550246 -0.172338 1.06371 -0.0122678 0.862876 -0.315467 0.376989 0.953061 0.0909765 0.263027 0.0484181 1.46643 0.497533 0.447318 0.549306 -0.265613 0.606522 0.857966 0.626592 1.00226 -0.154806 0.294025 0.293178 0.220379 0.386272 0.251712 0.110112 0.555851 0.442775
internal_weight=4794.5 1143.5 3651 288.5 1723.5 192.5 1927.5 855 172 857 439.5 708.5 96 415.5 347.5 239.5 1392.5 217 151 58 93 326.5 148.5 417 280.5 112 79.5 168.5 196 136.5
internal_count=4235 1137 3098 288 1632 192 1466 849 172 834 434 687 96 415 347 239 1092 217 151 58 93 281 147 413 277 111 79 166 196 136
is_linear=0
shrinkage=0.03


Tree=35
num_leaves=31
num_cat=0
split_feature=0 0 0 0 1 17 1 0 8 14 4 2 4 4 1 4 3 3 11 8 4 14 4 0 13 3 6 0 13 6
split_gain=475316 106350 87448.1 24394.1 18995.8 13733.4 13386.5 12442.7 11692.5 9416.46 11308.1 12676.9 7742.26 6181.33 11679.8 5966.7 5896.35 5387.9 5667.15 4835.4 4778.9 4742.65 4653.21 4488.15 4477.36 4457.46 4276.97 4263.85 4090.15 4518.74
threshold=186.15604116546402 242.08421052631553 147.12132352941202 291.11250000000007 163.09506218189895 527.50000000000011 129.46586893849789 205.30921052631604 293.23821271929859 96.500000000000014 0.81423611111111127 27.862608473161202 0.56423611111111127 0.90104166666666685 324.97936323416303 0.28559027777777796 7227.5000000000009 6814.5000000000009 24.560281603053955 192.76806294326255 0.37934027777777796 62.500000000000007 0.68576388888888895 107.16198150924551 177.50000000000003 8871.5000000000018 375.50000000000006 130.21635150166853 196.50000000000003 393.50000000000006
decision_type=8 10 10 10 10 10 8 10 10 8 10 10 10 8 8 8 8 10 10 10 10 8 8 10 10 8 10 10 10 8
left_child=2 7 6 5 -4 8 23 15 17 28 22 -12 16 -5 -15 -2 21 -3 24 -14 27 -6 -11 -1 -19 -24 -21 -8 -9 -30
right_child=1 3 4 13 12 -7 20 9 -10 10 11 -13 19 14 -16 -17 -18 18 -20 26 -22 -23 25 -25 -26 -27 -28 -29 29 -31
leaf_value=-0.69806483157327237 -0.15122492724849332 0.64200600270759045 -0.11094882836819567 1.0472864106723239 0.47782148819154419 0.10301282940841301 -0.35597344467382624 0.42832381931473223 1.5877377224553908 0.59808680439036899 0.58404993579305453 1.5518918732234408 0.05371526140187468 2.1268606554943581 1.2958188934326171 0.28122580163362548 -0.02320068894222117 1.0706217278753007 1.2665034351223394 0.5865345545714602 -0.027272052601175871 0.10684603795762004 0.53341774301095435 -0.40756688227117821 0.45112693480082916 0.10516711370698335 0.18232862584203122 -0.23786582984773358 0.44858767926692961 -0.062140402432238125
leaf_weight=53.5 31 71 866.5 28 35.5 20.5 386 85 21 143.5 29 21 52.5 23 45 389.5 427.5 21 38 54.5 76 245.5 44 454.5 21 43.5 41.5 957.5 24 44.5
leaf_count=36 29 71 798 28 35 20 278 85 21 143 29 21 52 23 45 388 412 21 38 54 66 240 44 314 21 42 41 772 24 44
internal_value=-5.57978e-11 0.533738 -0.167168 1.0318 -0.0118998 0.83699 -0.306003 0.365679 0.92447 0.478265 0.581487 0.990544 0.0882472 1.42243 1.57691 0.249345 0.0469655 0.832227 1.00105 0.285204 -0.258707 0.153713 0.492946 -0.438161 0.760874 0.320516 0.4118 -0.271799 0.289305 0.116801
internal_weight=4794.5 1143.5 3651 288.5 1723.5 192.5 1927.5 855 172 434.5 281 50 857 96 68 420.5 708.5 151 80 148.5 1419.5 281 231 508 42 87.5 96 1343.5 153.5 68.5
internal_count=4235 1137 3098 288 1632 192 1466 849 172 432 279 50 834 96 68 417 687 151 80 147 1116 275 229 350 42 86 95 1050 153 68
is_linear=0
shrinkage=0.03


Tree=36
num_leaves=31
num_cat=0
split_feature=0 0 0 0 1 17 8 8 8 4 1 3 10 9 16 13 18 19 0 2 0 3 3 2 4 4 11 8 2 7
split_gain=447224 100065 82280 23004.8 18048.1 13646.3 15556.1 12717 11886.1 8259.58 7483.3 7027.09 6420.03 6184.33 5580.85 8090.72 7801.32 5489.48 5027.59 4674.95 4739.23 4868.86 4648.55 5008.09 4627.7 4581.77 4572.08 4549.63 4431.68 6903.33
threshold=186.15604116546402 242.08421052631553 147.12132352941202 299.13949897048752 157.88953577652504 527.50000000000011 300.12099479467906 128.57380660954752 199.06000000000003 0.56423611111111127 156.09363204412554 6814.5000000000009 -4.6940556396464492 606.50000000000011 38.500000000000007 178.50000000000003 0.53500000000000014 -0.14499999999999996 118.39775219298251 43.944724492202305 168.51635338345903 3895.0000000000005 4207.5000000000009 35.070872292208058 0.10069444444444446 0.19444444444444448 29.885712142729755 192.76806294326255 28.825075611574253 15208.500000000002
decision_type=8 10 10 10 10 10 10 8 10 8 8 10 8 8 10 10 10 10 10 10 10 10 8 8 10 10 10 10 10 8
left_child=2 8 7 5 19 6 11 18 10 -6 -2 -3 -5 -13 15 16 17 -10 -1 20 21 25 23 -12 -9 -4 -17 -11 -24 -30
right_child=1 3 4 12 9 -7 -8 24 14 27 22 13 -14 -15 -16 26 -18 -19 -20 -21 -22 -23 28 -25 -26 -27 -28 -29 29 -31
leaf_value=-0.54370802968277221 -0.28697361707687374 0.60533606373950044 -0.080134704818648678 1.8696880856427278 0.034404846277334263 0.099922436853734448 1.6846096376010349 -0.32799684654468492 1.0344259880270277 0.052103803694248198 0.31129516219041709 1.3577355756430789 1.2678086511020001 0.82698140955500066 0.71829664265161708 0.070390787483894671 -0.013410451730092365 0.52406301060729488 -0.35204814037295784 -0.43611916221408958 0.050861997312969628 -0.19231476412903023 0.3126164738754364 0.76931928095317659 -0.21125792995493897 0.37682811154509488 0.48744691147123065 0.39944571041502058 0.22636027906575928 -0.24991730300279766
leaf_weight=193 22.5 76 77.5 22 862 20.5 21 452.5 21 52.5 70 29 58 62 68 73 22.5 196 340.5 41.5 135 432.5 185 31 941.5 26.5 35 96 92 39
leaf_count=130 21 76 72 22 832 20 21 334 21 52 70 29 58 62 68 73 22 196 240 34 130 391 183 31 762 26 35 95 91 38
internal_value=-2.34668e-10 0.517726 -0.162153 1.00085 -0.0115428 0.834906 0.915051 -0.296823 0.354709 0.0700042 0.24595 0.81828 1.43333 0.996123 0.469749 0.421113 0.51832 0.573453 -0.421383 -0.127115 -0.108018 -0.147997 0.274705 0.451877 -0.249152 0.0363029 0.205548 0.276648 0.218077 0.0845677
internal_weight=4794.5 1143.5 3651 288.5 1723.5 208.5 188 1927.5 855 1010.5 439.5 167 80 91 415.5 347.5 239.5 217 533.5 713 671.5 536.5 417 101 1394 104 108 148.5 316 131
internal_count=4235 1137 3098 288 1632 208 188 1466 849 979 434 167 80 91 415 347 239 217 370 653 619 489 413 101 1096 98 108 147 312 129
is_linear=0
shrinkage=0.03


Tree=37
num_leaves=31
num_cat=0
split_feature=0 0 0 1 4 12 8 0 1 12 2 7 8 2 18 0 1 4 11 0 11 7 1 15 1 2 10 11 7 10
split_gain=421238 98249.6 76789.1 18612.7 17421.1 15344.1 12604.1 9432.68 9188.01 9024.28 8892.11 9060.81 8422.35 6788.95 6663.3 6621.53 5967.6 8490.6 5949.74 5508.14 5468.35 4965.37 4934.68 4928.38 4776.78 5220.27 4710.22 4655.53 6086.61 4632.66
threshold=194.63491263440903 155.03869969040252 269.45300751879705 137.82381055619052 0.79340277777777801 83.500000000000014 180.53932682246253 346.70101351351354 178.93091286225336 51.500000000000007 33.284656508832207 8309.5000000000018 293.23821271929859 39.063467243360208 0.41500000000000004 113.49939437984501 203.5011363636365 0.68576388888888895 25.313472356744253 140.06401601830655 19.710516832678355 9497.5000000000018 213.90954831269366 4201.2500000000009 150.99426011785269 12.313799235081852 11.118322337296604 18.279969501091205 9101.0000000000018 8.7921231416661492
decision_type=10 8 10 8 10 10 10 10 10 8 10 8 10 10 10 10 10 10 10 10 10 8 10 8 8 10 10 8 10 10
left_child=1 3 4 15 14 7 24 9 19 -4 11 20 18 -10 16 -1 -2 21 -11 -5 -6 22 -18 -16 -3 -26 -12 -13 -29 -25
right_child=2 6 5 8 10 -7 -8 -9 13 12 26 27 -14 -15 23 -17 17 -19 -20 -21 -22 -23 -24 29 25 -27 -28 28 -30 -31
leaf_value=-0.56546213291585445 0.33414072996983002 -0.15189296875125874 1.5610927611837784 -0.27414296579031211 0.63151941919326782 0.45374631176824154 0.19039958254957237 1.8054811912316542 -0.041884479271738148 0.47997427550369293 1.3909290379285812 0.39154513621330261 1.4328490082502363 0.56607145745645859 0.51233123082381027 -0.32759042807867689 0.31041568304811201 0.35195168874141847 1.1430245855876375 -0.15140527718680169 0.039355440102517604 1.0654831348825247 0.84822453362976802 0.022008954650637777 0.44894668684286226 0.013231361364705858 0.75480772420763964 1.2928023935854436 0.68558885014974147 0.411670279298958
leaf_weight=120 231.5 161 36 596.5 25 23 438 26 66.5 29 22 20 25 22 39 861 28 88 21 734 32 32 34 99 25.5 838.5 20 24 39 38
leaf_count=81 229 149 36 460 25 23 430 26 60 29 22 20 25 22 39 620 28 88 21 648 32 32 34 98 25 812 20 24 39 38
internal_value=-2.33835e-10 -0.138084 0.572644 -0.256208 0.448601 1.17076 0.0556958 1.29114 -0.186744 1.17066 0.705165 0.590311 0.983253 0.109246 0.36939 -0.356688 0.435192 0.563728 0.758455 -0.206432 0.299076 0.761987 0.605343 0.214791 -0.00186549 0.026091 1.08801 0.790315 0.916908 0.13009
internal_weight=4794.5 3863 931.5 2400 771.5 160 1463 137 1419 111 182 140 75 88.5 589.5 981 413.5 182 50 1330.5 57 94 62 176 1025 864 42 83 63 137
internal_count=4235 3307 928 1891 768 160 1416 137 1190 111 182 140 75 82 586 701 411 182 50 1108 57 94 62 175 986 837 42 83 63 136
is_linear=0
shrinkage=0.03


Tree=38
num_leaves=31
num_cat=0
split_feature=0 0 0 0 1 0 17 8 4 14 1 3 10 1 1 0 2 16 2 12 11 19 13 19 7 16 11 6 3 6
split_gain=397348 102970 60362.4 20374.3 16639.2 15265 12615.6 14043.9 9195.37 8774.4 10104.3 6316.74 6021.15 5490.88 5236.64 5030.13 8348.79 6649.01 6205.32 5101.58 4683.03 6527.18 5024.21 4648.2 4447.67 4266.66 4161.1 4882.36 4383.49 3941.2
threshold=180.22981011210251 242.08421052631553 142.76123876123901 299.13949897048752 157.88953577652504 205.30921052631604 527.50000000000011 293.23821271929859 0.057291666666666671 96.500000000000014 253.97665375112305 6814.5000000000009 -4.6940556396464492 178.93091286225336 193.79783709496573 166.46557878633402 41.174589132749055 226.50000000000003 34.079260946784458 74.500000000000014 24.560281603053955 -0.12000000000000001 177.50000000000003 0.28500000000000009 11927.000000000002 25.500000000000004 24.737723803964304 444.50000000000006 2100.5000000000005 371.50000000000006
decision_type=8 10 10 10 10 10 10 10 8 8 10 10 8 10 10 10 10 8 10 8 10 10 10 10 8 10 8 10 8 8
left_child=2 5 8 6 -4 14 7 11 -1 -7 26 -3 -5 -10 29 16 18 -18 19 -6 22 -22 -13 -17 -14 -16 -11 28 -28 -2
right_child=1 3 4 12 15 9 -8 -9 13 10 -12 20 24 -15 25 23 17 -19 -20 -21 21 -23 -24 -25 -26 -27 27 -29 -30 -31
leaf_value=-0.41905589691190176 0.31018409500235172 0.55270029982199531 -0.14170537350236442 1.773076697913083 0.14064086015356317 0.25561673007638525 0.08063801625879799 1.4842000056483915 -0.26854544869968971 0.65605434601753954 1.0731238628061195 1.0350478026541796 0.96153652299534198 0.14937505689160577 0.24746304251866746 0.090361716245239657 0.0041820047471834258 0.72554005315770265 -0.27619258093455479 -0.085588582288252973 0.76510667216777795 1.5139352078871293 0.39389884853904894 0.47887003941833972 1.4920232110977174 0.55722414954900734 -0.093256377156187842 0.69971535387474126 0.38292777538558709 0.073496816896550937
leaf_weight=438.5 83 74 914.5 22 139 153.5 20.5 28 1162.5 80 28.5 22 33 29 200.5 364 23 23 94.5 253 20 22 22 30 25 50 20.5 37 115 267
leaf_count=302 83 74 823 22 135 153 20 28 881 80 28 22 33 27 200 357 21 23 84 239 20 22 22 30 25 50 20 37 114 260
internal_value=-2.03497e-10 0.442283 -0.168643 0.943484 -0.0509252 0.302576 0.787319 0.864377 -0.3016 0.438021 0.537661 0.755908 1.35049 -0.258374 0.204574 0.0386793 -0.0214487 0.364861 -0.0579754 -0.00536947 0.930762 1.15735 0.714473 0.119944 1.19019 0.309292 0.477223 0.394286 0.310885 0.129626
internal_weight=4794.5 1323.5 3471 288.5 1841 1035 208.5 188 1630 434.5 281 160 80 1191.5 600.5 926.5 532.5 46 486.5 392 86 42 44 394 58 250.5 252.5 172.5 135.5 350
internal_count=4235 1313 2922 288 1712 1025 208 188 1210 432 279 160 80 908 593 889 502 44 458 374 86 42 44 387 58 250 251 171 134 343
is_linear=0
shrinkage=0.03


Tree=39
num_leaves=31
num_cat=0
split_feature=0 0 1 0 0 0 17 8 0 14 4 2 2 8 3 11 13 7 8 1 0 17 16 4 3 3 0 16 3 13
split_gain=373864 96884.4 56892.2 19272.3 14981.4 14362.8 13945.9 13745.3 9831.31 8255.83 9544.34 11487.1 6510.04 6261.35 6162.79 6718.72 6848.79 6175.63 5162.09 4927.15 4453.4 4395.24 4921.47 4276.12 4643.64 4262.37 4061.91 4014.5 3892.9 3821.73
threshold=180.22981011210251 242.08421052631553 152.92511218049773 309.93329070758756 129.88258145363403 205.30921052631604 532.50000000000011 300.12099479467906 148.67207792207802 96.500000000000014 0.81423611111111127 27.862608473161202 22.073969488945753 216.89062500000003 1718.5000000000002 24.560281603053955 191.50000000000003 11927.000000000002 148.12698768197103 193.79783709496573 142.97455185659405 371.50000000000006 217.50000000000003 0.68923611111111127 8871.5000000000018 384.00000000000006 107.16198150924551 25.500000000000004 3381.5000000000005 100.50000000000001
decision_type=8 10 10 10 10 10 10 10 10 8 10 10 10 10 10 10 10 8 10 10 10 8 8 8 8 10 10 10 8 10
left_child=2 5 4 6 18 19 7 14 -4 -7 23 -12 -5 21 -3 16 29 -17 26 -2 -6 22 -10 28 -25 -22 -1 -21 -11 -16
right_child=1 3 8 12 20 9 -8 -9 13 10 11 -13 -14 -15 15 17 -18 -19 -20 27 25 -23 -24 24 -26 -27 -28 -29 -30 -31
leaf_value=-0.61880151857779575 0.12573674866344248 0.30498066466787588 -0.13753865859775166 1.6676677571643483 -0.25754677964526207 0.24794823385605205 0.038371386033732718 1.4897210955619811 0.066291552974028625 0.30025131217364603 0.51038841093408649 1.4316917204856874 1.0622359186603176 0.43991390155709303 0.64709783048629754 0.85256351329842384 0.34340821802616117 1.4484536196874536 0.037195495825547438 0.24003915023625341 0.13805710288356329 -0.0089731587289627896 0.40186393453658203 0.48871493788652642 0.043857548458569019 -0.17141613839539407 -0.36858037062871951 0.54050742534399032 0.63871601964663527 1.2034788157939909
leaf_weight=65 350 23 380 33 745.5 153.5 20.5 27 166.5 43.5 29 21 31 34.5 25 49 37 23 26 200.5 42.5 689.5 51.5 43 41.5 696 574 50 103 20
leaf_count=44 343 23 326 33 565 153 20 27 162 43 29 21 31 34 25 49 37 23 21 200 42 663 51 43 40 617 397 50 103 20
internal_value=6.70233e-10 0.429014 -0.163584 0.915179 -0.258846 0.293499 0.784262 0.859217 -0.00873004 0.42488 0.521531 0.897336 1.37441 0.043231 0.763038 0.831449 0.64577 1.04292 -0.377173 0.198436 -0.205822 0.0281505 0.145567 0.440188 0.270235 -0.153606 -0.394033 0.300013 0.538216 0.894378
internal_weight=4794.5 1323.5 3471 288.5 2149 1035 224.5 204 1322 434.5 281 50 64 942 177 154 82 72 665 600.5 1484 907.5 218 231 84.5 738.5 639 250.5 146.5 45
internal_count=4235 1313 2922 288 1686 1025 224 204 1236 432 279 50 64 910 177 154 82 72 462 593 1224 876 213 229 83 659 441 250 146 45
is_linear=0
shrinkage=0.03


Tree=40
num_leaves=31
num_cat=0
split_feature=0 0 1 0 0 0 17 8 0 14 1 5 8 3 11 13 7 8 6 12 4 13 0 16 17 16 11 6 3 0
split_gain=351769 91158.5 53529.9 18133.3 14096 13514 13121.7 12933 9250.28 7767.91 9068.35 6182.84 5891.3 5798.57 6321.65 6444.03 5810.65 4857.01 4713.14 6188.67 5258.82 4865.88 4294.68 4216.63 4135.48 4630.61 3869.22 4560.49 4058.57 3821.85
threshold=180.22981011210251 242.08421052631553 152.92511218049773 309.93329070758756 129.88258145363403 205.30921052631604 532.50000000000011 300.12099479467906 148.67207792207802 96.500000000000014 253.97665375112305 55.454910714285525 216.89062500000003 1718.5000000000002 24.560281603053955 191.50000000000003 11927.000000000002 148.12698768197103 401.50000000000006 38.500000000000007 0.68576388888888895 296.50000000000006 156.25304878048803 -77.499999999999986 371.50000000000006 217.50000000000003 24.737723803964304 444.50000000000006 1904.0000000000002 107.16198150924551
decision_type=8 10 10 10 10 10 10 10 10 8 10 8 10 10 10 10 8 10 8 10 10 10 10 10 8 8 8 10 10 10
left_child=2 5 4 6 17 18 7 13 -4 -7 26 -5 24 -3 15 -15 -16 29 20 -20 -2 -21 -6 -24 25 -10 -11 28 -28 -1
right_child=1 3 8 11 22 9 -8 -9 12 10 -12 -13 -14 14 16 -17 -18 -19 19 21 -22 -23 23 -25 -26 -27 27 -29 -30 -31
leaf_value=-0.60023745874258194 0.24697951446043565 0.29583124015642248 -0.13341249777754083 1.0562006504395429 -0.22217469531030434 0.24050978233449233 0.037220243593541584 1.4450294637680052 0.064302807078436691 0.62107455375418064 1.013156852973135 1.6470885567665099 0.42671648678572277 0.86754692196846006 0.82698661003793983 0.33310596792480429 1.4049999935730642 0.036079635528417732 0.25054978566470548 -0.052700331435962158 0.67644448630271425 0.31070901434105563 -0.0049439575854753484 -0.28231697139532669 -0.0087039639688812152 0.38980801258272335 0.0043671244645819944 0.66384410610070088 0.38307531106464671 -0.35752296061050598
leaf_weight=65 149 23 380 34 1242 153.5 20.5 27 166.5 80 28.5 30 34.5 45 49 37 23 26 214 165 31 41.5 173 69 689.5 51.5 34 37 101.5 574
leaf_count=44 148 23 326 34 995 153 20 27 162 80 28 30 34 45 49 37 23 21 212 161 31 41 167 62 663 51 33 37 101 397
internal_value=8.68073e-10 0.416144 -0.158677 0.887724 -0.25108 0.284694 0.760734 0.83344 -0.00846814 0.412134 0.505885 1.33318 0.041934 0.740147 0.806506 0.626397 1.01163 -0.365858 0.192483 0.137495 0.320943 0.0203335 -0.199647 -0.0840297 0.0273059 0.1412 0.448629 0.368654 0.288049 -0.382212
internal_weight=4794.5 1323.5 3471 288.5 2149 1035 224.5 204 1322 434.5 281 64 942 177 154 82 72 665 600.5 420.5 180 206.5 1484 242 907.5 218 252.5 172.5 135.5 639
internal_count=4235 1313 2922 288 1686 1025 224 204 1236 432 279 64 910 177 154 82 72 462 593 414 179 202 1224 229 876 213 251 171 134 441
is_linear=0
shrinkage=0.03


Tree=41
num_leaves=31
num_cat=0
split_feature=0 0 18 0 1 2 2 8 1 4 13 9 17 10 1 2 0 14 11 7 16 2 4 3 2 4 9 0 14 12
split_gain=331180 73465.7 64684.9 21927.5 15046.1 11027.3 10764.9 9147.55 9110.38 8871.47 11141.5 8626.59 17803.5 10370.9 7461.97 6117.35 5732.45 5248.18 4545.99 4522.12 4450.31 4270.26 4731.19 4592.61 4044.57 4024.58 4017.52 3882.17 3697.66 8170.11
threshold=192.38421052631551 155.03869969040252 1.0000000180025095e-35 242.08421052631553 137.82381055619052 15.473831953131352 20.430310388559452 180.53932682246253 185.14643592628522 0.89409722222222243 225.50000000000003 -74.499999999999986 392.50000000000006 -2.5507482750869488 178.93091286225336 39.063467243360208 117.51052631578951 129.50000000000003 42.728433613560156 4915.0000000000009 -413.49999999999994 18.352412833309355 0.20833333333333337 8493.5000000000018 28.825075611574253 0.39583333333333343 3738.5000000000005 140.06401601830655 96.500000000000014 58.500000000000007
decision_type=10 8 10 10 10 8 10 10 10 8 10 8 10 10 10 10 10 8 10 10 10 10 10 10 10 8 8 10 8 8
left_child=1 4 5 8 16 -2 -5 21 24 -7 -11 17 13 -13 27 19 -1 -8 -9 -16 -15 23 -23 25 -4 -3 -24 -6 -10 -30
right_child=2 7 3 6 14 9 11 18 28 10 -12 12 -14 20 15 -17 -18 -19 -20 -21 -22 22 26 -25 -26 -27 -28 -29 29 -31
leaf_value=-0.45218724932566678 0.60041786774992933 0.11684810564706199 0.28925207771220296 0.068598054869230402 -0.23823385620051143 0.8195134822182033 0.81021354514977029 0.19508749402970432 0.2859961246111814 1.8257587722631601 1.0240227718536672 1.3115123013792367 -0.0080974767639719197 0.27890733166174453 0.3276799263272967 0.54063427342609927 -0.27659261148991565 1.3971908087913807 -0.15128035683631896 -0.20453573286860852 0.86962308026850221 -0.13913212902281358 0.060111527943776714 -0.04464683106186193 0.023278575351834297 0.57745810054963631 -0.11401999316805957 -0.13062703375606877 0.95867806845241121 0.41261687513735462
leaf_weight=206.5 24 38 106 21.5 541.5 23 29 376.5 170 39 26 29 29 22 21 22 882 26 37.5 45.5 24 245 472.5 54.5 100 31 159.5 681.5 27 284.5
leaf_count=140 24 37 105 21 420 23 29 371 170 39 26 29 29 22 21 22 646 26 35 39 24 229 461 53 98 31 151 603 27 284
internal_value=-1.88352e-10 -0.126379 0.491912 0.404361 -0.227454 1.17043 0.698637 0.0451147 0.327101 1.32589 1.50506 0.783831 0.623134 0.86721 -0.159022 0.106993 -0.309905 1.08769 0.163714 -0.0364676 0.587107 -0.00396071 -0.0272188 0.1612 0.160139 0.323789 0.0161654 -0.178271 0.398532 0.459948
internal_weight=4794.5 3814.5 980 868 2400 112 180.5 1414.5 687.5 88 65 159 104 75 1311.5 88.5 1088.5 55 414 66.5 46 1000.5 877 123.5 206 69 632 1223 481.5 311.5
internal_count=4235 3259 976 864 1891 112 180 1368 684 88 65 159 104 75 1105 82 786 55 406 60 46 962 841 121 203 68 612 1023 481 311
is_linear=0
shrinkage=0.03


Tree=42
num_leaves=31
num_cat=0
split_feature=0 0 0 0 1 0 17 8 4 14 4 2 2 3 11 13 7 1 6 12 4 13 3 9 3 4 3 3 8 6
split_gain=312005 80373.9 47841.1 16210.6 13357.2 12162.2 11972.2 11738.5 7734.74 7089.19 8490.21 10663.1 5901.85 5384.83 5770.47 5810.8 5340.71 4687.67 4433.62 5727.06 4815.27 4556.2 4072.7 4389.51 4334.84 4038.88 5105.65 4686.91 4669.17 3804.37
threshold=180.22981011210251 242.08421052631553 142.76123876123901 309.93329070758756 163.09506218189895 205.30921052631604 532.50000000000011 300.12099479467906 0.057291666666666671 96.500000000000014 0.81423611111111127 27.862608473161202 22.073969488945753 1718.5000000000002 24.560281603053955 191.50000000000003 11927.000000000002 178.93091286225336 401.50000000000006 38.500000000000007 0.68576388888888895 296.50000000000006 7050.5000000000009 -3917.4999999999995 6667.5000000000009 0.66840277777777801 3381.5000000000005 8871.5000000000018 215.89950980392152 481.50000000000006
decision_type=8 10 10 10 10 10 10 10 8 8 10 10 10 10 10 10 8 10 8 10 10 10 8 8 10 8 8 8 10 10
left_child=2 5 8 6 -4 18 7 13 -1 29 25 -12 -5 -3 15 -15 -16 -10 20 -20 -2 -21 24 -24 -6 26 -11 28 -27 -7
right_child=1 3 4 12 22 9 -8 -9 17 10 11 -13 -14 14 16 -17 -18 -19 19 21 -22 -23 23 -25 -26 27 -28 -29 -30 -31
leaf_value=-0.37552942842482978 0.23482784297042245 0.26705284657685652 -0.11250894993924954 1.535125038840554 0.10800385192690427 0.28323915778251174 0.023559475177671849 1.3667673211627536 -0.2375589146672718 0.22763216178460294 0.46058190807186322 1.3482283101763044 0.95866743765050366 0.81608851493398349 0.77812990917235003 0.3085851058041727 1.3322769477833873 0.14858694582149898 0.23643504324464876 -0.055700563858855849 0.64578230980903872 0.29595448235431349 0.24211728967402293 -0.037756023709679273 0.56553215235471721 0.73103280282937566 0.6258662565331905 0.041085933020240377 0.12132999014854431 -0.160432078063488
leaf_weight=438.5 149 23 1079.5 33 273.5 133.5 20.5 27 1162.5 41.5 29 21 31 45 49 37 23 29 214 165 31 41.5 57.5 410.5 20 26 96 47.5 20 20
leaf_count=302 148 23 977 33 266 133 20 27 881 41 29 21 31 45 49 37 23 27 212 161 31 41 57 392 20 26 96 46 20 20
internal_value=1.53611e-11 0.391918 -0.149439 0.834725 -0.0446392 0.268489 0.714656 0.784104 -0.267805 0.389386 0.478949 0.833393 1.2559 0.695224 0.759171 0.587093 0.955149 -0.22816 0.181011 0.127678 0.305603 0.014971 0.0515727 -0.00336988 0.139181 0.402229 0.505672 0.250107 0.465945 0.225432
internal_weight=4794.5 1323.5 3471 288.5 1841 1035 224.5 204 1630 434.5 281 50 64 177 154 82 72 1191.5 600.5 420.5 180 206.5 761.5 468 293.5 231 137.5 93.5 46 153.5
internal_count=4235 1313 2922 288 1712 1025 224 204 1210 432 279 50 64 177 154 82 72 908 593 414 179 202 735 449 286 229 137 92 46 153
is_linear=0
shrinkage=0.03


Tree=43
num_leaves=31
num_cat=0
split_feature=0 0 1 0 0 4 1 7 8 13 0 10 3 2 6 10 11 5 2 8 10 0 7 7 14 14 19 9 13 17
split_gain=293565 75623.8 45246.6 15252.6 12089.4 11594.1 11563 8713.15 8604.32 7943.24 7915.33 6975.86 9832.34 6928.51 6722.25 6410.85 5836.2 5825.03 5521.64 5122.56 4565.19 4483.05 6239.02 5143.26 4471.75 5015.86 6038.08 4426.98 4276.11 5738.05
threshold=180.22981011210251 242.08421052631553 152.92511218049773 309.93329070758756 130.21635150166853 0.45833333333333343 215.9075775097705 3608.5000000000005 293.23821271929859 238.50000000000003 162.04985119047603 2.1312002516759478 9888.0000000000018 48.542148660812558 465.50000000000006 -19.013789509201697 42.351064264213207 55.454910714285525 45.279137305417308 204.62835249042104 15.458283047718803 205.30921052631604 1567.5000000000002 4085.0000000000005 98.500000000000014 111.50000000000001 -0.15499999999999992 -3519.9999999999995 295.50000000000006 460.50000000000006
decision_type=8 10 10 10 10 10 10 8 8 10 10 10 8 10 8 10 8 8 10 10 8 10 10 10 8 8 10 10 10 10
left_child=2 5 4 6 -1 18 9 -8 21 15 13 14 -13 -4 -9 -3 19 -5 28 20 -12 -7 -23 -24 -25 -26 -27 -28 29 -2
right_child=1 3 10 17 -6 8 7 11 -10 -11 16 12 -14 -15 -16 -17 -18 -19 -20 -21 -22 22 23 24 25 26 27 -29 -30 -31
leaf_value=-0.3336554271847551 0.17190855954138656 0.92093008610937321 -0.086869477048793164 0.94938159900553087 -0.18110767982531339 0.24088465612895923 0.30766892770062321 0.91864791213170338 0.95023866891860953 -0.041694483476526593 0.098971366752202541 1.0817470549259867 0.27938525153530963 0.45958613234896994 1.5221504198587856 0.23103359049016778 -0.24525162327674124 1.5229169369935991 -0.33730050810547757 0.4191519636678141 -0.31730797669887545 0.6722815034233155 0.031003306800765646 0.21811719169983496 0.93065254007067 0.83815122604370118 -0.0039926419132634214 0.46449963448941706 0.46782457311948139 -0.20180759039871832
leaf_weight=687.5 284.5 27 726.5 34 1461.5 326 23 46 20 25.5 459.5 28 27 21.5 26 22 46.5 30 21.5 43 25 61 42 78 21 24 28.5 50 36 42.5
leaf_count=478 280 27 655 34 1208 325 23 46 20 25 452 28 27 21 26 22 42 30 20 43 23 61 42 78 21 24 28 50 35 41
internal_value=2.93119e-10 0.380161 -0.144956 0.809683 -0.22991 0.260434 0.693216 0.844949 0.33763 0.387713 -0.00685749 0.942252 0.68786 -0.0711625 1.13658 0.611181 0.0769407 1.21823 0.129833 0.105343 0.0774915 0.318197 0.400969 0.333001 0.395949 0.508263 0.421725 0.29441 0.157501 0.123337
internal_weight=4794.5 1323.5 3471 288.5 2149 1035 224.5 150 650.5 74.5 1322 127 55 748 72 49 574 64 384.5 527.5 484.5 630.5 304.5 243.5 201.5 123.5 102.5 78.5 363 327
internal_count=4235 1313 2922 288 1686 1025 224 150 649 74 1236 127 55 676 72 49 560 64 376 518 475 629 304 243 201 123 102 78 356 321
is_linear=0
shrinkage=0.03


Tree=44
num_leaves=31
num_cat=0
split_feature=0 0 18 0 8 2 2 4 13 1 8 9 17 10 1 2 0 16 7 11 16 2 3 4 0 4 18 2 9 9
split_gain=276697 62018.9 55319.1 17864.7 12937.7 9997.83 9751.96 8028.77 10259.9 7988.59 7762.75 7686.13 15951 9313.66 7664.35 5648.45 5017 4824.86 4227.73 4061.38 3975.36 3936.36 4261.97 4006.28 3796.49 3748.17 3673.82 3663.02 3642.4 3354.87
threshold=192.38421052631551 155.03869969040252 1.0000000180025095e-35 242.08421052631553 128.57380660954752 15.473831953131352 20.430310388559452 0.89149305555555569 225.50000000000003 185.14643592628522 180.53932682246253 -74.499999999999986 392.50000000000006 -2.5507482750869488 178.93091286225336 39.063467243360208 141.01590265987554 -313.49999999999994 4915.0000000000009 42.728433613560156 -413.49999999999994 18.352412833309355 8493.5000000000018 0.20833333333333337 118.39775219298251 0.39583333333333343 0.67500000000000016 28.825075611574253 3738.5000000000005 781.50000000000011
decision_type=10 8 10 10 8 8 10 8 10 10 10 8 10 10 10 8 10 10 10 10 10 10 10 10 10 8 10 10 8 10
left_child=1 4 5 9 24 -2 -5 -7 -9 27 21 17 13 -13 16 18 -6 -8 -16 -12 -15 22 25 -23 -1 -3 -18 -4 -25 -29
right_child=2 10 3 6 14 7 11 8 -10 -11 19 12 -14 20 15 -17 26 -19 -20 -21 -22 23 -24 28 -26 -27 -28 29 -30 -31
leaf_value=-0.44279188840577638 0.53435640294104814 0.11233373049254479 0.2654584859016369 0.034621968934702312 -0.22924550804879987 0.71329337937491277 1.2989468893093556 1.7001157715687383 0.94742276200226372 0.3658203703726749 0.180959287675105 1.2157645083706954 -0.03380151768182886 0.23798512848940762 0.31648560558046612 0.51893353359265759 -0.40185491694025249 0.73613987519823265 -0.19811481227668432 -0.14642667946815488 0.79628968805074685 -0.12847103682981462 -0.042883702735288423 0.056279145754400697 -0.27808114091240127 0.55684486846770009 -0.11177336787666649 -0.10412903067858323 -0.10952383908358486 0.27158176187546018
leaf_weight=193 24 38 106 21.5 975.5 21 26 39 28 481.5 376.5 29 29 22 21 22 41.5 29 45.5 37.5 24 245 54.5 472.5 362.5 31 739 69 159.5 31
leaf_count=130 24 37 105 21 736 21 26 39 28 481 371 29 29 22 21 22 32 29 39 35 24 229 53 461 258 31 653 67 151 31
internal_value=2.03059e-10 -0.115517 0.449633 0.368668 -0.208384 1.07711 0.634286 1.22513 1.38556 0.298931 0.0420511 0.715373 0.563688 0.794717 -0.170159 0.102243 -0.183888 1.00219 -0.0356094 0.151305 0.529274 -0.00315727 0.155415 -0.0254875 -0.335307 0.312042 -0.127197 0.142586 0.0144349 0.0123413
internal_weight=4794.5 3814.5 980 868 2400 112 180.5 88 67 687.5 1414.5 159 104 75 1844.5 88.5 1756 55 66.5 414 46 1000.5 123.5 877 555.5 69 780.5 206 632 100
internal_count=4235 3259 976 864 1891 112 180 88 67 684 1368 159 104 75 1503 82 1421 55 60 406 46 962 121 841 388 68 685 203 612 98
is_linear=0
shrinkage=0.03


Tree=45
num_leaves=31
num_cat=0
split_feature=0 18 0 0 0 17 2 4 1 5 9 16 12 15 6 18 14 0 14 1 18 1 5 15 3 14 13 2 13 9
split_gain=260439 57668.5 49615.4 20655 11282.1 9523.3 9406.96 8597.16 8384.93 7745.28 7466.81 8291.42 6565.45 5836.06 5480.84 5202.12 5216.4 4928.68 6761.05 9283.87 4991.17 4921.01 4835.7 4458.37 5088.27 4397.6 9764.21 4353.65 4297.83 4192.07
threshold=186.69193353994504 1.0000000180025095e-35 147.12132352941202 235.12023026315805 166.46557878633402 514.50000000000011 15.473831953131352 0.3732638888888889 129.46586893849789 55.454910714285525 -486.99999999999994 25.500000000000004 41.500000000000007 6142.8333333333348 405.50000000000006 0.095000000000000015 96.500000000000014 205.30921052631604 94.500000000000014 266.67371958967323 0.28500000000000009 152.92511218049773 -29.484330321711493 8269.1666666666679 5114.0000000000009 67.500000000000014 117.50000000000001 28.903484940196353 142.50000000000003 2608.5000000000005
decision_type=8 8 10 10 10 10 8 10 8 8 8 8 8 8 8 10 10 8 8 8 8 10 8 10 8 8 10 10 10 8
left_child=2 6 8 7 21 10 -2 23 -1 13 11 -5 -12 -8 -15 -14 29 -9 20 -20 -19 -4 28 24 -3 26 -23 -26 -6 -17
right_child=1 3 4 5 22 -7 9 17 -10 -11 12 -13 15 14 -16 16 -18 18 19 -21 -22 25 -24 -25 27 -27 -28 -29 -30 -31
leaf_value=-0.33202965900382597 0.51832571662962434 0.37889240146998093 -0.14561771326541234 0.44813122142444956 0.63898319685459137 -0.037480708680501795 0.5994239290604102 0.2218319778468017 -0.1900034364427047 1.622994956236619 0.93521714176450454 1.1732184894606472 0.13538182464085127 0.87592471190861287 1.5698488633632659 0.35767694659531113 0.15741707146167755 -0.10553829536267689 0.42086454548620722 1.0991568456888199 0.34960155470394771 -0.19679020812955952 0.05929766969709041 -0.27017264121565326 0.16707073306633252 -0.043416795101962204 0.52856846249722811 -0.24977675782491079 0.13756190080381928 0.89426719025561685
leaf_weight=508 24 51 447.5 22 25 20.5 21 303 1419.5 26 28 40 38 21 20 20 21 35 197.5 20 57 29.5 664.5 29 59 494.5 38.5 36.5 40 38
leaf_count=350 24 51 401 22 25 20 21 302 1116 26 28 40 38 21 20 20 21 35 197 20 57 27 647 27 57 470 38 36 40 38
internal_value=3.81499e-10 0.398749 -0.122604 0.327496 -0.00644358 0.579302 1.04479 0.254799 -0.227435 1.18838 0.640385 0.915929 0.522566 1.00612 1.21442 0.423812 0.56255 0.307841 0.392043 0.483236 0.176451 -0.0713752 0.0834549 0.0696799 0.136954 -0.0123112 0.213891 0.00775206 0.330416 0.709236
internal_weight=4794.5 1127.5 3667 1015.5 1739.5 227.5 112 788 1927.5 88 207 62 145 62 41 117 79 612.5 309.5 217.5 92 1010 729.5 175.5 146.5 562.5 68 95.5 65 58
internal_count=4235 1121 3114 1009 1648 227 112 782 1466 88 207 62 145 62 41 117 79 611 309 217 92 936 712 171 144 535 65 93 65 58
is_linear=0
shrinkage=0.03


Tree=46
num_leaves=31
num_cat=0
split_feature=0 0 1 1 0 0 5 0 2 14 4 2 11 8 11 2 3 3 11 12 8 8 10 11 16 17 9 8 11 17
split_gain=245151 62695.6 38304.8 13500.9 10375.4 9833.88 7794.16 6549.99 6362.38 6069.17 7356.28 9837.2 5461.32 6780.08 5391.66 5232.6 5051.15 10379.7 4823.63 7809.25 4521.03 4375.61 4255.69 4204.77 4184.85 5729.27 3948.35 3728.17 5694.01 3967.43
threshold=180.22981011210251 242.08421052631553 152.92511218049773 247.43098546064655 129.88258145363403 205.30921052631604 21.677399039244012 162.04985119047603 48.542148660812558 96.500000000000014 0.81423611111111127 27.862608473161202 23.988848350601003 300.12099479467906 42.351064264213207 23.237115166040002 5447.5000000000009 4094.0000000000005 24.263747532509004 63.500000000000007 204.62835249042104 148.12698768197103 15.458283047718803 18.824546118113002 25.500000000000004 369.50000000000006 6300.0000000000009 228.88989715668453 30.003648692350755 429.50000000000006
decision_type=8 10 10 10 10 10 10 10 10 8 10 10 10 10 8 10 10 8 8 10 10 10 8 10 10 10 8 8 10 10
left_child=2 5 4 16 21 24 12 8 -4 -7 27 -12 23 -14 20 -8 17 -3 -18 -20 22 -1 26 -5 25 -2 -9 28 -11 -29
right_child=1 3 7 6 -6 9 15 14 -10 10 11 -13 13 -15 -16 -17 18 -19 19 -21 -22 -23 -24 -25 -26 -27 -28 29 -30 -31
leaf_value=-0.32462540144677943 0.19269226476819806 0.71436800811025836 -0.078949210031005496 0.84874854319370707 -0.16650458440711441 0.19539813261467004 1.6393006972074509 0.13368694414533921 0.44470539766688677 0.61314036602108946 0.40181373859787806 1.2543901380470821 0.74637316866354508 1.4359279663222178 -0.23885060025799659 0.9612729757172721 0.31586866078376769 -0.12139976870338873 1.0813913565109434 0.40664998690669352 0.39293634942104649 0.072396160730948803 -0.30921952598243951 0.30384355158805848 0.32558105660660919 -0.027065109482833315 -0.09598429457806959 -0.0059000279903411862 0.2562597445634347 0.45654931874708693
leaf_weight=639 331.5 27 726.5 26 1484 153.5 20 377.5 21.5 82 29 21 33 21 46.5 21 25 26.5 38 26 43 26 25 25 111.5 157.5 82 42.5 79 27.5
leaf_count=441 328 27 655 26 1224 153 20 373 21 82 29 21 33 21 42 21 25 26 38 26 43 21 23 25 111 154 79 42 78 27
internal_value=-1.49372e-10 0.347402 -0.132465 0.73849 -0.210631 0.238388 0.94124 -0.00540099 -0.0638976 0.3471 0.429969 0.759896 0.80427 1.01453 0.0708281 1.29202 0.53076 0.30039 0.669241 0.807278 0.0981268 -0.309103 0.0719621 0.581638 0.159729 0.121912 0.092701 0.358556 0.438025 0.175777
internal_weight=4794.5 1323.5 3471 288.5 2149 1035 146 1322 748 434.5 281 50 105 54 574 41 142.5 53.5 89 64 527.5 665 484.5 51 600.5 489 459.5 231 161 70
internal_count=4235 1313 2922 288 1686 1025 146 1236 676 432 279 50 105 54 560 41 142 53 89 64 518 462 475 51 593 482 452 229 160 69
is_linear=0
shrinkage=0.03


Tree=47
num_leaves=31
num_cat=0
split_feature=0 0 18 0 1 2 2 4 13 1 9 17 10 8 8 0 6 6 11 11 6 9 2 19 1 2 7 9 3 15
split_gain=230862 52091.3 46711.5 14834.2 11206.5 8804.53 8549.92 7310.93 9358.95 7020.42 6773.07 14303.4 8678.46 6626.59 5767.5 4788.74 4678.51 4517.71 4389.5 3666.12 3649.15 6421.22 4134.23 3518.88 3972.23 4971.87 4668.65 3723.52 3520.4 3496.78
threshold=192.38421052631551 155.03869969040252 1.0000000180025095e-35 242.08421052631553 139.7003119194022 20.430310388559452 15.473831953131352 0.89149305555555569 225.50000000000003 185.14643592628522 -74.499999999999986 416.50000000000006 -2.5507482750869488 180.53932682246253 191.40412186379953 122.05476475876551 357.50000000000006 196.50000000000003 31.644225529332104 42.728433613560156 401.50000000000006 -392.49999999999994 12.313799235081852 0.050000000000000003 170.69527541279669 40.40973105076916 13190.000000000002 -774.99999999999989 2528.0000000000005 2482.3333333333335
decision_type=10 8 10 10 10 10 8 8 10 10 8 10 10 10 8 10 10 10 10 10 10 10 10 8 10 10 10 10 8 8
left_child=1 4 6 9 15 -5 -2 -8 -9 -4 18 12 -12 20 29 -1 -14 -16 -7 -15 22 -22 -3 24 25 28 27 -26 -24 -6
right_child=2 13 3 5 14 10 7 8 -10 -11 11 -13 16 19 17 -17 -18 -19 -20 -21 21 -23 23 -25 26 -27 -28 -29 -30 -31
leaf_value=-0.3569577168437742 0.48538771674036973 0.40426842934680435 0.12619473685447161 0.0085594368812649743 -0.41946760335138861 0.71401519512428957 0.6357663243157522 1.5777047498409564 0.85881724093641554 0.33546500212771124 1.1053610229492188 -0.14723497867584229 0.2219164329767227 0.16800785949060401 0.53044744968414304 -0.22006392187598828 0.80575112981455665 -0.08820400981015937 1.2656616124085018 -0.14303964405059813 0.063190430651620486 -0.20448030246884782 0.41597804771817248 -0.076028173673616667 -0.073254292725130565 -0.30751801880598068 0.62713247128895355 0.30574885543654945 0.028352745124221552 -0.12867916331865761
leaf_weight=310 24 26.5 206 21.5 38.5 34 21 39 28 481.5 30 23 30 376.5 21 891 21 21.5 21 37.5 145.5 181 23 218.5 43 37.5 21 51 253.5 1118
leaf_count=211 24 26 203 21 30 34 21 39 28 481 30 23 30 371 20 663 21 20 21 35 142 169 23 207 42 34 21 51 247 947
internal_value=-1.90193e-11 -0.105516 0.410707 0.336307 -0.190627 0.57835 0.987301 1.12419 1.27727 0.27276 0.655397 0.513007 0.700483 0.0388909 -0.125746 -0.255399 0.462319 0.217483 0.924644 0.139833 -0.0028783 -0.0851967 0.0369985 0.0219674 0.0718789 0.0166337 0.222722 0.132375 0.0605964 -0.13836
internal_weight=4794.5 3814.5 980 868 2400 180.5 112 88 67 687.5 159 104 81 1414.5 1199 1201 51 42.5 55 414 1000.5 326.5 674 647.5 429 314 115 94 276.5 1156.5
internal_count=4235 3259 976 864 1891 180 112 88 67 684 159 104 81 1368 1017 874 51 40 55 406 962 311 651 625 418 304 114 93 270 977
is_linear=0
shrinkage=0.03


Tree=48
num_leaves=31
num_cat=0
split_feature=0 0 0 1 1 4 8 5 4 11 8 2 2 3 3 11 12 13 17 11 1 7 4 14 6 8 11 15 11 11
split_gain=217321 55272.8 34791.7 12110 9426.02 9027.62 7624.67 7071.32 6015.73 5062.38 6317.85 4924.57 4880.92 4700.47 9336.05 4392.42 7072.36 4013.96 5257.09 3906.71 3811.22 3788.64 4773.54 4576.54 5756.78 4085.16 9569.44 4623.45 4562.75 4699.14
threshold=180.22981011210251 242.08421052631553 142.76123876123901 247.43098546064655 163.09506218189895 0.45833333333333343 293.23821271929859 21.677399039244012 0.057291666666666671 23.988848350601003 300.12099479467906 45.279137305417308 23.237115166040002 5447.5000000000009 4094.0000000000005 24.263747532509004 63.500000000000007 298.50000000000006 460.50000000000006 18.824546118113002 178.93091286225336 8060.5000000000009 0.50173611111111127 92.500000000000014 479.50000000000006 206.23788249694005 17.538843845784957 6228.0833333333348 21.937201092987305 26.440049977694155
decision_type=8 10 10 10 10 10 8 10 8 10 10 10 10 10 8 8 10 10 10 10 10 8 10 8 8 10 10 10 10 10
left_child=2 5 8 13 -4 11 21 9 -1 19 -11 17 -9 14 -3 -15 -17 18 -2 -5 -10 22 -7 24 -24 -23 -27 -28 -29 -30
right_child=1 3 4 7 -6 6 -8 12 20 10 -12 -13 -14 15 -16 16 -18 -19 -20 -21 -22 25 23 -25 -26 26 27 28 29 -31
leaf_value=-0.32066243068912964 0.15072889535878028 0.6679437995122538 -0.092362405900179564 0.7989775266326391 0.045474640361797145 0.48386663400073893 0.86953103756904593 1.5558447911739348 -0.19917151572329381 0.69943478822708127 1.365069603919983 -0.33166553394739018 0.90099849496568951 0.29393821098804473 -0.1246942711101388 1.0237287220829412 0.38161053912239506 0.45108596315438099 -0.20322267589897944 0.27374088714122768 0.14900912589040297 0.22073847108073047 0.211719117071831 0.24624401739247015 -0.24564094808793835 -0.086105971240997309 0.92096499023437495 0.81033452375067594 0.089050180830937964 0.54261408848831294
leaf_weight=438.5 286.5 27 1079.5 26 761.5 49 20 20 1162.5 33 21 21.5 21 25 26.5 38 26 33 43.5 25 29 115.5 53 203.5 46.5 25 25 27 34 52
leaf_count=302 282 27 977 26 735 49 20 20 881 33 21 20 21 25 26 38 26 32 42 25 27 115 53 203 46 25 25 27 34 52
internal_value=4.84212e-10 0.327089 -0.12472 0.694297 -0.0353483 0.224732 0.29285 0.886319 -0.22566 0.755855 0.958293 0.109489 1.22044 0.497559 0.275329 0.631146 0.762868 0.135618 0.104072 0.541509 -0.190697 0.274557 0.209145 0.164718 -0.00202202 0.357233 0.453952 0.551788 0.470112 0.363298
internal_weight=4794.5 1323.5 3471 288.5 1841 1035 650.5 146 1630 105 54 384.5 41 142.5 53.5 89 64 363 330 51 1191.5 630.5 352 303 99.5 278.5 163 138 113 86
internal_count=4235 1313 2922 288 1712 1025 649 146 1210 105 54 376 41 142 53 89 64 356 324 51 908 629 351 302 99 278 163 138 113 86
is_linear=0
shrinkage=0.03


Tree=49
num_leaves=31
num_cat=0
split_feature=0 0 18 8 8 4 11 5 8 2 1 12 3 1 17 2 2 6 11 7 15 0 0 8 6 18 4 7 11 2
split_gain=205386 48830.8 40162.4 12571.4 10234.1 7824.46 7403.39 10424.2 6890.99 6331.99 6327.62 6075.36 7537.09 5644.89 5139.2 5126.08 4522.49 4374.55 4934.71 4485.68 4343.25 4025.06 3961.39 3961.27 3927.5 4682.89 8309.24 3923.93 3897.23 3534.72
threshold=194.63491263440903 155.03869969040252 1.0000000180025095e-35 253.85263157894752 128.57380660954752 0.86284722222222243 23.988848350601003 -34.242105263158486 171.44333022388051 46.023612734389111 178.93091286225336 64.500000000000014 10196.500000000002 247.43098546064655 276.50000000000006 39.063467243360208 16.667017310947404 401.50000000000006 37.543309249794206 9227.5000000000018 17355.000000000004 212.76845878136254 141.01590265987554 233.54128264208904 282.50000000000006 0.30500000000000005 0.83159722222222243 4915.0000000000009 18.147411450933706 18.440138544834003
decision_type=10 8 10 10 8 8 10 10 10 10 10 10 8 10 10 10 8 10 8 10 8 10 10 8 8 10 8 10 10 10
left_child=1 4 5 9 -1 -2 28 -8 17 13 22 12 -7 21 -15 27 -10 29 -19 -20 -18 23 -6 -4 -23 -26 -27 -12 -5 -3
right_child=2 8 3 6 10 11 7 -9 16 -11 15 -13 -14 14 -16 -17 20 18 19 -21 -22 24 -24 -25 25 26 -28 -29 -30 -31
leaf_value=-0.29258116231887565 0.48780344963073724 0.21860517779071081 0.23807629870538241 0.63323227969524654 -0.1984773464284757 1.4925553510063572 0.43670142432576731 1.1393949013164169 0.44515092383112226 -0.21941732390721638 0.30969666617257258 0.66968114629387854 0.80448584038278326 0.31578055445353187 0.97671341057214878 0.4987672017379241 0.1176161283127497 -0.054710725079181836 -0.63579918572777194 -0.069159708340962717 -0.18256986037213752 0.62494570942738881 -0.10779828753043144 -0.058229659392508036 0.21716774050209167 0.33168333514063963 1.0184668654203415 -0.18607005790039732 0.12451953914355147 -0.0011634859239101891
leaf_weight=555.5 27 76 249.5 23 975.5 38 38 38 35 22.5 21 24 23 22.5 20 22 563 197 28.5 22.5 47 39 780.5 48.5 189 76.5 20 45.5 33 494
leaf_count=388 27 75 249 23 736 38 38 38 35 22 21 24 23 22 20 22 554 191 23 20 44 39 685 48 188 76 20 39 33 474
internal_value=1.52112e-10 -0.0964192 0.399858 0.327034 -0.179696 0.932708 0.595191 0.788048 0.0401929 0.275548 -0.145699 1.07403 1.23312 0.292295 0.626808 0.101812 0.113515 -0.0176224 -0.1228 -0.385811 0.094487 0.269456 -0.158173 0.189852 0.34256 0.303985 0.474022 -0.0295121 0.333455 0.028139
internal_weight=4794.5 3863 931.5 819.5 2400 112 132 76 1463 687.5 1844.5 85 61 665 42.5 88.5 645 818 248 51 610 622.5 1756 298 324.5 285.5 96.5 66.5 56 570
internal_count=4235 3307 928 816 1891 112 132 76 1416 684 1503 85 61 662 42 82 633 783 234 43 598 620 1421 297 323 284 96 60 56 549
is_linear=0
shrinkage=0.03


Tree=50
num_leaves=31
num_cat=0
split_feature=0 0 18 8 0 7 8 2 1 5 19 15 2 2 0 7 6 4 5 4 5 8 17 12 9 7 6 18 6 2
split_gain=193264 42846.4 39797 12889.6 9192.26 8299.33 9337.12 7778.42 7739.61 6951.76 6934.65 5247.93 4807.07 7806.21 7374.81 6802.76 4785.92 3989.4 3949.13 3841.51 3617.05 6705.38 6348.18 3789.48 3604.29 3601.38 3468.36 3460.53 3393.49 3344.79
threshold=191.73852996254703 149.30888157894753 1.0000000180025095e-35 210.99668560606102 166.46557878633402 13515.000000000002 293.23821271929859 15.473831953131352 129.46586893849789 55.454910714285525 -1.0000000180025095e-35 6142.8333333333348 38.063043529123455 35.255429856756656 264.21618920719504 13190.000000000002 405.50000000000006 0.42361111111111122 32.569858860005006 0.22048611111111113 -34.242105263158486 253.85263157894752 363.50000000000006 79.500000000000014 1464.5000000000002 9660.5000000000018 542.50000000000011 0.53500000000000014 438.50000000000006 16.760993611459654
decision_type=10 8 10 10 8 10 10 8 8 8 10 8 10 10 10 8 8 10 8 8 10 10 10 8 8 8 8 10 8 10
left_child=1 8 7 12 18 6 20 -2 -1 11 -7 -9 13 14 -4 27 -13 -10 -3 25 24 23 -23 26 -5 -6 -22 -14 -8 -21
right_child=2 4 3 5 19 10 28 9 17 -11 -12 16 15 -15 -16 -17 -18 -19 -20 29 21 22 -24 -25 -26 -27 -28 -29 -30 -31
leaf_value=-0.2899501840684971 0.42599348850548269 -0.036802329383151054 0.17341786516798025 0.29981510790911586 -0.37385625525828331 1.1382917989253998 0.52794277739524831 0.47696278061185565 -0.16466437203191198 1.4470432541920588 0.48010376004611743 0.74383882535355428 0.34044760809669011 0.70986756625771519 0.75242258191108702 -0.39709606647491452 1.3922808339893817 0.10638997219576694 -0.26967220404764991 0.30409847187724981 0.26443228533593088 1.080512103991849 0.33369710956513882 0.39855804546833035 -0.18940498095491656 0.10244963495236523 -0.16779287930577994 -0.13994100547418362 1.0805852186679841 0.081180359660770932
leaf_weight=515.5 24 786.5 346 33 31 25 20 21 1513.5 26 34 21 39.5 30 21 27 20 50.5 71.5 66 55 21 20 125 23 26.5 24 20.5 20 737.5
leaf_count=356 24 738 344 33 27 25 20 21 1198 26 34 21 39 30 21 26 20 48 62 65 55 21 20 125 23 25 24 20 20 724
internal_value=1.22376e-10 -0.0975323 0.371964 0.304465 0.0132867 0.430475 0.373634 0.904727 -0.18914 1.03529 0.758997 0.86262 0.200324 0.244583 0.206549 -0.00164027 1.06015 -0.155912 -0.0562082 0.0825394 0.316408 0.366127 0.716212 0.295767 0.0988854 -0.154341 0.133123 0.176315 0.804264 0.099491
internal_weight=4794.5 3798.5 996 884 1719 400 341 112 2079.5 88 59 62 484 397 367 87 41 1564 858 861 301 245 41 204 56 57.5 79 60 40 803.5
internal_count=4235 3243 992 880 1641 400 341 112 1602 88 59 62 480 395 365 85 41 1246 800 841 301 245 41 204 56 52 79 59 40 789
is_linear=0
shrinkage=0.03


Tree=51
num_leaves=31
num_cat=0
split_feature=0 18 4 8 0 0 0 3 3 2 9 5 1 6 11 15 6 9 7 15 13 0 7 6 19 10 2 12 11 1
split_gain=181887 40942.4 35993.2 14357.4 9214.27 9173.54 8331.21 8579.19 10676.3 7318.72 7041.94 6540.91 6265.66 6077.42 5593.63 4937.78 4503.07 4357.44 3906.66 5305.26 3621.22 5478.9 5119.88 4363.77 4961.8 3981.87 6133.34 4137.29 3966.54 3492.15
threshold=186.69193353994504 1.0000000180025095e-35 0.22048611111111113 209.90919384057955 131.35287990196053 166.46557878633402 259.90432254802857 7493.5000000000009 9987.5000000000018 15.473831953131352 -486.99999999999994 55.454910714285525 156.09363204412554 405.50000000000006 26.842238337159603 6142.8333333333348 405.50000000000006 131.50000000000003 11494.000000000002 14284.166666666666 346.50000000000006 214.65625000000003 10897.000000000002 448.50000000000006 0.069999999999999993 3.5353663445096495 31.505731409572956 68.500000000000014 24.829577081843201 191.13417363701572
decision_type=8 8 10 10 10 10 10 8 8 8 8 8 8 8 10 8 8 10 8 8 10 8 8 8 10 8 10 8 8 8
left_child=2 9 4 12 -1 29 7 17 14 -2 -8 15 -3 -10 -9 -11 -17 -5 -15 -20 21 22 23 -14 -25 -23 27 -27 -24 -4
right_child=1 3 5 6 -6 -7 10 8 13 11 -12 -13 20 18 -16 16 -18 -19 19 -21 -22 25 28 24 -26 26 -28 -29 -30 -31
leaf_value=-0.27158664515837766 0.41321368038654327 -0.31420840215682982 -0.068941082074704271 0.28863169182626314 -0.13874577390579795 0.09664639937917327 1.1589708176526154 0.57949349966916164 0.60525154026805383 0.46265388965606685 0.48771404422246489 1.4036319596033831 0.08954847729161157 -0.0090506853965612553 1.2727058326452969 0.72152365897383008 1.350512404024601 -0.051346809752780859 0.73250769270503002 0.14256669279845322 -0.1810032740286128 0.17758014338744152 0.25487849137187002 0.46151587014669898 -0.027461790987785825 0.61566620879703104 0.80860388956469242 0.15640534190570607 -0.098098386685446945 0.13446113716272345
leaf_weight=717.5 24 22.5 896.5 122 1362 608 22 22 61 21 39 26 99.5 39 20 21 20 47 23 34 22 77 40 91 23.5 27 32 51 101 83
leaf_count=499 24 21 797 122 1141 598 22 22 61 21 39 26 99 39 20 21 20 47 23 34 21 77 40 91 23 27 32 50 99 79
internal_value=-1.76659e-10 0.333232 -0.10246 0.273195 -0.184581 0.00511219 0.405089 0.351264 0.48475 0.877585 0.729807 1.00423 0.176721 0.371098 0.909595 0.836742 1.02835 0.194081 0.222312 0.380613 0.196306 0.211621 0.142394 0.234872 0.361158 0.343041 0.458863 0.31538 0.0020369 -0.0517054
internal_weight=4794.5 1127.5 3667 1015.5 2079.5 1587.5 429 368 199 112 61 88 586.5 157 42 62 41 169 96 57 564 542 355 214 114.5 187 110 78 141 979.5
internal_count=4235 1121 3114 1009 1640 1474 429 368 199 112 61 88 580 157 42 62 41 169 96 57 559 538 352 213 114 186 109 77 139 876
is_linear=0
shrinkage=0.03


Tree=52
num_leaves=31
num_cat=0
split_feature=0 0 0 1 4 4 8 5 6 15 1 2 3 3 17 16 2 1 7 11 12 16 13 17 14 4 15 17 4 7
split_gain=171224 42891.5 27854.5 10056.4 8451.13 7525 6824.78 6064.66 6644.01 5141.43 4902.08 4403.75 4259.68 8225.12 4256.65 7155.32 5354.74 4918.81 4119.3 3975.94 6365.95 3926.29 3770.28 4772.16 3656.88 3639.73 3542.11 3491.91 4358.44 3391.2
threshold=180.22981011210251 242.08421052631553 141.68444683908052 247.43098546064655 0.21267361111111119 0.45833333333333343 293.23821271929859 36.079966044142516 506.50000000000006 8269.1666666666679 117.00628844839382 45.279137305417308 5447.5000000000009 4094.0000000000005 371.50000000000006 190.50000000000003 35.438709633208511 221.42275021732254 10456.000000000002 24.263747532509004 63.500000000000007 -5.4999999999999991 298.50000000000006 460.50000000000006 103.50000000000001 0.36458333333333343 3084.7500000000005 452.50000000000006 0.39583333333333343 8060.5000000000009
decision_type=8 10 10 10 10 10 8 10 8 8 8 10 10 8 8 8 10 8 10 8 10 8 10 10 8 10 8 10 10 8
left_child=2 5 10 12 -4 11 29 8 21 -10 -1 22 13 -3 15 16 -6 26 -18 -14 -21 -5 23 -2 -23 -12 -16 -28 -29 -7
right_child=1 3 4 7 14 6 -8 -9 9 -11 25 -13 19 -15 17 -17 18 -19 -20 20 -22 24 -24 -25 -26 -27 27 28 -30 -31
leaf_value=-0.37646193927851584 0.13353914201103581 0.59148942695723639 -0.11320741022005677 0.17032856994867324 0.12882462489486257 0.18316465477766045 0.80795171570777891 1.2041809681287179 0.69160891180453088 1.3492950174808502 -0.19818950789427831 -0.32222412727599919 0.24087308276295663 -0.15249598331046554 0.17536244985634936 0.39741625482759135 -0.37543647234032795 0.35469140029722646 0.13726182847522025 0.93450839544597419 0.32530225024773524 0.98570701682567585 0.42540182709693908 -0.20369289554398634 0.48220854311778738 0.058752191506543205 -0.089483189409054517 -0.046373814466653514 0.22263583301427123 0.323270594884292
leaf_weight=137.5 286.5 27 749.5 20 158.5 352 20 26 23 20 1358 21.5 25 26.5 69.5 63.5 41 31 21.5 38 26 20 33 43.5 37 51.5 551.5 154.5 83.5 278.5
leaf_count=93 282 27 666 20 154 351 20 26 23 20 1004 20 25 26 67 63 35 31 21 38 26 20 32 42 37 45 516 144 83 278
internal_value=-1.46703e-10 0.290334 -0.110705 0.61381 -0.0344998 0.200167 0.262358 0.788795 0.698794 0.997509 -0.205481 0.0949513 0.434527 0.222973 0.015727 0.116741 0.0360947 -0.0165635 -0.199068 0.561697 0.687018 0.53198 0.11966 0.0890858 0.658875 -0.188801 -0.0299615 -0.0480363 0.0480056 0.245051
internal_weight=4794.5 1323.5 3471 288.5 1924 1035 650.5 146 120 43 1547 384.5 142.5 53.5 1174.5 284.5 221 890 62.5 89 64 77 363 330 57 1409.5 859 789.5 238 630.5
internal_count=4235 1313 2922 288 1780 1025 649 146 120 43 1142 376 142 53 1114 273 210 841 56 89 64 77 356 324 57 1049 810 743 227 629
is_linear=0
shrinkage=0.03


Tree=53
num_leaves=31
num_cat=0
split_feature=0 0 18 1 0 8 4 4 8 12 12 1 2 6 8 2 5 6 11 0 2 4 5 3 9 9 2 14 12 16
split_gain=161624 38865.8 32009.3 10087 8516.35 7841.85 6948.1 6903.63 5609.28 5572.72 7268.81 5031.77 6897.35 5023.23 4589.31 4187.02 4097.98 3894.61 5028.74 4149.22 3803.13 4544.71 3680.98 4608.59 3457.68 4482.27 3934.49 4623.44 3389.1 3341.53
threshold=194.63491263440903 155.03869969040252 1.0000000180025095e-35 266.67371958967323 126.20953947368402 270.43178973717153 0.86284722222222243 0.92534722222222243 180.53932682246253 64.500000000000014 31.500000000000004 157.88953577652504 40.535006039930906 465.50000000000006 293.23821271929859 45.279137305417308 3.0104606468095132 385.50000000000006 31.644225529332104 176.33824117255202 11.853569291887402 0.17708333333333337 8.8131435475349935 1271.5000000000002 8217.5000000000018 3837.5000000000005 33.659780504602104 81.500000000000014 60.500000000000007 -142.49999999999997
decision_type=10 8 10 10 10 10 8 10 10 10 10 10 10 8 10 10 10 10 8 8 10 10 8 10 8 10 10 8 10 10
left_child=1 4 6 5 -1 15 -2 13 17 10 -8 -6 16 -5 -9 -4 -13 20 -19 29 -3 -22 23 -23 25 26 -10 -28 -25 -20
right_child=2 8 3 7 11 -7 9 14 24 -11 -12 12 -14 -15 -16 -17 -18 18 19 -21 21 22 -24 28 -26 -27 27 -29 -30 -31
leaf_value=-0.26534016022364665 0.41116021871566771 0.40853176788407924 0.24861847054692726 0.54939850672431612 -0.1538880276328829 0.8093125050447203 0.84304684077699976 0.074506527077820559 0.18385849428294901 0.57632154196500773 1.5089277998685835 -0.098112352389489482 0.38740640985048735 1.1911477484021868 0.6446607822179794 -0.13579676857534445 0.33012033504109045 0.0033595289717054666 0.14447545626124397 -0.46768712927555217 -0.098415534916471259 -0.29838006357017616 0.17328724357141617 -0.030975684255361555 -0.075709868519638582 0.4169310532201011 -0.41198432678871966 0.079524521702943843 0.22506024654167636 -0.24171964173557378
leaf_weight=535 27 24.5 676 23 1499.5 22 36 27 232 24 25 311.5 32.5 21 24 26.5 21.5 235.5 30.5 43.5 183 39 203.5 135 65 53 23.5 64.5 71 59.5
leaf_count=374 27 24 673 23 1191 22 36 27 231 24 25 275 31 21 24 26 20 230 30 38 172 36 201 130 63 52 21 63 71 54
internal_value=5.8796e-10 -0.0855325 0.35471 0.289696 -0.159827 0.251584 0.83041 0.580356 0.0363457 0.963584 1.11595 -0.12956 -0.0297502 0.855688 0.342814 0.234117 -0.0704637 -0.00205401 -0.0800245 -0.227118 0.0418044 0.0275766 0.0789848 0.000656072 0.126208 0.161395 0.119071 -0.0517307 0.0572697 -0.110842
internal_weight=4794.5 3863 931.5 819.5 2400 724.5 112 95 1463 85 61 1865 365.5 44 51 702.5 333 1025 369 133.5 656 631.5 448.5 245 438 373 320 88 206 90
internal_count=4235 3307 928 816 1891 721 112 95 1416 85 61 1517 326 44 51 699 295 986 352 122 634 610 438 237 430 367 315 84 201 84
is_linear=0
shrinkage=0.03


Tree=54
num_leaves=31
num_cat=0
split_feature=0 0 18 8 7 8 0 2 1 19 2 5 2 2 0 7 8 2 5 8 17 12 12 4 5 16 6 18 2 5
split_gain=152141 34137.2 31697.9 10570.9 7426.32 7704.47 7357.06 6599.08 6465.23 6328.74 6157.81 7272.98 4246.89 7317.39 6439.29 6221.09 3754.79 3502.35 3326.98 5741.44 5858.38 3492.69 3441.14 3304.07 3249.82 3574.01 3140.37 3131.88 3081.93 3791.93
threshold=191.73852996254703 149.30888157894753 1.0000000180025095e-35 210.99668560606102 13515.000000000002 293.23821271929859 168.51635338345903 15.473831953131352 129.46586893849789 -1.0000000180025095e-35 21.772927479623203 10.877349120075992 38.063043529123455 35.255429856756656 264.21618920719504 13190.000000000002 131.60337078651702 36.938431203990859 -34.242105263158486 253.85263157894752 363.50000000000006 79.500000000000014 69.500000000000014 0.42361111111111122 -29.484330321711493 133.50000000000003 542.50000000000011 0.53500000000000014 33.659780504602104 -7.1899521531099841
decision_type=10 8 10 10 10 10 8 8 8 10 10 8 10 10 10 8 10 10 10 10 10 8 8 10 8 8 8 10 10 10
left_child=1 8 7 12 5 18 16 -2 -1 -6 11 -9 13 14 -4 27 17 -3 22 21 -21 26 -5 -10 25 -8 -20 -14 29 -23
right_child=2 6 3 4 9 -7 24 10 23 -11 -12 -13 15 -15 -16 -17 -18 -19 19 20 -22 28 -24 -25 -26 -27 -28 -29 -30 -31
leaf_value=-0.26044246880971728 0.36454754978418347 -0.10991911317351498 0.1492937921973839 0.35122166536424471 1.0570101897597313 0.72130610436201092 0.073344440306935987 0.74338331699371341 -0.14590064565844027 0.42823368910042675 0.61694283743415557 1.4493933004962987 0.31196533848967734 0.66755732214450836 0.6903288721665739 -0.39252780033482443 -0.023154287373807137 -0.50040045120886401 0.2295285459377549 0.99974365949630739 0.28231755495071409 0.091691330671310411 -0.126797593832016 0.10077544831993557 0.06123028526237962 0.51568439881647787 -0.18175183001905679 -0.14504290999435795 0.65008690100449773 0.46319509970791195
leaf_weight=515.5 24 79 346 23 25 40 35 24 1513.5 34 35 29 39.5 30 21 27 820.5 28 55 21 20 48 33 50.5 725.5 31 24 20.5 26 51
leaf_count=356 24 71 344 23 25 40 35 24 1198 34 35 29 39 30 21 26 775 22 55 21 20 48 33 48 707 31 24 20 26 51
internal_value=5.50309e-10 -0.0865359 0.330027 0.269786 0.383902 0.330133 0.012381 0.805498 -0.168305 0.694664 0.925757 1.12969 0.175476 0.217076 0.180252 -0.0143563 -0.0449519 -0.212101 0.27815 0.325834 0.64978 0.260728 0.0695317 -0.137936 0.0795652 0.28111 0.104583 0.155821 0.359411 0.283072
internal_weight=4794.5 3798.5 996 884 400 341 1719 112 2079.5 59 88 53 484 397 367 87 927.5 107 301 245 41 204 56 1564 791.5 66 79 60 125 99
internal_count=4235 3243 992 880 400 341 1641 112 1602 59 88 53 480 395 365 85 868 93 301 245 41 204 56 1246 773 66 79 59 125 99
is_linear=0
shrinkage=0.03


Tree=55
num_leaves=31
num_cat=0
split_feature=0 18 4 8 0 0 7 8 4 11 1 5 12 0 10 11 11 7 6 13 0 7 11 10 2 12 11 13 6 0
split_gain=143218 32586.3 28901.4 11661.9 7597.77 7275 7196.46 7554.46 6521.4 6270.31 5609.89 5359.53 9009.02 3350.87 3465.88 4907.8 4043.59 7420.96 5080.76 3268.46 4739.2 4651.11 4199.48 3671.92 5821.7 3791.3 3586.06 3094.86 3018.15 2988.89
threshold=186.69193353994504 1.0000000180025095e-35 0.22048611111111113 209.90919384057955 131.63947368421051 166.46557878633402 13515.000000000002 293.23821271929859 0.86284722222222243 32.826721931771353 156.09363204412554 19.988162008989494 63.500000000000007 257.34256120527351 -14.559416963043548 34.240900136339306 17.803309088239605 121.50000000000001 405.50000000000006 346.50000000000006 214.65625000000003 10897.000000000002 39.248414719535354 3.5353663445096495 31.505731409572956 68.500000000000014 24.829577081843201 261.50000000000006 438.50000000000006 104.51049741602051
decision_type=8 8 10 10 10 10 10 10 8 10 8 10 8 10 10 10 10 10 8 10 8 8 8 8 10 8 8 10 8 10
left_child=2 8 4 10 29 -4 7 13 -2 -8 -3 12 -10 14 -5 16 -16 -18 -19 20 21 22 -12 -22 25 -25 -23 -6 -9 -1
right_child=1 3 5 6 27 -7 9 28 11 -11 19 -13 -14 -15 15 -17 17 18 -20 -21 23 26 -24 24 -26 -27 -28 -29 -30 -31
leaf_value=-0.48644291315162008 0.37516053325600091 -0.30934219121932982 -0.04512240359876276 0.59978416221482411 -0.096679420680993639 0.086989127449694365 0.44403075683407667 0.43907476902008052 1.18393166328852 1.0815010227475845 0.14830852633920208 1.2901344363391398 0.4466997011048453 0.53175643836727005 0.0069486640996121347 -0.098287201310907082 0.82270589807759154 0.46565810059086749 0.11329018952058895 -0.18474216016856107 0.1516051470614099 0.23051616959273813 0.48920383545756341 0.56938460085127096 0.76245850872248411 0.12974609986824145 -0.10510461805001049 -0.20318552986975333 0.96025907295942303 -0.22722728818185303
leaf_weight=42.5 27 22.5 979.5 21 1024 608 41 20 26 21 174 24 35 37 47 42 23 59 98 22 77 40 40 27 32 51 101 323 20 690
leaf_count=29 27 21 876 21 871 598 41 20 26 21 173 24 35 37 47 42 23 59 98 21 77 40 40 27 32 50 99 259 20 481
internal_value=-8.57683e-11 0.295696 -0.0909183 0.242135 -0.164506 0.00547527 0.361005 0.310502 0.781333 0.659948 0.155187 0.910352 0.76093 0.262898 0.228595 0.199617 0.254736 0.319436 0.245709 0.173719 0.188269 0.123884 0.212027 0.310496 0.421719 0.281929 -0.00989305 -0.122219 0.699667 -0.242267
internal_weight=4794.5 1127.5 3667 1015.5 2079.5 1587.5 429 367 112 62 586.5 85 61 327 290 269 227 180 157 564 542 355 214 187 110 78 141 1347 40 732.5
internal_count=4235 1121 3114 1009 1640 1474 429 367 112 62 580 85 61 327 290 269 227 180 157 559 538 352 213 186 109 77 139 1130 40 510
is_linear=0
shrinkage=0.03


Tree=56
num_leaves=31
num_cat=0
split_feature=0 0 4 17 8 0 8 6 2 0 3 12 16 11 7 13 1 9 1 5 14 11 12 12 10 2 9 19 4 11
split_gain=134869 43918.1 14026.8 12578.7 11237.4 8396.13 8075.44 7588.08 5987.04 5285.81 5264.64 5227.2 4449.02 5829.88 6669.27 5553.19 4000.15 3605.95 6649.72 4330.17 6570.09 4053.2 3954.18 3913.65 3523.07 4060.46 4537.07 3280.29 3759.5 3263.99
threshold=168.51635338345903 235.12023026315805 0.18576388888888892 548.50000000000011 210.99668560606102 346.70101351351354 300.12099479467906 250.50000000000003 43.944724492202305 121.16737938596502 1718.5000000000002 38.500000000000007 5.5000000000000009 17.803309088239605 272.50000000000006 185.50000000000003 170.41657180668923 812.00000000000011 191.75021353379881 2.7863489309830105 76.500000000000014 38.195160295903811 118.50000000000001 114.50000000000001 -0.73062044014740113 25.296186488793555 -1163.4999999999998 -0.34499999999999992 0.18576388888888892 36.849919774554508
decision_type=8 10 10 10 10 10 10 8 10 10 10 10 8 10 10 10 8 10 8 10 8 10 8 10 8 10 10 8 10 10
left_child=2 4 9 5 8 6 7 -3 16 -1 -9 -8 15 -14 -15 -6 27 18 19 23 -21 -22 -20 -4 -12 -26 -27 -2 -29 -19
right_child=1 3 17 -5 12 -7 11 10 -10 -11 24 -13 13 14 -16 -17 -18 29 22 20 21 -23 -24 -25 25 26 -28 28 -30 -31
leaf_value=-0.29300932779649136 0.33548088101148604 0.98776387895856577 -0.089145288500398587 -0.20497564498971149 0.40198401276022194 1.0393400388956069 1.1699038846492766 0.021574201706796883 -0.18618121496655723 -0.1546896125873812 0.62835978848315199 0.51920930139720434 0.0092152957121531161 0.89304892897605892 0.35938872290915147 -0.11263498564959382 0.14170701192960494 -0.070168472576635249 0.5210318876596598 0.52665064586292609 -0.058504521941841997 0.37536321656501037 0.027277510835314694 0.31491119647026061 0.16316499866138806 0.76336403044787315 0.27952569684466799 -0.3778160720455403 0.013953853827477856 -0.25313215034736974
leaf_weight=302 25 21 524.5 20.5 32 30 25 30 66 1407.5 65 20 36 24 173 46 804.5 419 32.5 27.5 110.5 23.5 26.5 22.5 55 33 37 24.5 220 111
leaf_count=206 25 21 463 20 32 30 25 30 62 1109 65 20 36 24 173 46 795 371 32 27 102 22 25 21 55 33 37 21 215 92
internal_value=-4.37341e-10 0.206371 -0.122677 0.51516 0.13476 0.561877 0.511794 0.44291 0.0911541 -0.179125 0.390901 0.880706 0.294603 0.360254 0.424403 0.0984908 0.108197 -0.0483036 -0.0067435 -0.0322259 0.104267 0.0175842 0.299261 -0.072525 0.449215 0.35606 0.507621 0.00816466 -0.0253033 -0.108487
internal_weight=4794.5 1787.5 3007 336.5 1451 316 286 241 1140 1709.5 220 45 311 233 197 78 1074 1297.5 767.5 708.5 161.5 134 59 547 190 125 70 269.5 244.5 530
internal_count=4235 1765 2470 336 1429 316 286 241 1118 1315 220 45 311 233 197 78 1056 1155 692 635 151 124 57 484 190 125 70 261 236 463
is_linear=0
shrinkage=0.03


Tree=57
num_leaves=31
num_cat=0
split_feature=0 18 0 8 4 7 8 4 19 1 5 2 4 9 17 6 6 2 1 12 0 9 11 3 18 2 3 0 10 11
split_gain=127084 29386 25803.2 10301.2 7267.04 6710.43 6791 6075.55 5908.24 5152.13 5035.67 8576.57 4274.34 4097.2 5773.49 7605.65 4642.4 5482.28 4997.16 4917.27 4837.01 3997.91 3938.05 3726.11 4271.46 3598.89 3508.72 3072.28 3214.44 4661.95
threshold=186.69193353994504 1.0000000180025095e-35 142.76123876123901 209.90919384057955 0.21267361111111119 13515.000000000002 293.23821271929859 0.86284722222222243 -1.0000000180025095e-35 156.09363204412554 19.988162008989494 18.266379216987854 0.057291666666666671 -3855.4999999999995 343.50000000000006 431.50000000000006 384.50000000000006 35.55046810967746 223.62850920799238 100.50000000000001 174.18284693269803 95.000000000000014 20.150497566489502 4094.0000000000005 0.67500000000000016 32.282362158115156 7641.5000000000009 257.34256120527351 -14.559416963043548 34.240900136339306
decision_type=8 8 10 10 10 10 10 8 10 8 10 8 8 8 8 8 10 10 8 8 10 10 10 10 10 10 10 10 10 10
left_child=2 7 12 9 -4 6 27 -2 -7 -3 11 -9 -1 14 15 -6 18 26 20 21 -15 -19 -22 -16 25 -25 -18 28 -5 -30
right_child=1 3 4 5 13 8 -8 10 -10 -11 -12 -13 -14 16 23 -17 17 19 -20 -21 22 -23 -24 24 -26 -27 -28 -29 29 -31
leaf_value=-0.25468607174659502 0.3476743733551767 -0.2992117052078247 -0.091672471460480062 0.57012296301977972 0.085774745345115658 0.98434654118120657 0.65960863171890372 0.26217337846755978 0.3873452364109658 0.16372098629499113 1.2323761147260666 0.99615837683803143 -0.14513473326719412 -0.010951674713007908 -0.10641921146350691 0.87261575198755037 0.13351860736661098 -0.09211586002463644 0.46936472032070159 0.080290255972317287 0.51935553060128137 -0.54166051594669573 0.11437827950692735 0.15666039857621256 -0.014642625319755683 0.62012244686186313 -0.077808888133558685 0.50293703101776743 0.23846529261393692 -0.1056022549527032
leaf_weight=438.5 27 22.5 713 21 24 25 40 23 37 564 24 38 1191.5 470.5 69.5 20.5 102 27.5 25 28 26 50.5 128 38 59 25 230.5 37 227 42
leaf_count=302 27 21 639 21 24 25 40 23 37 559 24 38 908 442 65 20 101 26 25 26 26 43 127 38 57 25 220 37 227 42
internal_value=4.06814e-10 0.278543 -0.0856441 0.22768 -0.0144571 0.339399 0.290632 0.739716 0.628072 0.145961 0.864247 0.71941 -0.174606 0.0271249 0.140438 0.448252 0.002546 -0.0728734 0.0534642 -0.260744 0.0368149 -0.383167 0.182751 0.0689092 0.168789 0.340574 -0.0129806 0.245497 0.212651 0.184745
internal_weight=4794.5 1127.5 3667 1015.5 2037 429 367 112 62 586.5 85 61 1630 1324 236 44.5 1088 438.5 649.5 106 624.5 78 154 191.5 122 63 332.5 327 290 269
internal_count=4235 1121 3114 1009 1904 429 367 112 62 580 85 61 1210 1265 229 44 1036 416 620 95 595 69 153 185 120 63 321 327 290 269
is_linear=0
shrinkage=0.03


Tree=58
num_leaves=31
num_cat=0
split_feature=0 0 18 1 8 8 4 4 12 3 6 1 7 9 8 12 6 11 2 4 2 9 11 10 2 11 2 2 4 18
split_gain=119644 29146.7 24050.1 7730.69 6893.71 6688.98 6277.32 5716.49 4809.03 6761.42 4680.19 4449.55 4613.18 5686.62 4427.96 4162.55 4023.61 5572.16 3595.15 3423.5 3658.63 3628.82 4273.88 3782.44 3021.19 5551.64 4677.33 4480.88 8231.45 3626.15
threshold=194.63491263440903 155.03869969040252 1.0000000180025095e-35 266.67371958967323 128.57380660954752 270.43178973717153 0.92534722222222243 0.86284722222222243 64.500000000000014 10196.500000000002 465.50000000000006 178.93091286225336 3318.0000000000005 -1290.4999999999998 220.28648325358853 46.500000000000007 389.50000000000006 43.944724492202305 45.279137305417308 0.18142361111111119 17.434769919617256 13595.000000000002 21.778865218436653 15.458283047718803 40.40973105076916 34.133866044368155 38.261139461442703 31.401958893068354 0.81423611111111127 0.41500000000000004
decision_type=10 8 10 10 8 10 10 8 10 8 8 10 10 8 10 10 10 8 10 10 10 8 10 10 10 8 10 10 8 10
left_child=1 4 7 5 -1 18 10 -2 9 -9 -5 -6 -13 -14 16 -8 19 -18 24 20 -3 23 -23 -21 26 -26 27 29 -29 -4
right_child=2 14 3 6 11 -7 15 8 -10 -11 -12 12 13 -15 -16 -17 17 -19 -20 21 -22 22 -24 -25 25 -27 -28 28 -30 -31
leaf_value=-0.23057797686968073 0.33724413588229152 0.22544937243064245 0.20477384182162905 0.47018951269595521 -0.12048711671883634 0.73057029691270803 0.56424911051988602 1.2255846166924427 0.4785707879066467 0.57388207585915274 1.089638660294669 0.48584903325353346 0.3139581853813595 -0.24811223765214283 0.29356368686604711 0.021250772037439875 -0.018334193494982311 -0.40082697950102186 -0.14343685603366707 0.13008854830018771 -0.10790356189913269 0.26493538524423327 -0.23512655084936515 -0.25023237380902374 0.74830089268684385 0.077716693639755252 -0.15754499830305577 0.25727531694672828 0.87176212981343271 -0.036714093996928286
leaf_weight=555.5 27 36 402.5 23 1756 22 24 38 24 23 21 21 27 40.5 56 27 466 37 26.5 597.5 167.5 21 57.5 24.5 25 20 32 107.5 24 65
leaf_count=388 27 35 401 23 1421 22 24 38 24 23 21 21 25 36 56 27 451 32 26 586 157 21 54 24 25 20 31 107 24 65
internal_value=1.24278e-10 -0.0735909 0.305187 0.248833 -0.137929 0.215468 0.50329 0.717525 0.83832 0.979861 0.765836 -0.110027 0.0975272 -0.0232841 0.031954 0.276779 0.0215416 -0.0464698 0.199336 0.0593843 -0.048932 0.0908509 -0.101352 0.115108 0.212773 0.450263 0.195837 0.214715 0.369425 0.171198
internal_weight=4794.5 3863 931.5 819.5 2400 724.5 95 112 85 61 44 1844.5 88.5 67.5 1463 51 1407 503 702.5 904 203.5 700.5 78.5 622 676 45 631 599 131.5 467.5
internal_count=4235 3307 928 816 1891 721 95 112 85 61 44 1503 82 61 1416 51 1360 483 699 877 192 685 75 610 673 45 628 597 131 466
is_linear=0
shrinkage=0.03


Tree=59
num_leaves=31
num_cat=0
split_feature=0 0 4 17 8 0 8 6 2 3 12 0 16 11 15 13 1 13 9 1 5 17 12 12 11 10 2 9 17 5
split_gain=113090 36522.3 12013.5 11634.1 9552.66 7446.85 7015.19 7087.12 5400.43 4830.34 4763.86 4707.83 4077.51 5487.81 6300.48 5108.94 3534.69 3264.68 3250.17 5859.67 3997.65 6046.63 3768.73 3674.08 3564.36 3229.51 3805.09 4416.34 3117.86 3442.5
threshold=168.51635338345903 235.12023026315805 0.18576388888888892 548.50000000000011 210.99668560606102 346.70101351351354 300.12099479467906 250.50000000000003 43.944724492202305 1718.5000000000002 38.500000000000007 118.39775219298251 5.5000000000000009 17.803309088239605 2696.666666666667 185.50000000000003 170.41657180668923 307.50000000000006 812.00000000000011 191.75021353379881 2.7863489309830105 307.50000000000006 118.50000000000001 114.50000000000001 38.195160295903811 -0.73062044014740113 25.296186488793555 -1163.4999999999998 423.50000000000006 -3.9292763157895076
decision_type=8 10 10 10 10 10 10 8 10 10 10 10 8 10 10 10 8 10 10 8 10 8 8 10 10 8 10 10 10 10
left_child=2 4 11 5 8 6 7 -3 16 -9 -8 -1 15 -14 -15 -6 -2 28 19 20 23 -22 -21 -4 -23 -11 -27 -28 29 -16
right_child=1 3 18 -5 12 -7 10 9 -10 25 -12 -13 13 14 17 -17 -18 -19 -20 22 21 24 -24 -25 -26 26 27 -29 -30 -31
leaf_value=-0.2876174889340718 0.0056209924518941089 0.93068652561732701 -0.08279538423564281 -0.22200048831904806 0.3744014821574092 0.96515750992298122 1.088253678560257 9.6910744905471797e-05 -0.17993149787187573 0.58123841170164248 0.46706742257997391 -0.14443245105818803 -0.0066878648723165193 0.87463631142269471 0.27419265790938219 -0.11920422909052475 0.13115354629439541 0.6967037495970726 -0.10064432333733113 0.49970956814289086 0.56541682199998333 -0.039714869021073629 0.017672868281040553 0.30869878760973612 0.3588209760918909 0.13379912541129371 0.71956502242521814 0.24220734599474314 -0.024914220571517945 0.67174664556980124
leaf_weight=240.5 269.5 21 524.5 20.5 32 30 25 30 66 65 20 1469 36 22 107 46 804.5 20 530 32.5 22 115 26.5 22.5 24.5 55 33 37 24 24
leaf_count=164 261 21 463 20 32 30 25 30 62 65 20 1151 36 22 107 46 795 20 463 32 21 107 25 21 23 55 33 37 24 24
internal_value=1.50344e-10 0.188975 -0.112336 0.470566 0.123672 0.515495 0.468328 0.404125 0.083467 0.353862 0.812171 -0.164576 0.271046 0.333897 0.396135 0.0833007 0.0996535 0.335981 -0.0435067 -0.00405015 -0.0279709 0.103177 0.283202 -0.0666919 0.0302789 0.40972 0.32053 0.467247 0.289436 0.347027
internal_weight=4794.5 1787.5 3007 336.5 1451 316 286 241 1140 220 45 1709.5 311 233 197 78 1074 175 1297.5 767.5 708.5 161.5 59 547 139.5 190 125 70 155 131
internal_count=4235 1765 2470 336 1429 316 286 241 1118 220 45 1315 311 233 197 78 1056 175 1155 692 635 151 57 484 130 190 125 70 155 131
is_linear=0
shrinkage=0.03


Tree=60
num_leaves=31
num_cat=0
split_feature=0 0 1 17 8 0 8 6 2 3 10 12 2 3 4 15 7 3 9 12 18 12 1 10 1 14 19 12 11 16
split_gain=106406 34363.8 11394.1 10946.5 8988.1 7006.74 6600.59 6668.27 5081.27 4655.51 4640.05 4482.31 3930.51 4966.9 3622.59 3468.14 3379.38 4773.19 6851.02 7309.29 3364.54 3795.55 3548.8 3567.11 3625.2 4635.47 4275.85 3591.73 3535.81 3534.54
threshold=168.51635338345903 235.12023026315805 139.7003119194022 548.50000000000011 210.99668560606102 346.70101351351354 300.12099479467906 250.50000000000003 43.944724492202305 9581.5000000000018 0.34645576153120322 38.500000000000007 32.801431655000457 7568.5000000000009 0.10069444444444446 11565.500000000002 3347.5000000000005 8871.5000000000018 -4236.9999999999991 65.500000000000014 0.18500000000000003 23.500000000000004 170.41657180668923 6.126737861003452 181.54084473664358 89.500000000000014 0.085000000000000034 83.500000000000014 29.116462337239604 212.50000000000003
decision_type=8 10 10 10 10 10 10 8 10 10 10 10 10 8 10 8 8 8 8 10 8 8 8 10 8 8 10 10 10 8
left_child=2 4 -1 5 8 6 7 -3 20 16 15 -8 -6 -14 -4 -11 -9 18 -18 -20 -2 -22 29 24 -24 -26 27 -27 -25 -23
right_child=1 3 14 -5 12 -7 11 9 -10 10 -12 -13 13 -15 -16 -17 17 -19 19 -21 21 22 23 28 25 26 -28 -29 -30 -31
leaf_value=-0.17700589351055201 0.39489325068213721 0.90276592322758253 -0.2300643816590309 -0.2153404773299287 0.19591790606021345 0.93620277988910672 1.0556060756921768 -0.096871752928603783 -0.17453355160287834 0.98891334512016982 0.2076667209148407 0.45305540893971918 0.24516023658789121 0.70356859691441054 -0.047846782844142725 0.47712279631541321 0.0039394592387335644 -0.055404823216108172 0.77557872806774808 0.13210113599896431 0.3435857956337206 -0.13259846249032159 0.20967663165345027 0.17135532291378916 -0.11576351103692685 0.080825362309165621 -0.15720420792698858 0.33571397981343376 0.55640762714239267 0.093362977998273214
leaf_weight=1275.5 33 21 104.5 20.5 223 30 25 22 66 22 25 20 52 36 1627 26 28 26 47 24 49.5 129 137 123 132.5 207 51 65.5 26 120.5
leaf_count=942 33 21 82 20 223 30 25 22 62 22 25 20 52 36 1446 26 28 26 47 24 49 123 136 123 130 203 50 65 26 118
internal_value=-1.62462e-10 0.183306 -0.108966 0.456449 0.119962 0.50003 0.454278 0.392001 0.080963 0.343246 0.539082 0.787806 0.262915 0.432691 -0.058844 0.711693 0.245995 0.306339 0.401343 0.558065 0.0966639 0.08721 0.0744106 0.107322 0.0743503 0.0336931 0.0949079 0.142092 0.238546 -0.0234668
internal_weight=4794.5 1787.5 3007 336.5 1451 316 286 241 1140 220 73 45 311 88 1731.5 48 147 125 99 71 1074 1041 991.5 742 593 456 323.5 272.5 149 249.5
internal_count=4235 1765 2470 336 1429 316 286 241 1118 220 73 45 311 88 1528 48 147 125 99 71 1056 1023 974 733 584 448 318 268 149 241
is_linear=0
shrinkage=0.03


Tree=61
num_leaves=31
num_cat=0
split_feature=0 0 18 1 4 8 2 2 5 0 6 6 19 14 8 15 13 3 6 6 4 2 11 3 1 2 2 12 17 10
split_gain=100220 23196.9 22199.2 7630.28 6684.47 6650.05 5304.08 5812.64 6729.71 4891.71 6122.64 4361.07 4947.64 4483.63 5274.49 4756.72 4373.86 4226.83 5779.37 4325.4 4115.01 3891.51 4232.92 4887.51 3789.09 3784.79 3497.69 3971.13 3069.94 4506
threshold=191.73852996254703 142.76123876123901 1.0000000180025095e-35 190.33679888975999 0.35590277777777779 181.42998225901803 15.473831953131352 21.772927479623203 10.877349120075992 269.45300751879705 467.50000000000006 405.50000000000006 -0.10000000000000005 91.500000000000014 253.85263157894752 13624.666666666666 179.50000000000003 7641.5000000000009 237.50000000000003 363.50000000000006 0.91493055555555569 46.023612734389111 42.351064264213207 6639.0000000000009 117.00628844839382 16.35074774475515 39.871500889477254 38.500000000000007 371.50000000000006 -13.670410159825851
decision_type=8 10 8 10 10 10 8 10 8 10 8 8 10 8 10 10 10 10 10 10 10 10 10 8 8 10 10 10 10 8
left_child=1 24 6 26 5 28 -2 8 -8 11 -11 12 -5 16 15 -15 -13 -14 -19 -20 -16 22 25 -24 -1 -6 -4 -28 29 -3
right_child=2 4 3 9 21 -7 7 -9 -10 10 -12 13 17 14 20 -17 -18 18 19 -21 -22 -23 23 -25 -26 -27 27 -29 -30 -31
leaf_value=-0.30710487238168716 0.26779465273022651 0.347682380759615 0.13322514724449377 0.087750129657132275 0.36848630869140225 0.38744930618232293 0.5974702791124582 0.4708997948680605 1.276599936074224 0.2634226125707993 0.95214345659528454 0.19410555663567625 0.23859428005814554 0.24641408807789666 0.87914817604422568 -0.21266370884577432 -0.20665225637513537 1.0183281564712525 0.28349370667953849 0.7949383351613174 0.27058347916603087 0.37197408378124236 0.16298743270164312 -0.40576467169297709 -0.14252613023459565 0.052678699350122961 0.13378106780168486 -0.45318844358835897 -0.10723220965038054 -0.0308868523105316
leaf_weight=137.5 24 29.5 261.5 42 36 31 24 35 29 26 21 57 50 209 20 22.5 43 21 46 22 20 35 21.5 37 1492.5 666 20.5 21 600 694
leaf_count=93 24 29 258 42 36 30 24 35 29 26 21 57 50 209 20 22 43 21 46 22 20 34 20 33 1117 650 20 20 541 643
internal_value=-4.85253e-10 -0.0710568 0.264756 0.215319 -0.00634776 -0.0468861 0.663118 0.770934 0.96907 0.277334 0.571149 0.25234 0.373091 0.193508 0.25676 0.201795 0.0217797 0.459309 0.583306 0.448961 0.574866 0.062677 0.0484424 -0.196736 -0.156409 0.068874 0.0926202 -0.16324 -0.0570594 -0.0154511
internal_weight=4794.5 3780 1014.5 902.5 2150 1354.5 112 88 53 599.5 47 552.5 181 371.5 271.5 231.5 100 139 89 68 40 795.5 760.5 58.5 1630 702 303 41.5 1323.5 723.5
internal_count=4235 3226 1009 897 2016 1243 112 88 53 599 47 552 181 371 271 231 100 139 89 68 40 773 739 53 1210 686 298 40 1213 672
is_linear=0
shrinkage=0.03


Tree=62
num_leaves=31
num_cat=0
split_feature=0 0 4 17 8 0 8 6 2 3 10 12 0 16 11 7 12 7 3 9 12 15 12 1 16 5 2 5 3 5
split_gain=94716.1 30351.6 10290.3 10136.6 8006.77 6344.57 6042.13 6108.99 4732.92 4347.25 4312.33 4230.32 4213.36 3763.31 5091.15 6095.98 4706.13 3272.99 4473.18 6456.6 6799.68 3197.25 3097.41 3705.36 3353.31 4308.28 3094.36 5466.91 5012.08 4735.37
threshold=168.51635338345903 235.12023026315805 0.18576388888888892 548.50000000000011 210.99668560606102 346.70101351351354 300.12099479467906 250.50000000000003 43.944724492202305 9581.5000000000018 0.34645576153120322 38.500000000000007 121.16737938596502 5.5000000000000009 17.803309088239605 272.50000000000006 62.500000000000007 3347.5000000000005 8871.5000000000018 -4236.9999999999991 65.500000000000014 11565.500000000002 23.500000000000004 170.41657180668923 212.50000000000003 7.1885416666670006 36.565354351321858 18.822094298245492 4949.5000000000009 2.7863489309830105
decision_type=8 10 10 10 10 10 10 8 10 10 10 10 10 8 10 10 10 8 8 8 10 8 8 8 8 8 8 10 10 10
left_child=2 4 12 5 8 6 7 -3 22 17 21 -8 -1 16 -15 -16 -6 -9 19 -19 -21 -11 -2 24 25 -24 -25 28 29 -28
right_child=1 3 -4 -5 13 -7 11 9 -10 10 -12 -13 -14 14 15 -17 -18 18 -20 20 -22 -23 23 26 -26 -27 27 -29 -30 -31
leaf_value=-0.2528317298782089 0.32111657501447322 0.85734005859919959 -0.039104315059636366 -0.21681192005552896 0.28371023654937744 0.88663520383834837 1.0073177481204272 -0.10960456609725952 -0.16997919165275313 0.94361627470363274 0.19154187955856322 0.4219498115479946 -0.12933867736230892 -0.019328381493687628 0.81671435639262191 0.30650614956124667 -0.18372863575816153 -0.0066163577032940729 -0.06298266979364249 0.74111625118458524 0.12047554418444632 0.45222004459454462 0.18319942808920336 0.085665846548764302 0.093320062728560693 -0.22207226968624375 0.62173109292984008 0.68274981720502992 -0.021079556796608903 0.025784067392349241
leaf_weight=302 50.5 21 1297.5 20.5 42 30 25 22 66 22 25 20 1407.5 36 24 173 36 28 26 47 24 26 31 638 122.5 99 30 21.5 61.5 20
leaf_count=206 50 21 1155 20 42 30 25 22 62 22 25 20 1109 36 24 173 36 28 26 47 24 26 31 631 120 93 30 21 60 20
internal_value=5.08724e-10 0.172944 -0.102806 0.429647 0.113412 0.471585 0.428048 0.368464 0.0766041 0.321798 0.511039 0.747154 -0.151155 0.248336 0.308716 0.368663 0.0679692 0.227822 0.287209 0.379178 0.531322 0.677443 0.0917572 0.0804405 -0.019304 -0.125431 0.113107 0.244739 0.16028 0.383352
internal_weight=4794.5 1787.5 3007 336.5 1451 316 286 241 1140 220 73 45 1709.5 311 233 197 78 147 125 99 71 48 1074 1023.5 252.5 130 771 133 111.5 50
internal_count=4235 1765 2470 336 1429 316 286 241 1118 220 73 45 1315 311 233 197 78 147 125 99 71 48 1056 1006 244 124 762 131 110 50
is_linear=0
shrinkage=0.03


Tree=63
num_leaves=31
num_cat=0
split_feature=18 18 4 8 2 7 4 10 2 10 15 8 0 4 8 8 12 19 12 9 0 5 5 2 3 4 8 18 3 0
split_gain=89390.6 22412.7 18427.5 9602.88 7566.88 6834.1 8182.26 5536.39 5403.29 7108.48 5092.06 5232.26 5014.08 5010.38 4971.85 4965.15 4354.58 4256.87 4366.07 4405.7 4252.76 3727.33 4174.86 3515.4 3188.97 3069.38 3206.42 3048.83 4569.12 4140.03
threshold=0.52500000000000013 1.0000000180025095e-35 0.22048611111111113 209.90919384057955 33.284656508832207 13515.000000000002 0.85590277777777801 -15.733941055166499 43.576229702157406 8.7921231416661492 5079.5000000000009 213.88794141252001 131.35287990196053 0.86284722222222243 350.95188025729857 293.23821271929859 100.50000000000001 0.28500000000000009 47.500000000000007 -56.499999999999993 211.87199197861003 29.060978203083497 18.822094298245492 25.476903149343453 754.50000000000011 0.11892361111111116 149.92941086691101 0.77500000000000013 2865.5000000000005 165.68526785714303
decision_type=10 8 10 10 10 8 10 10 10 10 8 8 10 8 8 10 10 10 8 10 10 10 8 10 10 8 10 10 10 10
left_child=1 13 12 8 7 6 -6 -5 -3 -10 11 16 -2 -1 15 -15 27 18 23 20 -20 22 -12 -9 25 -14 -27 28 29 -4
right_child=2 3 10 4 5 -7 -8 17 9 -11 21 -13 24 14 -16 -17 -18 -19 19 -21 -22 -23 -24 -25 -26 26 -28 -29 -30 -31
leaf_value=0.27136046141386028 -0.19809734823989067 0.13587923371388017 -0.34386687863956794 0.69267214953899381 0.18742911782913974 0.96113934040069582 0.85949739124463953 0.2359733612196786 -0.50579310204301553 0.21032548777262369 -0.02770298947503971 0.54165023757063824 -0.15708364361210875 0.64005391701408054 0.49128745775956373 1.2634130498637324 0.47612395795186357 -0.12210768209184919 0.028500056270812008 0.026849634588068844 0.41382446689114849 -0.35910847209267693 0.3050322569438389 0.78489924550056456 -0.111040763150012 0.46566639773985918 -0.028640808137980374 -0.12690059994657835 0.1942613734834614 0.093571602928011033
leaf_weight=27 714.5 625 33 21 56 24 23 21 28 22.5 1118.5 23 28.5 23 39 23 22.5 35 37 98 85 29.5 35 21 1264 25.5 22 72 150.5 47.5
leaf_count=27 497 618 27 21 56 24 23 21 23 21 1035 23 24 23 39 23 22 35 37 98 85 27 34 21 1050 25 21 61 147 47
internal_value=4.30724e-10 0.22314 -0.0751993 0.181849 0.294307 0.517785 0.383095 0.221923 0.111761 -0.18673 0.00356769 0.104354 -0.133915 0.627381 0.74047 0.951733 0.0734542 0.188638 0.23015 0.17664 0.296964 -0.0261229 -0.017607 0.510436 -0.0996925 0.0890462 0.236724 0.0435529 0.0966813 -0.085751
internal_weight=4794.5 1208.5 3586 1096.5 421 103 79 318 675.5 50.5 1531.5 348.5 2054.5 112 85 46 325.5 297 262 220 122 1183 1153.5 42 1340 76 47.5 303 231 80.5
internal_count=4235 1195 3040 1083 421 103 79 318 662 44 1423 327 1617 112 85 46 304 297 262 220 122 1096 1069 42 1120 70 46 282 221 74
is_linear=0
shrinkage=0.03


Tree=64
num_leaves=31
num_cat=0
split_feature=0 0 8 1 0 12 9 13 5 2 6 19 8 11 16 15 19 5 8 7 3 4 17 12 3 4 8 8 13 0
split_gain=84131.2 27066.1 12991.3 9310.25 8161.32 5929.89 6104.73 5163.25 5664.08 4152.05 3648.45 3745.77 3541.16 4296.75 3774.31 4161.21 3288.27 7733.09 3451.06 4854.08 3748.22 4467.07 3388.2 4555.6 3863.41 3178 3047.52 3040.08 2803.42 2776.49
threshold=168.51635338345903 212.76845878136254 293.23821271929859 139.7003119194022 329.50443722943709 69.500000000000014 1936.5000000000002 348.50000000000006 -34.242105263158486 43.944724492202305 207.50000000000003 0.155 209.90919384057955 17.803309088239605 119.50000000000001 3693.3333333333339 -0.040000000000000015 17.766994876779012 224.55634469697003 11068.000000000002 4207.5000000000009 0.65017361111111127 402.50000000000006 59.500000000000007 4758.0000000000009 0.10069444444444446 218.08355263157901 207.30630274261603 252.50000000000003 251.63747139588102
decision_type=8 10 10 10 10 10 8 10 8 10 8 10 10 10 10 10 10 10 10 8 8 8 8 10 10 10 10 10 8 10
left_child=3 9 4 -1 7 6 -4 8 -3 12 -10 16 27 -14 15 -15 18 29 20 28 21 -12 23 -22 -24 -5 -17 -2 -20 -18
right_child=1 2 5 25 -6 -7 -8 -9 10 -11 11 -13 13 14 -16 26 17 -19 19 -21 22 -23 24 -25 -26 -27 -28 -29 -30 -31
leaf_value=-0.15839562216372771 0.079055320199757168 -0.1886937144787415 1.0636200924821801 -0.21195418252328938 0.83628722255880183 0.21998349916934967 0.47649404117039268 -0.14263317739655232 0.63896737231658052 -0.15545503704566654 0.21843012185096741 0.64442474282306161 -0.084737029187381269 0.56864417297244063 0.64302195582877497 0.36166540145874021 0.11856705623323267 -0.40912800226892743 0.51646658362448217 0.76545685727269419 0.2223376111303057 0.81995525157451621 -0.0079375296733418445 -0.3019123098712701 0.39028357890936044 -0.041284008492328127 0.027448613133332498 -0.24396845072507858 0.014164036273956298 0.49986382713317862
leaf_weight=1275.5 909.5 23 37 104.5 22 20 28 29 26 63.5 25 23 36 25 22 37 55 21 20 31 35 20 30.5 26 78 1627 73 27 20 25
leaf_count=942 894 23 37 82 22 20 28 28 26 60 25 23 36 25 22 37 55 20 20 31 35 20 30 26 78 1446 73 26 20 25
internal_value=3.96936e-10 0.162994 0.328364 -0.0968912 0.271083 0.671711 0.810704 0.245576 0.27013 0.0805865 0.294362 0.272483 0.0938567 0.210867 0.278649 0.21927 0.250349 0.103229 0.302395 0.483687 0.242387 0.485775 0.177771 -0.00111317 0.278341 -0.0515843 0.139867 0.0697423 0.265315 0.237722
internal_weight=4794.5 1787.5 594.5 3007 509.5 85 65 487.5 458.5 1193 435.5 409.5 1129.5 193 157 135 386.5 101 285.5 71 214.5 45 169.5 61 108.5 1731.5 110 936.5 40 80
internal_count=4235 1765 592 2470 507 85 65 485 457 1173 434 408 1113 193 157 135 385 100 285 71 214 45 169 61 108 1528 110 920 40 80
is_linear=0
shrinkage=0.03


Tree=65
num_leaves=31
num_cat=0
split_feature=18 18 4 1 5 12 15 3 7 15 8 2 2 5 0 19 2 12 11 17 17 9 11 15 0 7 15 3 16 16
split_gain=79420.3 20022.4 16482.1 8785.75 7184.74 6456 6182.24 6136.12 5265.64 4756.66 4805.49 4688.71 5455.53 6471.59 4580.4 4375.25 4288.26 4079.94 3631.9 3569.03 3450.87 3227.79 3166.42 6231.47 4064.98 4443.21 3783.18 6803.98 4228.86 3145.73
threshold=0.52500000000000013 1.0000000180025095e-35 0.22048611111111113 202.95969245107185 36.079966044142516 23.500000000000004 5743.8333333333348 7351.5000000000009 4242.5000000000009 5079.5000000000009 213.88794141252001 15.473831953131352 21.772927479623203 10.877349120075992 131.35287990196053 0.090000000000000011 43.05852493485316 100.50000000000001 28.465369811301006 508.50000000000006 373.50000000000006 -331.49999999999994 14.249681319014002 3351.5000000000005 226.14748040313552 7718.0000000000009 8077.166666666667 9888.0000000000018 4.5000000000000009 103.50000000000001
decision_type=10 8 10 10 10 10 8 8 8 8 8 8 10 8 10 8 10 10 10 10 8 10 10 10 10 10 10 8 10 8
left_child=1 11 14 5 8 -3 7 -7 15 10 17 -1 13 -13 -2 -5 -8 -4 -6 20 29 -21 -10 -24 26 -26 -25 -28 -29 -11
right_child=2 3 9 4 18 6 16 -9 22 19 -12 12 -14 -15 -16 -17 -18 -19 -20 21 -22 -23 23 24 25 -27 27 28 -30 -31
leaf_value=0.22072102680802344 -0.18775545760207113 0.21160653804264296 0.04246629183466482 -0.097970646911341219 0.34571591216325759 -0.38380123316984749 0.11615080061978028 0.20461911743337458 -0.075405395627021782 -0.01271885438437678 0.52010528808054712 0.52132404953241351 0.4031030472687312 1.1873024452143701 -0.09370251820148176 0.31782235449508706 -0.3082472115374626 0.46117429955800371 0.90429718689485017 0.25388332736735442 -0.077879121404473145 -0.028239319830105223 0.70273211463354524 0.017779744488221626 0.67837943182672766 0.28512784504529204 0.6620090581332484 -0.037274397533018505 0.48612480425834659 0.21957173791102
leaf_weight=24 714.5 240.5 303 69 20 58 243 22 21 209.5 23 24 35 29 1340 34 23.5 22.5 22 73.5 757.5 72.5 32 81 35 99 31 45.5 20 70
leaf_count=24 497 237 282 69 20 54 240 22 21 196 23 24 35 29 1120 34 21 22 22 71 696 66 32 81 35 99 31 45 20 67
internal_value=4.08603e-10 0.210328 -0.0708816 0.171301 0.262451 0.0921863 0.00929866 -0.221986 0.228684 0.00361162 0.101022 0.592406 0.693774 0.885727 -0.126412 0.0392814 0.0787273 0.0714092 0.638306 -0.0250845 -0.0446365 0.113788 0.282205 0.304068 0.263114 0.387843 0.168952 0.295842 0.122542 0.0454577
internal_weight=4794.5 1208.5 3586 1096.5 509.5 587 346.5 80 467.5 1531.5 348.5 112 88 53 2054.5 103 266.5 325.5 42 1183 1037 146 364.5 343.5 311.5 134 177.5 96.5 65.5 279.5
internal_count=4235 1195 3040 1083 509 574 337 76 467 1423 327 112 88 53 1617 103 261 304 42 1096 959 137 364 343 311 134 177 96 65 263
is_linear=0
shrinkage=0.03


Tree=66
num_leaves=31
num_cat=0
split_feature=0 0 8 0 0 6 13 5 2 12 6 19 13 17 9 7 16 4 6 11 11 7 19 5 8 7 3 4 14 1
split_gain=74950.8 23891.8 11894.6 8464.82 7326.02 5649.14 4823.49 5258.84 3842.29 3643.58 3418.34 3478.99 3213.62 4406.27 4281.21 4131.54 4090.16 4089.01 5407.52 3302.36 5363.25 3251.87 3096.69 7250.53 3162.26 4438.69 3493.96 4189.35 3212.27 3083.61
threshold=168.51635338345903 212.76845878136254 293.23821271929859 140.06401601830655 329.50443722943709 506.50000000000006 348.50000000000006 -34.242105263158486 43.944724492202305 50.500000000000007 207.50000000000003 0.155 307.50000000000006 371.50000000000006 -3305.9999999999995 18648.000000000004 -124.49999999999999 0.39062500000000006 401.50000000000006 39.248414719535354 35.638410792969658 5070.5000000000009 -0.040000000000000015 17.766994876779012 224.55634469697003 11068.000000000002 4207.5000000000009 0.65017361111111127 75.500000000000014 117.00628844839382
decision_type=8 10 10 10 10 8 10 8 10 8 8 10 10 10 10 10 8 8 8 10 10 8 10 10 10 8 8 8 8 8
left_child=3 8 4 29 6 9 7 -3 12 -4 -9 22 13 15 -14 19 -15 -18 -19 20 -2 -22 24 -24 26 -26 27 -12 -28 -1
right_child=1 2 5 -5 -6 -7 -8 10 -10 -11 11 -13 14 16 -16 -17 17 18 -20 -21 21 -23 23 -25 25 -27 28 -29 -30 -31
leaf_value=-0.27959125522073808 0.11259704884488057 -0.18813528999038365 0.78641067695617672 -0.043168590344431525 0.78990419821305702 0.97760807103124148 -0.14498113620640904 0.61088049929875587 -0.15064620258301262 0.28138558089733123 0.20396204037666318 0.61459368716115537 0.57009548344782424 -0.39429631225440814 0.11838432669639587 0.47164620376994892 -0.14919865584350189 0.27640620795681192 -0.014450265442889727 0.32757618573578917 0.062960157841444014 -0.42255165752611656 0.22226980812102554 -0.40407300182751243 0.25003908625245092 0.72830232877885137 -0.10012555425817317 0.78648879039287567 0.22970348963370688 -0.1297282337772378
leaf_weight=136.5 527 23 20 1566 22 29 29 26 63.5 36 25 23 28 23 58 29 96 85 178 55 22 28.5 80 21 40 31 33 20 136.5 1304.5
leaf_count=92 521 23 20 1413 22 29 28 26 60 36 25 23 28 22 57 29 93 85 175 55 22 26 80 20 40 31 33 20 136 965
internal_value=4.96247e-10 0.153844 0.309214 -0.0914522 0.254404 0.63775 0.230238 0.253971 0.0764199 0.461752 0.27732 0.256141 0.0891854 0.0746583 0.265453 0.121505 -0.00646467 0.0183825 0.0795528 0.105451 0.0842962 -0.211042 0.23481 0.0920401 0.285317 0.458858 0.227875 0.462863 0.165489 -0.143924
internal_weight=4794.5 1787.5 594.5 3007 509.5 85 487.5 458.5 1193 56 435.5 409.5 1129.5 1043.5 86 661.5 382 359 263 632.5 577.5 50.5 386.5 101 285.5 71 214.5 45 169.5 1441
internal_count=4235 1765 592 2470 507 85 485 457 1173 56 434 408 1113 1028 85 653 375 353 260 624 569 48 385 100 285 71 214 45 169 1057
is_linear=0
shrinkage=0.03


Tree=67
num_leaves=31
num_cat=0
split_feature=18 18 4 1 5 12 15 3 7 4 8 15 8 8 0 19 2 12 5 5 18 5 14 12 6 2 3 7 2 5
split_gain=70561 17968.6 14939.7 7938.57 6664.3 5950.59 5756.67 5716.12 4898.91 4529.1 4582.81 4444.29 4483.76 4377.13 4061.56 4034.3 3904.1 3801.56 3475.62 3823.05 3434.71 3166.3 3291.39 4003.58 4624.04 3800.67 4443.13 3013.2 4581.44 3167.86
threshold=0.52500000000000013 1.0000000180025095e-35 0.22048611111111113 202.95969245107185 36.079966044142516 23.500000000000004 5743.8333333333348 7351.5000000000009 4242.5000000000009 0.86284722222222243 350.95188025729857 5079.5000000000009 213.88794141252001 293.23821271929859 131.35287990196053 0.090000000000000011 43.576229702157406 100.50000000000001 29.060978203083497 18.822094298245492 0.17500000000000002 7.1885416666670006 104.50000000000001 90.500000000000014 391.50000000000006 29.848503712368505 6115.0000000000009 11068.000000000002 34.742031245496854 -39.687549518958498
decision_type=10 8 10 10 10 10 8 8 8 8 8 8 8 10 10 10 10 10 10 8 10 8 10 10 8 8 10 8 10 8
left_child=1 9 14 5 8 -3 7 -7 15 -1 13 12 17 -11 -2 -5 21 -4 19 27 -6 -8 23 24 -23 26 -26 28 -13 -29
right_child=2 3 11 4 20 6 16 -9 -10 10 -12 18 -14 -15 -16 -17 -18 -19 -20 -21 -22 22 -24 -25 25 -27 -28 29 -30 -31
leaf_value=0.22171162287394205 -0.17744440278060541 0.20072596037802973 0.041726000789958653 -0.099081896290830945 0.32537295654416082 -0.3728630220556054 0.32394925676742375 0.19506254098632117 0.2670258103734181 0.57790877580642697 0.42848699037845317 -0.023078255541387357 0.50307953094658642 1.1631933925462805 -0.088878360318492583 0.30018181938897159 -0.30463134702046712 0.44589670181274416 -0.34517274080696747 0.29334238283974784 0.86857917593284084 -0.16063846468925477 -0.10256052938583712 -0.20978724368413287 -0.090949651408195498 0.65478877186775208 0.45929350452763695 0.34946664090426466 -0.21302010865925355 0.012273411487268097
leaf_weight=27 714.5 240.5 303 69 20 58 49 22 364.5 23 39 475 23 23 1340 34 22.5 22.5 29.5 35 22 21 74.5 22.5 25 24 28 26.5 150.5 466.5
leaf_count=27 497 237 282 69 20 54 49 22 364 23 39 443 23 23 1120 34 20 22 27 34 22 21 72 22 25 24 28 25 135 432
internal_value=5.51952e-10 0.19825 -0.0668113 0.161279 0.247923 0.0860754 0.00649829 -0.216683 0.215402 0.560201 0.667722 0.00411073 0.0982682 0.870551 -0.119679 0.0327139 0.0734947 0.0696641 -0.0236271 -0.0154038 0.60991 0.108363 0.0541899 0.151102 0.233959 0.341577 0.199745 -0.0250651 -0.0687797 0.0303984
internal_weight=4794.5 1208.5 3586 1096.5 509.5 587 346.5 80 467.5 112 85 1531.5 348.5 46 2054.5 103 266.5 325.5 1183 1153.5 42 244 195 120.5 98 77 53 1118.5 625.5 493
internal_count=4235 1195 3040 1083 509 574 337 76 467 112 85 1423 327 46 1617 103 261 304 1096 1069 42 241 192 120 98 77 53 1035 578 457
is_linear=0
shrinkage=0.03


Tree=68
num_leaves=31
num_cat=0
split_feature=0 0 8 1 0 12 9 13 5 2 6 19 13 0 17 1 6 7 11 11 7 11 19 5 7 1 18 19 11 12
split_gain=66837.5 21255.2 10641.7 7608.8 6740.41 5366.69 5623.04 4466.35 4945.23 3524.56 3170.24 3248.4 3046.77 4900.79 4598.83 4184 5009.11 3857.09 3068.09 4953.68 3057.46 3020.59 2974.87 6855.39 2969 5387.97 6425.88 4236.11 3637.73 3325.55
threshold=168.51635338345903 212.76845878136254 293.23821271929859 139.7003119194022 329.50443722943709 69.500000000000014 1936.5000000000002 348.50000000000006 -34.242105263158486 43.944724492202305 207.50000000000003 0.155 298.50000000000006 196.08371710526305 371.50000000000006 171.01524510087503 369.50000000000006 18648.000000000004 39.248414719535354 35.638410792969658 5070.5000000000009 30.259742054448903 -0.040000000000000015 17.766994876779012 3093.5000000000005 215.9075775097705 0.30500000000000005 -0.11999999999999997 28.175075169213702 68.500000000000014
decision_type=8 10 10 10 10 10 8 10 8 10 8 10 10 8 10 8 8 10 10 10 8 10 10 10 8 10 10 8 10 10
left_child=3 9 4 -1 7 6 -4 8 -3 12 -10 22 14 21 17 -16 -17 18 19 -2 -21 -14 24 -24 -12 26 29 -28 -27 -26
right_child=1 2 5 -5 -6 -7 -8 -9 10 -11 11 -13 13 -15 15 16 -18 -19 -20 20 -22 -23 23 -25 25 28 27 -29 -30 -31
leaf_value=-0.14196179095604478 0.10640169006632728 -0.18908153515795001 0.97753766646256324 -0.045402380905326972 0.75363413182171901 0.17283603286743163 0.41405095773083822 -0.14425871164120477 0.58350969599989744 -0.14522362801033681 0.01196076283284596 0.58825601297876107 0.24348647333070877 0.61339653939008709 -0.20508314174341868 0.27901787521179056 -0.030145473370467808 0.45341707052855657 0.31369502185691484 0.061050800938497886 -0.40972417342035394 -0.14532614132937263 0.20797181002423165 -0.40106470448630194 0.21359626419529942 0.77560710475491035 0.22291767024993894 0.83297712700707571 0.35904506882031761 -0.1111325038865555
leaf_weight=1275.5 527 23 37 1731.5 22 20 28 29 26 63.5 35 23 61 24 83 60.5 214 29 55 22 28.5 25.5 80 21 83.5 29 20 21 54 43
leaf_count=942 521 23 37 1528 22 20 28 28 26 60 35 23 61 24 80 60 211 29 55 22 26 24 80 20 83 29 20 21 54 43
internal_value=-3.51118e-10 0.145279 0.291826 -0.0863607 0.239983 0.602577 0.734805 0.216803 0.23964 0.0722516 0.262282 0.241886 0.084478 0.234103 0.0682527 -0.0184404 0.0379944 0.115105 0.0995935 0.0792029 -0.204634 0.128865 0.221274 0.0813405 0.270778 0.30694 0.209 0.535387 0.504591 0.103214
internal_weight=4794.5 1787.5 594.5 3007 509.5 85 65 487.5 458.5 1193 435.5 409.5 1129.5 110.5 1019 357.5 274.5 661.5 632.5 577.5 50.5 86.5 386.5 101 285.5 250.5 167.5 41 83 126.5
internal_count=4235 1765 592 2470 507 85 65 485 457 1173 434 408 1113 109 1004 351 271 653 624 569 48 85 385 100 285 250 167 41 83 126
is_linear=0
shrinkage=0.03


Tree=69
num_leaves=31
num_cat=0
split_feature=0 0 8 0 0 6 13 5 14 2 5 18 1 2 0 15 15 4 13 0 17 4 6 2 9 0 17 11 5 12
split_gain=62887.4 19999 10012.8 7394.09 6342.06 5172.74 4202.39 4652.97 3496.48 3316.26 3264.47 3094.19 4401.57 6507.6 5079.24 4228.41 3513.36 3102.05 2866.71 4611.15 4327.04 3968.58 7006.35 3956.94 3708.95 3536.84 3346.69 2842.08 2765.24 6124.94
threshold=168.51635338345903 212.76845878136254 293.23821271929859 141.68444683908052 329.50443722943709 506.50000000000006 348.50000000000006 -34.242105263158486 88.500000000000014 43.944724492202305 32.569858860005006 0.41500000000000004 203.5011363636365 33.659780504602104 218.92526595744704 1855.6666666666667 3989.3333333333339 0.92534722222222243 298.50000000000006 196.08371710526305 371.50000000000006 0.39062500000000006 401.50000000000006 23.066561364783304 -6691.4999999999991 176.33824117255202 452.50000000000006 30.259742054448903 76.31587752525202 64.500000000000014
decision_type=8 10 10 10 10 8 10 8 10 10 10 10 10 10 10 10 10 10 10 8 10 8 8 8 8 8 10 10 8 8
left_child=3 9 4 -1 6 8 7 -3 -4 18 -5 12 14 15 -9 -14 -17 -18 20 27 24 23 -23 -22 -2 26 -24 -20 -16 -30
right_child=1 2 5 10 -6 -7 -8 11 -10 -11 -12 -13 13 -15 28 16 17 -19 19 -21 21 22 25 -25 -26 -27 -28 -29 29 -31
leaf_value=-0.12947108966176041 0.38447304572377883 -0.18340908244900081 0.17041150384479098 -0.029733015634976327 0.73102512359619143 0.90971218388656083 -0.13993095421585541 0.45967816283573976 0.64481741481813881 -0.14086691362651313 -0.39390682872136434 0.001221555033816567 0.67199872939482974 0.70362939460611928 -0.11989763361529299 -0.13486030581593511 0.34012659441598136 -0.043644991571252997 0.23618187923411854 0.59499463669955721 0.16382681998166632 0.27152536647282094 -0.070080023966729632 -0.28057606406750218 0.093155549601768695 -0.14256471897299225 0.45537419056892392 -0.14096635692259846 0.57696732479593027 -0.023719345639040181
leaf_weight=1547 42 23 27 1437.5 22 29 29 37 29 63.5 22.5 39.5 23 41 47.5 20 137 22 61 24 23.5 83 24 77.5 619.5 129.5 20 25.5 23 45.5
leaf_count=1142 41 23 27 1310 22 29 28 37 29 60 18 39 23 41 47 20 137 22 61 24 23 83 24 75 612 126 20 24 23 45
internal_value=3.94208e-10 0.140921 0.283071 -0.0837698 0.232783 0.5845 0.210299 0.23245 0.416086 0.0700841 -0.0353453 0.254413 0.279668 0.359032 0.153621 0.289089 0.239888 0.287026 0.0819437 0.22708 0.0662052 -0.0178872 0.0448345 -0.177175 0.111652 -0.0636113 0.168763 0.124999 0.055999 0.177971
internal_weight=4794.5 1787.5 594.5 3007 509.5 85 487.5 458.5 56 1193 1460 435.5 396 243 153 202 179 159 1129.5 110.5 1019 357.5 256.5 101 661.5 173.5 44 86.5 116 68.5
internal_count=4235 1765 592 2470 507 85 485 457 56 1173 1328 434 395 243 152 202 179 159 1113 109 1004 351 253 98 653 170 44 85 115 68
is_linear=0
shrinkage=0.03


Tree=70
num_leaves=31
num_cat=0
split_feature=0 0 8 0 1 12 9 11 15 7 2 9 4 10 12 4 12 4 13 7 9 9 14 2 6 11 12 6 7 16
split_gain=59198.6 19018.1 10367.1 6346.89 5488.09 4826.32 4824.31 4793.96 3892.76 6194.95 5733.16 4718.77 5005.48 3839.84 5091.54 3668.21 7412.94 7071.17 4625.68 3896.68 4906.96 7185.35 3828.89 3788.97 3715.25 3674.66 3638.68 5931.19 4117.25 3396.33
threshold=205.30921052631604 160.77599039615851 293.23821271929859 329.50443722943709 139.7003119194022 69.500000000000014 1936.5000000000002 52.320523467244605 2482.3333333333335 2365.0000000000005 29.993663652740004 -74.499999999999986 0.36458333333333343 6.6059839959151505 48.500000000000007 0.92534722222222243 64.500000000000014 0.90104166666666685 198.50000000000003 13711.500000000002 -4510.9999999999991 -1412.4999999999998 96.500000000000014 19.478066401714454 327.50000000000006 21.102569531526104 74.500000000000014 254.50000000000003 2046.5000000000002 295.00000000000006
decision_type=10 8 10 10 10 10 8 10 8 10 10 8 10 10 10 8 8 10 10 8 10 10 8 10 8 10 10 10 10 10
left_child=1 4 3 15 -1 6 -4 29 -6 10 -10 12 -11 14 -14 17 18 19 -17 20 -2 -22 -18 -23 -21 -25 27 28 -27 -3
right_child=2 7 5 -5 8 -7 -8 -9 9 11 -12 -13 13 -15 -16 16 22 -19 -20 24 21 23 -24 25 -26 26 -28 -29 -30 -31
leaf_value=-0.137138325039624 -0.10306084377957241 0.059807450034307562 0.90321304848319606 0.70909436117519031 -0.31972639655367407 0.15106978583335876 0.38424585163593289 -0.40381271822111947 0.01407891667250431 -0.037979117500988729 0.41791570286596974 -0.1197034581749486 -0.24454453906234427 0.55746780162633847 0.31009508644279676 0.62019133274371807 -0.47383422758521104 0.75575817216526375 0.066843407781500566 0.70605509974739766 0.5002821790866363 -0.18403519626523626 -0.0048810764228490958 0.46397606757554144 0.27275463083848595 0.32552289379679639 -0.11582417493516749 0.44163558828716093 -0.18056309181910293 -0.27404857162918361
leaf_weight=1243 56 1333.5 38 22 47 20 28 21 99 519 46.5 650.5 24.5 21.5 38 26 20.5 22 28.5 22 58.5 30.5 66.5 33 93.5 23 44 52 39 28
leaf_count=911 56 1307 38 22 38 20 28 19 89 451 45 550 23 20 37 26 20 22 28 22 58 30 66 33 93 23 44 52 39 25
internal_value=-4.76281e-11 -0.0444219 0.250157 0.208417 -0.0909125 0.55933 0.683045 0.0460035 -0.0511761 -0.0421541 0.14314 -0.0636621 -0.00320619 0.211641 0.0926764 0.190506 0.0564793 0.230559 0.330826 0.204968 0.153295 0.204566 -0.115382 0.126465 0.355288 0.176047 0.11591 0.205352 0.00717848 0.0529415
internal_weight=4794.5 4071.5 723 637 2689 86 66 1382.5 1446 1399 145.5 1253.5 603 84 62.5 615 141.5 473.5 54.5 451.5 336 280 87 221.5 115.5 191 158 114 62 1361.5
internal_count=4235 3515 720 634 2164 86 66 1351 1253 1215 134 1081 531 80 60 612 140 472 54 450 335 279 86 221 115 191 158 114 62 1332
is_linear=0
shrinkage=0.03


Tree=71
num_leaves=31
num_cat=0
split_feature=18 18 4 8 2 3 9 11 15 12 4 10 15 8 17 12 19 0 12 1 17 17 15 19 11 7 16 16 13 9
split_gain=55909.2 14637.1 12280.1 6485.15 4567.55 9265.99 4437.15 5742.52 5650.72 4190.16 6822.31 6178.13 4177.08 4056.33 4025.25 7991.38 3973.16 3691.92 3524.21 3408.51 3253.02 3171.46 2955.2 4388.11 3434.21 4517.44 2948.96 2948.5 5673.3 2938.5
threshold=0.52500000000000013 1.0000000180025095e-35 0.22048611111111113 202.68682065217402 33.284656508832207 3381.5000000000005 -1521.9999999999998 35.15785101885016 6439.8333333333339 59.500000000000007 0.86284722222222243 -3.8666273945337983 5079.5000000000009 213.88794141252001 527.50000000000011 91.500000000000014 0.28500000000000009 118.39775219298251 100.50000000000001 155.67045641116803 508.50000000000006 373.50000000000006 5743.8333333333348 0.095000000000000043 17.538843845784957 7400.5000000000009 187.50000000000003 103.50000000000001 191.50000000000003 653.50000000000011
decision_type=10 8 10 10 10 8 8 10 10 8 10 10 8 8 10 10 10 10 10 8 10 8 8 10 10 10 10 8 10 10
left_child=1 9 17 14 16 -6 -7 8 -8 11 -11 -1 13 18 19 -16 22 -2 -4 -3 21 27 23 -5 -24 -26 -23 29 -29 -14
right_child=2 3 12 4 5 6 7 -9 -10 10 -12 -13 20 -15 15 -17 -18 -19 -20 -21 -22 26 24 -25 25 -27 -28 28 -30 -31
leaf_value=1.0869228087772023 -0.21733364819773693 -0.15183960420362067 0.042005307246552832 -0.061910906399999348 -0.12208069520838119 0.89558332865888424 0.95812720443521227 -0.0087511508805411201 0.31649237883090969 0.018172279298305508 0.61992566512181213 0.36753486939838953 0.090189431531932845 0.48114474301752835 -0.54331862445061019 0.22887280631065368 -0.12752257938186326 -0.092691341177743483 0.43115369923909502 0.12195390022178648 0.11051970548844857 -0.060787316813129183 0.0065780838355422016 0.38245942022119245 0.51436357272280886 0.21151428956455653 -0.36927174494184295 0.025276715170512807 0.6002865522840749 -0.13582772912019317
leaf_weight=22 242.5 44.5 303 70 25.5 22 21 21 30 30 39 21 116 23 26 22.5 36 1812 22.5 509 146 728.5 40 28 66 135 29 47 23 93.5
leaf_count=22 166 39 282 70 25 22 21 21 30 30 39 21 110 23 23 22 36 1451 22 505 137 672 40 28 66 135 24 44 23 86
internal_value=-1.84706e-10 0.176471 -0.0594716 0.143103 0.223602 0.385117 0.522707 0.408773 0.580695 0.50315 0.358294 0.735594 0.00482861 0.0961116 0.0769784 -0.185085 0.172133 -0.107403 0.068905 0.0999416 -0.0220625 -0.0407288 0.203955 0.065052 0.260438 0.310957 -0.0725973 0.0456411 0.214209 -0.0106822
internal_weight=4794.5 1208.5 3586 1096.5 494.5 119.5 94 72 51 112 69 43 1531.5 348.5 602 48.5 375 2054.5 325.5 553.5 1183 1037 339 98 241 201 757.5 279.5 70 209.5
internal_count=4235 1195 3040 1083 494 119 94 72 51 112 69 43 1423 327 589 45 375 1617 304 544 1096 959 339 98 241 201 696 263 67 196
is_linear=0
shrinkage=0.03


Tree=72
num_leaves=31
num_cat=0
split_feature=0 18 8 0 7 5 12 4 10 5 3 3 13 9 9 11 16 8 6 12 2 6 11 5 1 9 0 10 3 6
split_gain=52889.4 17093.6 9197.35 6457.27 4045.85 5051.18 3942.52 6419.11 5813.01 3512.99 5376.44 3883.76 7071.49 5506.71 4890.59 4371.56 4617.18 3952.61 3883.84 3849.36 3100.82 2926.39 2805.4 2664.51 2644.01 3377.47 2519.39 3462.1 3913.85 4089.32
threshold=168.51635338345903 1.0000000180025095e-35 209.90919384057955 140.06401601830655 13515.000000000002 -12.376119987469009 59.500000000000007 0.86284722222222243 -3.8666273945337983 -73.855433105206728 11883.500000000002 7050.5000000000009 157.50000000000003 276.00000000000006 2751.0000000000005 18.824546118113002 -377.49999999999994 247.34658454647254 389.50000000000006 58.500000000000007 43.944724492202305 510.50000000000006 46.958612221304712 32.569858860005006 117.00628844839382 -486.99999999999994 205.30921052631604 -4.4556474032129012 3026.5000000000005 430.50000000000006
decision_type=8 8 10 10 10 10 8 10 10 10 10 10 10 10 10 10 10 10 8 8 10 8 8 10 8 8 10 8 8 10
left_child=3 6 20 24 9 -6 8 -8 -2 -4 11 13 14 15 -13 -11 17 -17 -14 -12 26 -15 -22 -5 -1 -26 -3 -28 -29 -30
right_child=1 2 4 23 5 -7 7 -9 -10 10 19 12 18 21 -16 16 -18 -19 -20 -21 22 -23 -24 -25 25 -27 27 28 29 -31
leaf_value=-0.24827722487868842 1.0543151404640891 0.047684090393547054 0.5253417443275451 -0.029667396049395518 0.19053783933858615 0.70525253668427468 0.017627106606960295 0.60132788969920237 0.35650882584708077 -0.14429634717794565 0.1875584116578102 0.35758252173662181 0.41841106891632079 0.10736461596055465 0.99277855467796317 0.29463622318846838 0.02623507179643797 0.75479582795075006 -0.093603851690888404 -0.30573115881851742 0.002860256615807028 -0.36275643096520349 -0.41141592248280845 -0.34188272595405578 -0.05007338895768703 -0.14871339806049833 -0.03653131445400587 0.53065094286203385 0.10475784877870256 0.55155731541769837
leaf_weight=136.5 22 867 25 1541 37 32 30 39 21 26 24 24 24 22 20 84 46 21 30 35 42.5 26 22.5 25 518.5 786 65.5 30 151 21
leaf_count=92 22 851 25 1393 37 32 30 39 21 26 24 24 24 22 20 84 46 21 30 35 41 26 20 20 391 574 64 30 150 21
internal_value=5.35083e-11 0.129234 0.105249 -0.0768228 0.216826 0.429246 0.488056 0.347545 0.713526 0.180814 0.158266 0.206368 0.363993 0.137714 0.646308 0.215001 0.276867 0.386668 0.133958 -0.105071 0.060971 -0.147284 -0.140543 -0.0346517 -0.122652 -0.109507 0.0725165 0.153001 0.214459 0.159309
internal_weight=4794.5 1787.5 1675.5 3007 476 69 112 69 43 407 382 323 98 225 44 177 151 105 54 59 1199.5 48 65 1566 1441 1304.5 1134.5 267.5 202 172
internal_count=4235 1765 1653 2470 476 69 112 69 43 407 382 323 98 225 44 177 151 105 54 59 1177 48 61 1413 1057 965 1116 265 201 171
is_linear=0
shrinkage=0.03


Tree=73
num_leaves=31
num_cat=0
split_feature=0 18 8 1 8 12 2 2 5 7 5 5 3 0 12 0 3 9 13 11 7 5 11 9 2 1 12 11 6 11
split_gain=49763.6 16083.4 8653.79 6177.79 4174.45 4676.42 3843.61 5129.95 6285.24 3806.74 4752.66 3305.37 5058.7 3679.86 3621.86 3254.22 3220.34 5589.89 4387.01 3374.53 3931.41 3123.8 4540.4 3073.16 2917.56 2839.05 3258.79 3169 2689.72 2639.6
threshold=168.51635338345903 1.0000000180025095e-35 209.90919384057955 152.92511218049773 158.37622067216253 70.500000000000014 15.473831953131352 21.772927479623203 10.877349120075992 13515.000000000002 -12.376119987469009 -73.855433105206728 11883.500000000002 269.45300751879705 58.500000000000007 104.51049741602051 7568.5000000000009 276.00000000000006 165.50000000000003 18.721535528646953 10984.500000000002 4.7789473684210089 37.543309249794206 10045.000000000002 43.944724492202305 191.13417363701572 59.500000000000007 28.989495157066305 405.50000000000006 46.958612221304712
decision_type=8 8 10 10 10 8 8 10 8 10 10 10 10 10 8 10 10 10 10 10 8 8 8 10 10 10 8 10 8 8
left_child=3 6 24 4 15 -6 -2 8 -8 11 -11 -4 13 16 -14 -1 17 19 -18 -13 -21 23 -23 25 -3 -5 -27 -28 -20 -26
right_child=1 2 9 21 5 -7 7 -9 -10 10 -12 12 14 -15 -16 -17 18 -19 28 20 -22 22 -24 -25 29 26 27 -29 -30 -31
leaf_value=-0.37070379137992859 0.13688844136893749 0.070341007523386415 0.5095815030097961 -0.039806864442905099 -0.17189691570340371 0.3701184143020731 0.39221207797527308 0.28332912841864993 1.0485317600184474 0.18482170594705116 0.68409496620297428 -0.1324950994849205 0.18193165004253387 0.5288529130071401 -0.29655922957829062 -0.10535881594291233 0.62801259003836529 -0.17867906119595184 0.3816814667763917 0.15399254746030311 0.50752973264769508 0.047201402489774918 0.53181313123021801 -0.2992873474311184 0.0027744460386388442 0.45705565062436188 0.29844477450146395 -0.12747809661506879 -0.082305336648767644 -0.39907343435287479
leaf_weight=42.5 24 1134.5 25 698.5 24.5 34.5 24 35 29 37 32 25 24 28 35 1959 29 47 23 111 38 101.5 21 37 42.5 22 25.5 41 22 22.5
leaf_count=29 24 1116 25 635 21 32 24 35 29 37 32 25 24 28 35 1520 29 47 23 111 38 97 20 31 41 22 25 38 22 20
internal_value=2.05167e-10 0.125357 0.102091 -0.0745181 -0.103662 0.145044 0.473414 0.565194 0.75133 0.210321 0.416369 0.17539 0.153518 0.200177 -0.101919 -0.110993 0.168981 0.111624 0.340275 0.19004 0.244156 -0.0110732 0.130278 -0.0320871 0.0591418 -0.0195249 0.140553 0.0358457 0.154843 -0.136327
internal_weight=4794.5 1787.5 1675.5 3007 2060.5 59 112 88 53 476 69 407 382 323 59 2001.5 295 221 74 174 149 946.5 122.5 824 1199.5 787 88.5 66.5 45 65
internal_count=4235 1765 1653 2470 1602 53 112 88 53 476 69 407 382 323 59 1549 295 221 74 174 149 868 117 751 1177 720 85 63 45 61
is_linear=0
shrinkage=0.03


Tree=74
num_leaves=31
num_cat=0
split_feature=18 18 4 1 2 10 2 3 18 9 15 12 4 10 14 2 18 8 15 14 17 13 14 3 0 5 5 19 3 9
split_gain=46962.7 12137.1 10456.8 5692.45 5613.01 6920.69 5494.51 5121.08 4603.08 4536.75 3880.86 3725.53 6073.06 5357.29 3709.3 3962.63 5293.21 3433.98 3328.8 4122.65 5358.67 4017.57 4211.76 3712.74 3224.5 3216.24 3353.95 3195.93 3238.44 3152.98
threshold=0.52500000000000013 1.0000000180025095e-35 0.22048611111111113 171.41900841017204 36.938431203990859 8.6615573174150526 33.659780504602104 17327.500000000004 0.42500000000000004 -2496.4999999999995 4986.666666666667 59.500000000000007 0.86284722222222243 -3.8666273945337983 104.50000000000001 24.282579998649503 0.33500000000000008 184.03529411764703 6547.5000000000009 115.50000000000001 307.50000000000006 273.50000000000006 117.50000000000001 8018.0000000000009 115.72462121212101 29.060978203083497 18.822094298245492 0.075000000000000025 2970.5000000000005 2503.5000000000005
decision_type=10 8 10 10 10 10 10 8 10 10 8 8 10 10 10 8 10 8 8 10 10 10 10 10 10 10 8 10 10 10
left_child=1 11 24 4 7 -6 18 14 -8 -10 17 13 -13 -1 15 -3 -17 27 19 20 23 -20 -23 -5 -2 26 -12 28 -4 -22
right_child=2 3 10 6 5 -7 8 -9 9 -11 25 12 -14 -15 -16 16 -18 -19 21 -21 29 22 -24 -25 -26 -27 -28 -29 -30 -31
leaf_value=1.0055474026094784 -0.22229167133553659 0.0083162344737750717 -0.066846841847131008 0.045031522846427453 -0.52931742733175102 0.15301195971171061 0.46612530121880191 -0.33422634214162827 -0.18909768521785736 0.30133675112806518 -0.021991180162541566 0.0017207222580909727 0.56946988807274745 0.33565200396946493 -0.086981817606939085 0.64806105229258537 0.17424118097897234 0.23927914515355736 0.15372514769663367 0.3583388749290915 -0.32066190604769851 0.76658283029283791 0.17261032714085145 0.4416720477434305 -0.087303914542778444 -0.33006999662366959 0.27217168331379066 -0.10941587788239121 0.22381665468057418 0.054498256109654898
leaf_weight=22 174 61.5 54.5 116 33 22.5 93 24 24 58 1125 30 39 21 54.5 30 72.5 102.5 318 34 54.5 21 22 26 1880.5 29.5 36 90 94 32
leaf_count=22 119 61 51 116 28 21 93 22 23 58 1041 30 39 21 53 29 72 101 318 34 54 21 22 26 1498 27 35 77 91 32
internal_value=-3.76003e-10 0.161736 -0.054506 0.131351 0.0194601 -0.252697 0.173109 0.0817477 0.321651 0.157795 0.00482882 0.459211 0.322622 0.678389 0.127438 0.198694 0.31292 0.0940595 0.131417 0.0501277 0.00426696 0.190527 0.46269 0.117656 -0.0987363 -0.0207299 -0.0128699 0.0316486 0.117142 -0.181874
internal_weight=4794.5 1208.5 3586 1096.5 298 55.5 798.5 242.5 175 82 1531.5 112 69 43 218.5 164 102.5 341 623.5 262.5 228.5 361 43 142 2054.5 1190.5 1161 238.5 148.5 86.5
internal_count=4235 1195 3040 1083 286 49 797 237 174 81 1423 112 69 43 215 162 101 320 623 262 228 361 43 142 1617 1103 1076 219 142 86
is_linear=0
shrinkage=0.03


Tree=75
num_leaves=31
num_cat=0
split_feature=0 0 8 0 0 12 9 13 5 15 2 13 0 17 16 4 6 7 2 6 10 13 2 5 6 9 9 9 12 6
split_gain=44256.8 14306.6 7650.72 5655.24 4871.23 4576.71 4792.03 3839.99 4132.48 3045.96 3139.6 3295.92 4587.21 3478.13 3891.78 4141.95 4282.7 3837.3 3483.62 3217.14 2859.43 2857.88 3260.16 2805.21 2765.31 3257.87 6120.26 3876.94 3263.99 3165.76
threshold=168.51635338345903 212.76845878136254 293.23821271929859 141.68444683908052 329.50443722943709 69.500000000000014 1936.5000000000002 348.50000000000006 -34.242105263158486 2007.5000000000002 43.944724492202305 298.50000000000006 196.08371710526305 371.50000000000006 -124.49999999999999 0.39062500000000006 401.50000000000006 18648.000000000004 23.066561364783304 496.50000000000006 0.23818597965799884 195.50000000000003 24.615438086418553 32.569858860005006 207.50000000000003 -4510.9999999999991 -2659.4999999999995 -6093.9999999999991 94.500000000000014 368.50000000000006
decision_type=8 10 10 10 10 10 8 10 8 8 10 10 8 10 8 8 8 10 8 10 10 10 8 10 8 8 8 10 10 10
left_child=3 9 4 -1 7 6 -4 8 -3 20 11 13 -13 17 -15 18 -17 21 -16 -18 -2 -11 -23 -5 -10 27 -27 29 -28 -26
right_child=1 2 5 23 -6 -7 -8 -9 24 10 -12 12 -14 14 15 16 19 -19 -20 -21 -22 22 -24 -25 25 26 28 -29 -30 -31
leaf_value=-0.11024213648634182 0.03892766316731771 -0.19595135458137677 0.84812279975092086 -0.022722148389233195 0.63115089199759733 0.10508062541484832 0.32793780058622357 -0.16000389660740721 0.51666991132956286 0.047266652326572178 -0.16017366026868907 0.11558702111420546 0.59345451616722611 -0.41898370133204893 0.14095639892419179 0.23384307686875505 -0.086041491957144306 0.42232872645402775 -0.29089028851934395 0.31262484954936159 0.49684835963779023 -0.018764151416041631 0.44478080301235118 -0.36030879366397855 0.43318731808662414 0.70039755410336424 0.22588681037820393 -0.3410854198292988 -0.13762804850935936 -0.10059032213687896
leaf_weight=1547 22.5 23 37 1437.5 22 20 28 29 26 536 61.5 84.5 23 22 22.5 82 137.5 29 66.5 21 27 22 36 22.5 20 23.5 301.5 20.5 24 20
leaf_count=1142 22 23 37 1310 22 20 28 28 26 528 58 83 23 21 22 82 135 29 64 21 27 22 36 18 20 23 301 20 24 20
internal_value=3.53842e-10 0.118218 0.238447 -0.0702742 0.19449 0.501934 0.624043 0.174784 0.195959 0.0583048 0.0483313 0.0601826 0.217828 0.0427922 -0.0326622 -0.0068684 0.057836 0.085364 -0.181716 -0.0332213 0.288703 0.0689128 0.268953 -0.0279247 0.216657 0.197609 0.23284 -0.00562498 0.199084 0.166298
internal_weight=4794.5 1787.5 594.5 3007 509.5 85 65 487.5 458.5 1193 1143.5 1082 107.5 974.5 351.5 329.5 240.5 623 89 158.5 49.5 594 58 1460 435.5 409.5 349 60.5 325.5 40
internal_count=4235 1765 592 2470 507 85 65 485 457 1173 1124 1066 106 960 345 324 238 615 86 156 49 586 58 1328 434 408 348 60 325 40
is_linear=0
shrinkage=0.03


Tree=76
num_leaves=31
num_cat=0
split_feature=18 18 0 15 0 14 17 18 8 0 7 11 3 15 19 11 8 19 15 19 2 2 5 6 18 7 2 12 8 9
split_gain=41746.6 10741.9 9672.82 5310.6 5643.33 6502.16 4779.1 4427.25 4380.4 4038.85 3930.34 4920.8 3821.17 3678.06 5825.49 4637.71 4557.75 3572.89 3819.93 3711.32 3506.53 4801.5 6004.73 3193.39 3045.36 5611.65 4467.61 2931.73 2915.06 3141.37
threshold=0.52500000000000013 1.0000000180025095e-35 149.30888157894753 6030.666666666667 205.30921052631604 91.500000000000014 487.50000000000006 0.085000000000000006 194.86979166666654 259.90432254802857 5641.0000000000009 39.848331793238906 4148.5000000000009 6718.3333333333348 0.019999999999999938 37.040143829560407 194.86979166666654 0.31500000000000011 7516.666666666667 0.22000000000000008 15.473831953131352 21.772927479623203 10.877349120075992 407.50000000000006 0.30500000000000005 1663.5000000000002 22.652385324893654 60.500000000000007 119.10619918699201 -224.49999999999997
decision_type=8 10 8 10 10 8 10 10 8 10 8 8 10 8 8 10 10 10 8 10 8 10 8 10 10 10 10 10 8 10
left_child=1 20 28 4 5 -3 7 -6 12 24 -10 23 -5 14 -4 17 -17 18 -15 -20 -1 22 -22 -12 26 -26 -9 -28 -2 -30
right_child=2 3 13 8 6 -7 -8 9 10 -11 11 -13 -14 15 -16 16 -18 -19 19 -21 21 -23 -24 -25 25 -27 27 -29 29 -31
leaf_value=0.11226965423673391 -0.19261296133326877 -0.27085376926884053 -0.039861708212565711 -0.21928634280250184 -0.14393343826755881 0.059710071980953211 -0.23648416906032921 0.28953550731649202 0.55073051086954161 0.62931433456284658 0.24360860631151776 0.55638706847599573 0.13767373576246458 -0.19599956719348061 0.17162066700898931 -0.11029179101990115 -0.57439336709181466 0.28898939174574773 0.023860221921457005 -0.28001222611257903 0.35042927637696264 0.24867080026439256 0.99193603696494259 0.0092884600295187678 0.56488950629125934 0.1139030811661168 0.058063390197819226 -0.39384039616584776 -0.042162872293470828 -0.12077754468602292
leaf_weight=24 235.5 80 214.5 31.5 32 162 26.5 49 37 21 185 35 188.5 91 258.5 124 22.5 37 752.5 38 24 35 29 73 44 57 36.5 20 938.5 892.5
leaf_count=24 162 77 204 30 32 160 25 49 37 21 185 35 185 82 253 113 20 37 722 35 24 35 29 73 44 57 36 20 743 686
internal_value=-2.39252e-10 0.154067 -0.0508641 0.125014 0.0570549 -0.0495672 0.147274 0.186463 0.190255 0.232936 0.259383 0.222591 0.0865635 0.0061018 0.0757159 -0.024816 -0.18157 0.000186172 -0.011936 0.00925282 0.4337 0.521363 0.701442 0.177309 0.192626 0.310372 0.0799028 -0.101903 -0.0932612 -0.0804827
internal_weight=4794.5 1190 3604.5 1078 528 242 286 259.5 550 227.5 330 293 220 1538 473 1065 146.5 918.5 881.5 790.5 112 88 53 258 206.5 101 105.5 56.5 2066.5 1831
internal_count=4235 1178 3057 1066 521 237 284 259 545 227 330 293 215 1466 457 1009 133 876 839 757 112 88 53 258 206 101 105 56 1591 1429
is_linear=0
shrinkage=0.03


Tree=77
num_leaves=31
num_cat=0
split_feature=0 18 8 1 8 12 7 5 12 4 3 5 3 16 3 13 9 7 11 16 8 6 0 5 11 9 6 1 7 7
split_gain=39377.6 12691 7051.03 5159.98 3814.68 4376.47 3475.45 4295.97 3450.14 5693.28 5124.94 3119.67 4878.96 3394.77 3355.34 6164.64 4797.74 4561.17 3876.38 4149.19 3556.84 3365.82 2904.16 2901.34 4271.73 2860.4 2755.95 2550.56 3109.76 2687.29
threshold=168.51635338345903 1.0000000180025095e-35 209.90919384057955 152.92511218049773 158.37622067216253 70.500000000000014 13515.000000000002 -12.376119987469009 59.500000000000007 0.86284722222222243 8920.5000000000018 -73.855433105206728 11883.500000000002 101.50000000000001 7050.5000000000009 157.50000000000003 276.00000000000006 7718.0000000000009 18.824546118113002 -377.49999999999994 247.34658454647254 389.50000000000006 104.51049741602051 4.7789473684210089 37.543309249794206 10045.000000000002 510.50000000000006 191.13417363701572 11722.000000000002 7036.0000000000009
decision_type=8 8 10 10 10 8 10 10 8 10 10 10 10 8 10 10 10 8 10 10 10 8 10 8 8 10 8 10 8 10
left_child=3 8 -3 4 22 -6 11 -8 10 -10 -2 -4 14 -14 16 17 18 -16 -13 20 -20 -17 -1 25 -25 27 -18 -5 29 -29
right_child=1 2 6 23 5 -7 7 -9 9 -11 -12 12 13 -15 15 21 26 -19 19 -21 -22 -23 -24 24 -26 -27 -28 28 -30 -31
leaf_value=-0.34527520899211656 0.98283146882057182 0.052075334208962716 0.47983013162612914 -0.035659988522769595 -0.1617831517908038 0.36256133466958995 0.16527476123861365 0.639954360499978 -0.021460937052965163 0.52824966325209688 0.32620119947130266 -0.15027320481550235 0.07149477824143001 -0.39175225138664244 0.88170088788737422 0.37627089548856019 0.097024803757667533 0.27017851531505582 0.26310510756314864 0.008729405195816704 0.69961962188993176 -0.1003764944076538 -0.094607909398601253 0.047340029824543467 0.5173947972910744 -0.28634042105159246 -0.35920060848960506 0.19460076499992693 0.41481113433837891 -0.20046372359584677
leaf_weight=42.5 20 1199.5 25 698.5 24.5 34.5 37 32 30 39 23 26 35 24 23 24 22 21 84 46 21 30 1959 101.5 21 37 26 35.5 25.5 27.5
leaf_count=29 20 1177 25 635 21 32 37 32 30 39 23 26 35 24 23 24 22 21 84 46 21 30 1520 97 20 31 26 35 25 25
internal_value=6.25168e-11 0.111511 0.0908438 -0.0662873 -0.0929223 0.144825 0.188539 0.385416 0.420689 0.289245 0.631611 0.155161 0.133914 -0.116945 0.179736 0.326246 0.115923 0.589838 0.188064 0.24632 0.350408 0.111467 -0.0999306 -0.00830379 0.127921 -0.0285556 -0.150097 -0.0164361 0.135291 0.022152
internal_weight=4794.5 1787.5 1675.5 3007 2060.5 59 476 69 112 69 43 407 382 59 323 98 225 44 177 151 105 54 2001.5 946.5 122.5 824 48 787 88.5 63
internal_count=4235 1765 1653 2470 1602 53 476 69 112 69 43 407 382 59 323 98 225 44 177 151 105 54 1549 868 117 751 48 720 85 60
is_linear=0
shrinkage=0.03


Tree=78
num_leaves=31
num_cat=0
split_feature=18 0 18 13 11 15 1 2 2 13 7 12 3 15 11 2 15 10 4 3 13 14 4 7 5 15 4 6 19 19
split_gain=37253.6 12744.4 6395.17 5342.25 5035.52 5525.28 4845.07 4604.67 4380.27 6109.31 8135.23 6874.53 5756.09 4886.37 4504.03 4305.44 4275.74 4330.96 3807.78 3798.09 7748.3 4094 3652.24 3590.33 3507.91 3379.68 4379.73 3788.76 3014.35 3027.76
threshold=0.39500000000000007 160.77599039615851 1.0000000180025095e-35 348.50000000000006 42.351064264213207 5079.5000000000009 236.76535363566137 16.667017310947404 25.296186488793555 230.50000000000003 11927.000000000002 60.500000000000007 5275.0000000000009 8077.166666666667 34.019160134742208 33.284656508832207 3989.3333333333339 0.17782111447790075 0.10850694444444446 7272.0000000000009 147.50000000000003 92.500000000000014 0.48524305555555564 7931.5000000000009 13.479624332570511 6142.8333333333348 0.86284722222222243 435.50000000000006 -0.29499999999999987 -0.215
decision_type=8 8 10 10 10 8 10 8 10 10 8 10 8 10 8 10 10 10 10 10 10 8 10 8 8 8 10 8 8 10
left_child=2 18 25 8 6 -6 7 -3 19 10 13 14 -11 16 -12 -8 -10 -18 -2 21 24 23 -7 -4 -21 -1 -27 -28 -23 -30
right_child=1 4 3 -5 5 22 15 -9 9 12 11 -13 -14 -15 -16 -17 17 -19 -20 20 -22 28 -24 -25 -26 26 27 -29 29 -31
leaf_value=0.13561215829849244 -0.11821838669243484 0.30564872565094081 -0.51585649772123865 -0.26815518311262132 0.18381238887184545 -0.14255570863855296 0.074327996427362625 0.028408308986202512 -0.13292001610085113 0.13838082996218704 0.34743834026398196 -0.047048817694187159 0.74976068955201369 -0.22525068336062962 0.87235194900206159 0.57090025305747982 0.5763391908078358 0.088125877189636229 -0.044843482161150305 0.75602149376502392 0.047408721174223942 0.42003740991864885 -0.58932404360681212 0.026134466285055332 0.25305582642555235 0.277529004663229 0.42832147666386194 0.99167746952988889 -0.21263482216688301 0.14200346408899014
leaf_weight=30 1038.5 56.5 22 25 28.5 43.5 33 1179.5 29.5 21.5 31 20 39 40.5 28 30 29 37.5 1644.5 26 88.5 21 26.5 22 24 39 21 22 32.5 65
leaf_count=30 759 56 22 24 28 40 33 1155 29 21 31 20 39 40 28 30 29 37 1400 26 88 21 24 22 24 39 21 22 32 65
internal_value=-3.41969e-10 -0.0349805 0.199913 0.161186 0.0384808 -0.168321 0.0541621 0.0410815 0.179789 0.266109 0.191324 0.433614 0.532493 0.0510972 0.59655 0.310791 0.167681 0.301031 -0.0732445 0.100638 0.216069 0.00225535 -0.311689 -0.244861 0.514598 0.408068 0.507747 0.71655 0.0940116 0.0237907
internal_weight=4794.5 4080.5 714 602 1397.5 98.5 1299 1236 577 276 215.5 79 60.5 136.5 59 63 96 66.5 2683 301 138.5 162.5 70 44 50 112 82 43 118.5 97.5
internal_count=4235 3525 710 598 1366 92 1274 1211 574 274 214 79 60 135 59 63 95 66 2159 300 138 162 64 44 50 112 82 43 118 97
is_linear=0
shrinkage=0.03


Tree=79
num_leaves=31
num_cat=0
split_feature=18 8 4 0 7 7 2 10 6 2 7 0 12 9 15 8 5 13 0 19 15 2 9 12 2 7 0 16 15 1
split_gain=35102.6 9288.95 8321.93 5186.89 3975.52 6548.75 4896.23 5798.23 3975.32 3485.92 3468.1 3409.13 3401.2 3144.88 3788.45 4358.02 3273.89 4227.78 3268.28 3131.77 3067.32 4555.22 4072.93 2985.97 2967.4 2893.84 2787.84 2656.43 2556.18 3373.55
threshold=0.52500000000000013 293.23821271929859 0.18576388888888892 329.50443722943709 13515.000000000002 15110.500000000002 43.944724492202305 9.9847846791468999 506.50000000000006 40.141422996556457 15864.000000000002 104.51049741602051 50.500000000000007 -2699.9999999999995 7364.2500000000009 184.47059811827953 -7.3159166440589862 154.50000000000003 168.51635338345903 -0.13999999999999996 4583.0000000000009 29.539980721820303 1630.5000000000002 91.500000000000014 28.964458990947403 16915.000000000004 236.87704918032804 307.50000000000006 1855.6666666666667 281.8668818272098
decision_type=8 10 8 10 10 10 10 10 8 8 10 10 8 8 10 10 8 8 8 8 8 10 10 8 8 8 10 10 8 10
left_child=1 3 11 4 6 -6 9 -8 12 28 -7 -2 -3 14 15 -4 -16 -18 27 -19 24 25 23 -23 -20 -22 -12 -15 -1 -30
right_child=2 8 13 -5 5 10 7 -9 -10 -11 26 -13 -14 18 16 -17 17 19 20 -21 21 22 -24 -25 -26 -27 -28 -29 29 -31
leaf_value=0.37481246153513592 -0.373465990295893 0.60438249903917318 0.11584018053192841 0.57361127956347036 0.59838481761313767 -0.20461057929105536 -0.45035343057475985 0.17411632216495015 0.71129751436171995 0.34328942852861738 0.12700781342539474 -0.091208395569713205 0.11880451189505087 -0.046883947512047677 -0.073443143742910597 0.59491438173729438 0.4601090540076202 -0.24350154035621219 -0.028645890779793261 0.11343135690202517 0.017405860774713906 -0.070975449122104448 0.06444022588093172 -0.39976616010946381 0.29443521808570539 0.26484973074928408 0.52211207711270879 -0.35372042308633145 0.089768347004392263 -0.24545333134276526
leaf_weight=27 39.5 20 66.5 22 37 21.5 32 23 31 51 68.5 1539.5 37 1089 171 23 26.5 27 40 122.5 135.5 48.5 66 51 71 62 21 26 771 28
leaf_count=27 27 20 63 22 37 21 27 22 31 51 68 1182 37 957 153 23 26 24 39 117 134 47 66 47 71 61 21 20 766 28
internal_value=-1.08973e-11 0.141276 -0.0466412 0.11759 0.108301 0.25274 0.0853646 -0.189212 0.437882 0.102584 0.137525 -0.0982693 0.289183 -0.00639404 0.0649286 0.238954 0.020043 0.110873 -0.0259864 0.0489686 0.0400019 -0.00219876 -0.118292 -0.239501 0.17801 0.0950844 0.219714 -0.0540389 0.0877223 0.0780209
internal_weight=4794.5 1190 3604.5 1102 1080 148 932 55 88 877 111 1579 57 2025.5 436.5 89.5 347 176 1589 149.5 474 363 165.5 99.5 111 197.5 89.5 1115 826 799
internal_count=4235 1178 3057 1090 1068 147 921 49 88 872 110 1209 57 1848 406 86 320 167 1442 141 465 355 160 94 110 195 89 977 821 794
is_linear=0
shrinkage=0.03


Tree=80
num_leaves=31
num_cat=0
split_feature=18 4 18 13 2 13 7 12 3 11 15 15 10 10 1 1 7 2 19 6 17 10 3 13 14 19 2 7 14 5
split_gain=33241.9 11471.6 5790.92 5009.66 4027.45 5741.44 7522.19 6459.84 5384.12 5106.39 4584.22 3980.25 4100.2 3943.56 5522.01 4248.89 5066.43 4084.73 5374.35 4373.02 4078.21 3873.81 3535.27 7276.73 3839.29 3531.53 4293.13 3406.88 3304.55 3274.35
threshold=0.39500000000000007 0.22048611111111113 1.0000000180025095e-35 348.50000000000006 25.296186488793555 230.50000000000003 11927.000000000002 56.500000000000007 5275.0000000000009 34.019160134742208 8077.166666666667 3989.3333333333339 0.17782111447790075 -1.1085809208167505 190.33679888975999 196.31802404349088 10820.500000000002 34.079260946784458 -0.014999999999999956 556.50000000000011 393.50000000000006 15.458283047718803 7272.0000000000009 147.50000000000003 92.500000000000014 0.39500000000000007 29.993663652740004 7931.5000000000009 66.500000000000014 13.479624332570511
decision_type=8 10 10 10 10 10 8 10 8 8 10 10 10 8 8 10 8 10 10 8 8 8 10 10 8 10 10 8 10 8
left_child=2 -2 -1 4 22 6 10 9 -7 -8 11 -6 -13 17 21 16 28 20 -19 -20 -3 -15 24 29 27 -17 -27 -4 -16 -24
right_child=1 13 3 -5 5 8 7 -9 -10 -11 -12 12 -14 14 15 25 -18 18 19 -21 -22 -23 23 -25 -26 26 -28 -29 -30 -31
leaf_value=0.38692028523522565 -0.081013021821430276 0.11597019627424224 -0.5040958655151454 -0.26377114906311039 -0.13166865006341771 0.12984973876975303 0.32985395493045933 -0.010041373449823129 0.72114534747571901 0.90611808242797853 -0.22222998930348289 0.55489230030569536 0.079863457632064816 0.033634407742396684 0.80922479992327478 0.056867070761445447 -0.0010858380517294241 0.11225454227282451 -0.16765326929810856 -0.61283414115615442 -0.044522412144739565 -0.20931968926690345 0.72802447179189089 0.042027170961186036 0.088047171080414252 0.0837859836889773 0.67615201002359382 0.023866575952957974 0.28871351480484009 0.24209102571010591
leaf_weight=112 2137 196 22 25 29.5 21.5 31 23 39 25 40.5 29 37.5 701 23 219 21.5 39 63 29 522 64.5 26 88.5 118.5 24.5 20 22 21 24
leaf_count=112 1696 187 22 24 29 21 31 23 39 25 40 29 37 655 23 218 21 36 55 25 485 59 26 88 118 24 20 22 21 24
internal_value=-3.30107e-10 -0.0330434 0.188843 0.151991 0.170005 0.252776 0.180277 0.413259 0.511016 0.587115 0.0454375 0.15836 0.287019 0.0197022 0.0573395 0.160126 0.376363 -0.0288186 -0.182873 -0.307982 -0.000711059 0.0131634 0.0941089 0.205475 -0.000808951 0.106375 0.350018 -0.240115 0.560799 0.494776
internal_weight=4794.5 4080.5 714 602 577 276 215.5 79 60.5 56 136.5 96 66.5 1943.5 1094.5 329 65.5 849 131 92 718 765.5 301 138.5 162.5 263.5 44.5 44 44 50
internal_count=4235 3525 710 598 574 274 214 79 60 56 135 95 66 1829 1041 327 65 788 116 80 672 714 300 138 162 262 44 44 44 50
is_linear=0
shrinkage=0.03


Tree=81
num_leaves=31
num_cat=0
split_feature=18 4 18 13 2 13 7 12 3 15 11 15 10 10 1 1 7 2 19 6 17 10 10 3 13 14 15 15 19 15
split_gain=31277.3 10793.6 5448.68 4713.59 3789.43 5402.12 7077.63 6094.71 5065.92 4313.29 3985.03 3745.01 3857.88 3710.49 5195.66 3997.78 4767 3843.32 5056.73 4114.57 3928.66 3644.87 3417.25 3326.34 6846.68 3612.39 3227.18 3207.33 4150.83 3516.62
threshold=0.39500000000000007 0.22048611111111113 1.0000000180025095e-35 348.50000000000006 25.296186488793555 230.50000000000003 11927.000000000002 60.500000000000007 5275.0000000000009 8077.166666666667 34.019160134742208 3989.3333333333339 0.17782111447790075 -1.1085809208167505 190.33679888975999 196.31802404349088 10820.500000000002 34.079260946784458 -0.014999999999999956 556.50000000000011 273.50000000000006 15.458283047718803 16.584462632582753 7272.0000000000009 147.50000000000003 92.500000000000014 6077.8333333333348 6142.8333333333348 -1.0000000180025095e-35 7364.2500000000009
decision_type=8 10 10 10 10 10 8 10 8 10 8 10 10 8 8 10 8 10 10 8 8 8 10 10 10 8 10 8 10 10
left_child=2 -2 27 4 23 6 9 10 -7 11 -8 -6 -13 17 21 16 -16 20 -19 26 -3 -15 -17 25 -25 -4 -20 -1 29 -29
right_child=1 13 3 -5 5 8 7 -9 -10 -11 -12 12 -14 14 15 22 -18 18 19 -21 -22 -23 -24 24 -26 -27 -28 28 -30 -31
leaf_value=0.10989457368850708 -0.078582631180295612 0.23276394733861713 -0.23291120573539625 -0.2558580027937889 -0.12771858265339317 0.12595425126164458 0.31995832350946241 -0.051718569695949554 0.69951099271957695 -0.21556308768413684 0.81370401390961233 0.53824552706603335 0.077467551207542423 0.032625374050436272 0.54397500108588825 0.063734015477280456 -0.0010532529964003452 0.10888689842934791 0.13049496810883282 -0.59444911393625977 -0.02178386947687435 -0.20304009757762731 0.39905278738467925 0.47993312278389932 0.040766354981115305 0.085405756014434592 -0.31990684169821626 0.50708743500709541 0.73922065263614056 -0.0064750368744134904
leaf_weight=30 2137 59.5 44 25 29.5 21.5 31 20 39 40.5 28 29 37.5 701 44 232.5 21.5 39 22 29 658.5 64.5 31 50 88.5 118.5 41 30 32 20
leaf_count=30 1696 56 44 24 29 21 31 20 39 40 28 29 37 655 44 231 21 36 20 25 616 59 31 50 88 118 35 30 32 20
internal_value=1.72084e-10 -0.0320521 0.183177 0.147431 0.164905 0.245193 0.174869 0.400861 0.495685 0.0440744 0.554278 0.153609 0.278408 0.0191111 0.0556193 0.155322 0.365073 -0.027954 -0.177387 -0.298743 -0.000689726 0.0127685 0.103183 0.0912856 0.19931 -0.000784683 -0.162624 0.375313 0.472417 0.301662
internal_weight=4794.5 4080.5 714 602 577 276 215.5 79 60.5 136.5 59 96 66.5 1943.5 1094.5 329 65.5 849 131 92 718 765.5 263.5 301 138.5 162.5 63 112 82 50
internal_count=4235 3525 710 598 574 274 214 79 60 135 59 95 66 1829 1041 327 65 788 116 80 672 714 262 300 138 162 55 112 82 50
is_linear=0
shrinkage=0.03


Tree=82
num_leaves=31
num_cat=0
split_feature=0 4 5 2 14 8 18 13 7 10 11 12 12 5 2 6 16 15 11 7 18 11 9 6 13 14 12 3 11 3
split_gain=29558.2 10183 5425.12 4769.46 5148.8 4161.62 4113.29 3778.18 3313.8 5648.6 3869.17 3253.63 6043.9 18168.2 3511.29 3596.32 3501.66 4209.91 3217.91 4389.19 4070.8 4644.14 3503.15 3462.52 3176.18 3172.68 2957.3 2765.92 5628.39 2903.52
threshold=166.46557878633402 0.81423611111111127 55.454910714285525 31.832699636974603 83.500000000000014 128.57380660954752 0.39500000000000007 348.50000000000006 8309.5000000000018 0.81674476550265063 19.710516832678355 27.500000000000004 45.500000000000007 7.8194363195100047 40.141422996556457 436.50000000000006 25.500000000000004 10491.500000000002 35.336424077025008 4700.5000000000009 0.56500000000000006 38.999286983256859 6004.5000000000009 401.50000000000006 251.50000000000003 116.50000000000001 79.500000000000014 4294.0000000000009 19.710516832678355 3961.5000000000005
decision_type=8 10 8 10 10 8 8 10 8 10 10 8 8 10 10 10 8 10 10 8 10 10 8 10 8 10 8 10 10 8
left_child=5 6 3 8 -5 -1 7 11 10 -10 -3 -2 13 -13 15 16 -14 25 22 -20 21 -21 -8 -23 -17 -18 -22 28 29 -24
right_child=1 2 -4 4 -6 -7 18 -9 9 -11 -12 12 14 -15 -16 24 17 -19 19 20 26 23 27 -25 -26 -27 -28 -29 -30 -31
leaf_value=-0.1316437513801432 -0.14816837577496544 0.25173068899767742 0.73710179883241655 0.25024457097930064 0.8568642662465572 -0.041618465333426204 0.096856772583476525 -0.22211229926347734 0.44200879797561843 0.029673842651148637 -0.16304645102471113 0.97086183330108367 -0.24234691340210179 -0.2044725226163864 0.52406201452016832 0.092744093407755301 0.014889206421725889 0.38650452399892465 0.12232777485372247 -0.55301058074406206 0.26286401944501059 0.083397636371938616 0.088778515179951972 -0.36282232687391081 0.57249207586463946 0.31857896471676761 -0.16757624481694172 -0.099929409251876281 -0.22064180639055039 0.57346490093252878
leaf_weight=574.5 29.5 35 20 34 20 2363 616.5 25 67 54 48 29 28 20 20 23 204 42 74 35 28 34 22.5 29 27 36.5 29.5 177.5 27 22
leaf_count=404 29 35 20 34 20 1998 610 24 67 54 48 29 28 20 20 23 203 42 74 32 28 33 22 26 27 36 28 173 26 22
internal_value=2.23934e-10 0.0936854 0.261111 0.224213 0.474919 -0.0592251 0.0642082 0.137038 0.15785 0.257992 0.0118596 0.1566 0.177532 0.491134 0.137148 0.115682 0.0776586 0.109376 0.0320168 -0.0678551 -0.15836 -0.275936 0.0584993 -0.122005 0.351808 0.0609793 0.0420294 -0.0364701 0.121069 0.328399
internal_weight=4794.5 1857 278 258 54 2937.5 1579 484 204 121 83 459 429.5 49 380.5 360.5 310.5 282.5 1095 229.5 155.5 98 865.5 63 50 240.5 57.5 249 71.5 44.5
internal_count=4235 1833 278 258 54 2402 1555 481 204 121 83 457 428 49 379 359 309 281 1074 221 147 91 853 59 50 239 56 243 70 44
is_linear=0
shrinkage=0.03


Tree=83
num_leaves=31
num_cat=0
split_feature=1 0 8 8 1 6 12 2 3 7 0 2 11 9 10 15 13 12 17 10 3 17 17 1 0 19 9 18 3 17
split_gain=28017.4 9214.96 7096.92 4270.66 4373.85 3592.47 3116.53 3103.1 3834.15 2924.42 4799.72 5829.35 3214.04 3041.22 3706.46 4328.58 4552.59 3208.11 2806.17 4816.69 5474.68 3881.72 3772.73 2914.8 2796.95 2759.88 2682.52 2630.34 6853.38 6389.25
threshold=191.13417363701572 153.16466249799603 293.23821271929859 280.60043859649153 266.67371958967323 506.50000000000006 50.500000000000007 13.966066300287251 5958.5000000000009 1919.0000000000002 224.62511446886452 29.993663652740004 29.321526401978304 5623.5000000000009 4.7993312115903022 4372.166666666667 108.50000000000001 40.500000000000007 371.50000000000006 5.4039679314576512 2206.5000000000005 425.50000000000006 345.50000000000006 189.82629142335443 124.72395833333351 0.35500000000000015 -1748.4999999999998 0.39500000000000007 5491.5000000000009 485.50000000000006
decision_type=10 8 10 10 10 8 8 10 10 10 10 10 10 10 10 10 10 8 8 10 10 8 10 10 10 10 10 10 10 8
left_child=1 24 3 4 9 6 -4 8 -3 10 11 -2 -13 14 15 16 -11 -16 19 20 -9 -20 -22 27 -1 -26 -6 28 -23 -30
right_child=2 7 5 -5 26 -7 -8 18 -10 13 -12 12 -14 -15 17 -17 -18 -19 21 -21 22 23 -24 -25 25 -27 -28 -29 29 -31
leaf_value=-0.14159147628792332 -0.028221979808190772 0.52425835773348806 0.56031287366151805 -0.23129379156305163 0.63783039239319883 0.65986566159033 0.095499426223136272 0.56022417440133931 0.037387163477974966 -0.38910939375559489 0.53772354493822372 0.67783430099487307 0.16450034348861028 -0.083451513156556245 -0.098503819133924392 0.10690215737585999 0.078731109454081599 0.28399657927185507 -0.13175679027983495 -0.12464444254993631 0.03681179270101477 -0.1117865905962368 0.30907839152241956 -0.34502721127867697 -0.054127384969397591 -0.36257487584959786 0.2271915892856877 0.0014773316042363456 0.80006827354431154 0.16185618422925471
leaf_weight=460.5 72.5 24 20 30.5 22 31 37 25.5 37 36 35 21 23 85.5 23 326.5 39 139 202 78.5 199 50.5 59.5 20 1764 26.5 41 797.5 20 48
leaf_count=320 72 24 20 30 22 31 37 25 35 35 35 21 23 84 23 323 39 139 195 75 194 49 59 19 1414 20 41 764 20 47
internal_value=-1.5001e-10 -0.0368056 0.142894 0.11759 0.129914 0.39995 0.258592 0.0191933 0.228943 0.110972 0.229652 0.137098 0.409501 0.083268 0.108564 0.0596915 -0.145832 0.229691 0.0106663 0.0833568 0.14085 -0.0124886 0.0994805 0.0132509 -0.0756516 -0.0586925 0.370589 0.0210736 0.152956 0.349566
internal_weight=4794.5 3812.5 982 894 863.5 88 57 1561.5 61 800.5 151.5 116.5 44 649 563.5 401.5 75 162 1500.5 362.5 284 1138 258.5 936 2251 1790.5 63 916 118.5 68
internal_count=4235 3260 975 887 857 88 57 1506 59 794 151 116 44 643 559 397 74 162 1447 353 278 1094 253 899 1754 1434 63 880 116 67
is_linear=0
shrinkage=0.03


Tree=84
num_leaves=31
num_cat=0
split_feature=18 8 0 0 1 4 2 10 3 2 2 6 12 0 12 2 14 19 3 12 5 13 3 1 18 12 14 11 0 17
split_gain=26443.8 7433.31 6730.93 4251.33 3462.55 4616.64 4573.16 6205.02 4317.75 3437.7 4772.5 3380.15 2932.35 2922.28 2800.84 3269.09 3477.94 3442.19 2660.41 6351.25 5084.46 4476.9 3556.66 4603.83 3473.83 2596.99 2627.1 2523.38 2499.81 2482.59
threshold=0.52500000000000013 293.23821271929859 141.68444683908052 329.50443722943709 171.41900841017204 0.96701388888888895 36.938431203990859 8.6615573174150526 17327.500000000004 39.579617772439711 41.428527528831907 506.50000000000006 50.500000000000007 269.45300751879705 71.500000000000014 21.854231014074902 78.500000000000014 -0.22999999999999993 7493.5000000000009 75.500000000000014 -4.9672913362590085 255.50000000000003 9888.0000000000018 244.45143997382237 0.31500000000000006 43.500000000000007 97.500000000000014 22.668046900740453 215.91911764705904 429.50000000000006
decision_type=8 10 8 10 10 10 10 10 8 10 10 8 8 10 10 8 10 10 8 8 10 8 10 10 10 10 10 10 10 10
left_child=1 3 -2 4 6 9 8 -8 14 13 -11 12 -3 18 15 16 -1 28 19 24 27 -22 23 -20 -6 -26 -27 -21 -17 -16
right_child=2 11 -4 -5 5 -7 7 -9 -10 10 -12 -13 -14 -15 29 17 -18 -19 22 20 21 -23 -24 -25 25 26 -28 -29 -30 -31
leaf_value=-0.2905492914357084 -0.088028970866877027 0.54350348138809201 -0.0051352560842925499 0.51428301312706692 -0.35846890638271967 -0.25991329602069324 -0.50239066806706512 0.1436964864730835 -0.34291177993596988 0.69302454067313146 0.16918494697736233 0.6400696960572273 0.092634440950445221 0.37093424678995063 -0.26768863184698699 0.25282233852086605 0.23431006436998192 -0.0051872603367950952 0.19977429671958088 0.22197911305086951 0.67619055747985835 0.18409354595072341 0.069792200602775759 0.66660904947329658 0.20895165299547128 -0.33487997121716795 0.11365178596973419 -0.16989546933844685 0.62212102031707761 0.10528672548631826
leaf_weight=23.5 1537 20 2067.5 22 40.5 27 33 22.5 21.5 23 49 31 37 39 29 48.5 22 29.5 140 21 20 99 181.5 22 29 28.5 20 50 25 36
leaf_count=23 1134 20 1923 22 40 27 28 21 20 23 49 31 37 39 29 48 22 28 140 21 20 99 181 22 29 28 20 50 25 36
internal_value=-3.64301e-10 0.12262 -0.0404821 0.101432 0.093022 0.125606 0.00446756 -0.240463 0.062313 0.139257 0.336523 0.387951 0.250834 0.118688 0.10312 0.175009 -0.0367711 0.268562 0.103588 0.0395663 0.146926 0.266799 0.160993 0.263172 -0.1333 -0.0156316 -0.149918 -0.0539889 0.378434 -0.0611177
internal_weight=4794.5 1190 3604.5 1102 1080 789.5 290.5 55.5 235 762.5 72 88 57 690.5 213.5 148.5 45.5 103 651.5 308 190 119 343.5 162 118 77.5 48.5 71 73.5 65
internal_count=4235 1178 3057 1090 1068 788 280 49 231 761 72 88 57 689 211 146 45 101 650 307 190 119 343 162 117 77 48 71 73 65
is_linear=0
shrinkage=0.03


Tree=85
num_leaves=31
num_cat=0
split_feature=1 0 8 8 1 12 3 2 3 0 0 11 19 7 7 0 19 11 7 9 3 14 13 10 8 1 19 10 11 19
split_gain=25047.2 8240.45 6248.69 4004.01 4053.08 3215.16 3257.52 2911.38 3613.68 2865.6 4214.78 2708.8 2728.63 3035.81 2849.94 2596.74 2541.66 2473.44 2448.64 2714.64 3289.54 5122.98 5168.22 2918.72 6649.02 4442.55 2647.12 3005.21 2270.46 2230.88
threshold=191.13417363701572 153.16466249799603 293.23821271929859 280.60043859649153 266.67371958967323 50.500000000000007 10196.500000000002 13.966066300287251 5958.5000000000009 157.241935483871 148.67207792207802 52.320523467244605 0.19000000000000003 4426.5000000000009 23362.500000000004 107.16198150924551 -0.31499999999999989 26.091502678901804 1567.5000000000002 5623.5000000000009 6269.0000000000009 97.500000000000014 278.50000000000006 -8.137969139279349 218.08355263157901 249.78050073099419 -0.024999999999999963 4.3493021121824027 35.638410792969658 0.35500000000000015
decision_type=10 8 10 10 10 10 8 10 10 10 10 10 10 10 10 10 10 10 8 10 8 10 10 10 10 10 10 10 10 10
left_child=1 15 3 4 9 6 -4 8 -3 10 -2 12 14 -14 -9 -1 -11 -6 -18 20 21 28 -23 24 -22 -25 -21 -28 -20 -17
right_child=2 7 5 -5 17 -7 -8 11 -10 16 -12 -13 13 -15 -16 29 18 -19 19 26 23 22 -24 25 -26 -27 27 -29 -30 -31
leaf_value=-0.24816194136389369 0.069179971814155583 0.50802134215831751 0.71773981690406796 -0.22645250657054244 0.13792313986354404 0.13042446474875172 0.26240080283238337 0.019081090746729579 0.035354935478519749 0.34477441707078149 0.65492189967050773 -0.31679592895507813 0.14746486153713492 -0.27038384772124496 0.35946446808179222 -0.061949785363751904 0.27270421725347499 0.51777046918869019 -0.021530913844274267 -0.38427634278009104 0.096328775780541553 0.48410237410489249 -0.077774795396969854 0.14127523013650262 0.78202592325210563 -0.29754776859283449 0.17404958009719848 -0.26091524590837195 -0.27568291486763374 -0.31429630994796753
leaf_weight=72.5 24 24 31 30.5 27 31 26 1376.5 37 34 20.5 22.5 21.5 57.5 22.5 2146.5 54.5 36 138.5 21.5 35 34 26 269 20 22.5 36.5 23.5 41 32
leaf_count=50 23 24 31 30 27 31 26 1330 35 34 20 20 21 54 22 1680 54 36 138 21 35 34 26 269 20 22 36 23 39 24
internal_value=-9.94267e-11 -0.0348001 0.135107 0.111364 0.123296 0.376313 0.510041 0.0181551 0.221322 0.105063 0.339016 0.00989576 0.0148691 -0.156666 0.0245554 -0.0715346 0.0912918 0.354979 0.079355 0.0635684 0.0861306 0.000635929 0.240622 0.145224 0.345673 0.107404 -0.0986582 0.00368836 -0.0795823 -0.0656565
internal_weight=4794.5 3812.5 982 894 863.5 88 57 1561.5 61 800.5 44.5 1500.5 1478 79 1399 2251 756 63 722 667.5 586 239.5 60 346.5 55 291.5 81.5 60 179.5 2178.5
internal_count=4235 3260 975 887 857 88 57 1506 59 794 43 1447 1427 75 1352 1754 751 63 717 663 583 237 60 346 55 291 80 59 177 1704
is_linear=0
shrinkage=0.03


Tree=86
num_leaves=31
num_cat=0
split_feature=18 8 4 0 15 14 3 6 12 10 12 6 0 4 9 9 15 5 5 13 19 18 15 16 7 6 13 10 7 5
split_gain=23727.2 6539.73 6145.37 3968.49 3335.82 4486.47 5647.52 3849.51 4340.43 3410.16 3426.61 3091.67 3019.41 2967.89 3431.43 2874.87 3475.78 4066.71 2928.55 3963.55 2948.6 2873.6 2785.6 3868.31 3206.25 4430.34 4323.79 3123.98 3122.68 3005.88
threshold=0.52500000000000013 293.23821271929859 0.18576388888888892 329.50443722943709 6030.666666666667 61.500000000000007 5204.0000000000009 233.50000000000003 39.500000000000007 -15.047798082356799 53.500000000000007 506.50000000000006 104.51049741602051 0.96701388888888895 -1998.4999999999998 -2699.9999999999995 7364.2500000000009 -14.811783307907502 -7.3159166440589862 154.50000000000003 -0.13999999999999996 0.16500000000000004 17199.333333333339 -126.49999999999999 13515.000000000002 441.50000000000006 223.50000000000003 0.94065486267775011 12407.500000000002 27.335596816599523
decision_type=8 10 8 10 10 10 8 8 8 10 10 8 10 8 8 8 10 10 8 8 8 10 10 10 10 8 8 10 8 10
left_child=1 3 12 4 5 7 9 -1 -9 -7 -11 -3 -2 14 -10 16 17 -4 -18 -20 -21 -8 24 -24 28 26 -26 -27 29 -6
right_child=2 11 15 -5 22 6 21 8 13 10 -12 -13 -14 -15 -16 -17 18 -19 19 20 -22 -23 23 -25 25 27 -28 -29 -30 -31
leaf_value=-0.23779962816238401 -0.34170174637927281 0.23388792646558662 0.55594015946388242 0.49515801429748535 0.19906078676651709 0.02072680092613462 0.29784448531766733 0.47345970598134129 -0.18110195592045783 -0.65579441270162886 -0.20423124080195146 0.60614311810462695 -0.076066981759717101 -0.13478846892133936 0.2027454074956139 -0.022492933625014248 -0.06697994677447959 0.1052224206300669 0.44549079469914704 -0.23638340977331002 0.10995461753649372 -0.009285724019874696 0.20909172975739768 -0.34497562088072298 0.27671225269635519 -0.093407328246069732 0.80329239109288086 0.37561498265374788 -0.14523010328722497 -0.0079755885622458545
leaf_weight=25 39.5 57 25 22 258.5 35.5 36 33 24 21.5 51 31 1539.5 38.5 165.5 1589 171 64.5 26.5 27 122.5 115 21.5 24 36 30.5 23 22 36 83.5
leaf_count=24 27 57 25 22 257 35 36 33 24 20 50 31 1182 38 165 1442 153 61 26 24 117 113 21 23 36 30 23 22 36 82
internal_value=5.12458e-11 0.116151 -0.0383463 0.0962769 0.0881516 0.0359132 -0.0545368 0.117824 0.151888 -0.220181 -0.338143 0.365023 -0.0827121 0.105345 0.154131 -0.0037605 0.0644316 0.231121 0.0214381 0.107344 0.0474053 0.0639374 0.141366 -0.0831636 0.162237 0.303605 0.481989 0.103135 0.120537 0.148512
internal_weight=4794.5 1190 3604.5 1102 1080 545 259 286 261 108 72.5 88 1579 228 189.5 2025.5 436.5 89.5 347 176 149.5 151 535 45.5 489.5 111.5 59 52.5 378 342
internal_count=4235 1178 3057 1090 1068 538 254 284 260 105 70 88 1209 227 189 1848 406 86 320 167 141 149 530 44 486 111 59 52 375 339
is_linear=0
shrinkage=0.03


Tree=87
num_leaves=31
num_cat=0
split_feature=0 4 5 2 0 8 7 10 13 17 14 1 19 1 6 3 9 13 17 11 10 15 13 9 2 2 4 3 14 19
split_gain=22458 8054.62 10068.9 5474.25 3729.76 3459.4 3401.15 6798.14 2905.69 4775.09 3677.87 2735.24 3744.34 2695.98 2892.62 2821.06 6267.5 3592.04 3137.33 3097.59 3175.68 2655.41 2909.57 4928.98 2638.47 4331.01 2474.74 2538.62 2884.64 4890.11
threshold=166.46557878633402 0.90104166666666685 18.471428733237023 31.154455824339752 212.76845878136254 128.57380660954752 8309.5000000000018 0.94065486267775011 348.50000000000006 431.50000000000006 104.50000000000001 256.91485135802958 -1.0000000180025095e-35 247.43098546064655 282.50000000000006 8062.5000000000009 -4510.9999999999991 190.50000000000003 353.50000000000006 25.575956942045156 0.52700488956480041 2343.2500000000005 298.50000000000006 -3305.9999999999995 25.745980014601802 32.621956981590856 0.10243055555555562 12709.500000000002 67.500000000000014 0.25500000000000012
decision_type=8 10 8 10 10 8 8 10 10 10 10 10 10 10 8 8 8 8 10 8 10 8 10 10 10 10 10 10 8 10
left_child=5 4 3 6 21 -1 -3 -8 9 11 -11 13 -13 14 -6 16 -16 -18 -19 20 -17 -2 -23 -24 -25 -26 -7 28 29 -28
right_child=1 2 -4 -5 8 26 7 -9 -10 10 -12 12 -14 -15 15 19 17 18 -20 -21 -22 22 23 24 25 -27 27 -29 -30 -31
leaf_value=-0.117650812742721 0.21824510840574898 -0.11583855253458022 0.81406270278824699 0.56754256629026845 0.36654891386628152 -0.089216533350961136 0.5593420544163934 -0.079674612987906707 -0.16131120486451048 0.60778864456848669 0.18882005810737609 -0.38340316597620644 0.18075013768672943 0.45873669480735607 -0.22089092175875391 0.46111503508687018 0.6156696749770123 0.30541254874987478 -0.11483971937136216 -0.13033122907985339 -0.04170990417783077 0.0087727076271482182 0.44721909548106947 -0.16818031617385498 0.44803559904098511 -0.13266614065613858 0.057893327821541246 -0.073732374163951064 -0.011025107034738704 0.54966799935629196
leaf_weight=574.5 67.5 45 27 26 36 583 29 31 28 33 44 22.5 20 22 28 20 23 58.5 22 82.5 26 1047.5 38 34 25 21.5 118.5 520.5 1119.5 21.5
leaf_count=404 67 45 27 26 36 447 29 31 27 33 44 22 20 22 28 20 23 58 22 82 26 1029 38 33 25 20 103 444 984 20
internal_value=5.60571e-11 0.0816617 0.286545 0.17782 0.0626084 -0.0516241 0.0813169 0.229183 0.134964 0.153926 0.368378 0.108121 -0.117919 0.138331 0.114517 0.0796197 0.177305 0.28503 0.190561 -0.0203462 0.17691 0.0353026 0.024712 0.16561 0.0326762 0.179539 -0.0355714 -0.0180012 0.00503026 0.133416
internal_weight=4794.5 1857 158 131 1699 2937.5 105 60 465.5 437.5 77 360.5 42.5 318 296 260 131.5 103.5 80.5 128.5 46 1233.5 1166 118.5 80.5 46.5 2363 1780 1259.5 140
internal_count=4235 1833 158 131 1675 2402 105 60 463 436 77 359 42 317 295 259 131 103 80 128 46 1212 1145 116 78 45 1998 1551 1107 123
is_linear=0
shrinkage=0.03


Tree=88
num_leaves=31
num_cat=0
split_feature=1 0 8 8 1 5 15 0 0 2 3 17 10 3 17 17 1 3 18 9 17 15 14 11 3 2 2 15 8 17
split_gain=21323.4 6984.11 5246.58 3795.8 3563.86 2989.59 4356.32 2753.8 3942.54 2731.75 3396.43 2575.14 4432.24 5098.9 3926.5 3492.28 2735.01 2517.55 7221.92 3253.43 3152.72 3003.66 2793.16 2827.82 2619.92 2546.7 3991.74 2442.04 2366.2 3726.28
threshold=191.13417363701572 153.16466249799603 293.23821271929859 280.60043859649153 266.67371958967323 0.19404285188198858 8269.1666666666679 157.241935483871 148.67207792207802 13.966066300287251 5958.5000000000009 371.50000000000006 5.7743779015770009 2206.5000000000005 345.50000000000006 425.50000000000006 189.82629142335443 5447.5000000000009 0.33500000000000008 -3855.4999999999995 494.50000000000006 3005.166666666667 146.50000000000003 23.243239892844802 3707.0000000000005 29.462917145259805 28.038784472619053 2482.3333333333335 182.96426356589151 497.50000000000006
decision_type=10 8 10 10 10 10 8 10 10 10 10 8 10 10 10 8 10 10 10 8 8 8 10 8 8 10 10 8 10 10
left_child=1 27 3 4 7 6 -4 8 -2 10 -3 12 13 -11 -15 -13 17 21 20 -20 -19 24 23 -23 -17 26 -21 -1 29 -27
right_child=2 9 5 -5 -6 -7 -8 -9 -10 11 -12 15 -14 14 -16 16 -18 18 19 25 -22 22 -24 -25 -26 28 -28 -29 -30 -31
leaf_value=-0.27431261226083292 0.065792038738727576 0.49138941586017609 0.0022430168498646127 -0.22601217310936722 0.33177237680980137 0.65800973721912925 0.48610572001513308 0.083924313990633922 0.63230112577356945 0.53624845813302435 0.03315177546965109 -0.12666645683126873 -0.12973410873996968 0.028756273396386596 0.30410861124184507 0.32362400662811364 -0.33617818616330625 0.69151651597023001 0.21294497720738673 0.0038925263052585566 0.2099042054585048 0.061056925010151586 0.26284726881980897 -0.15782600332889921 -0.10256048773016248 -0.053124546881629382 0.33426110923290253 -0.061242217769482084 0.19626154518127442 -0.3963363375373789
leaf_weight=49.5 24 24 33 30.5 63 21 34 756 20.5 25.5 37 202 73.5 203 60.5 34 20 20 70.5 211 31.5 70.5 20 215.5 21 123.5 39 2201.5 22.5 37
leaf_count=37 23 24 33 30 63 21 34 751 20 25 35 195 70 198 60 34 19 20 70 203 31 70 20 202 20 117 39 1717 22 32
internal_value=1.3223e-11 -0.0321091 0.12466 0.102904 0.114522 0.34568 0.247785 0.0974241 0.326768 0.0166424 0.213442 0.00864191 0.0782758 0.131178 0.0919776 -0.0135394 0.0108748 0.0184524 0.058564 0.0239537 0.396938 -0.043215 -0.0799021 -0.103871 0.160899 -0.0068174 0.05543 -0.0659277 -0.0918549 -0.132245
internal_weight=4794.5 3812.5 982 894 863.5 88 67 800.5 44.5 1561.5 61 1500.5 362.5 289 263.5 1138 936 916 555 503.5 51.5 361 306 286 55 433 250 2251 183 160.5
internal_count=4235 3260 975 887 857 88 67 794 43 1506 59 1447 353 283 258 1094 899 880 534 483 51 346 292 272 54 413 242 1754 171 149
is_linear=0
shrinkage=0.03


Tree=89
num_leaves=31
num_cat=0
split_feature=0 0 8 12 9 0 15 17 10 10 4 4 12 13 14 2 18 2 11 14 19 19 15 19 13 10 15 16 5 5
split_gain=20088.7 7253.14 4355.35 3219.22 3457.05 3059.49 2980.17 3304.09 3392.01 3302.18 2963.57 5432.94 5352.24 3960.25 2867.41 5187.46 3078.63 4511.02 3615.15 2826.12 2782.79 2735.77 3320.42 3649.8 3106.52 2447.84 2412.86 2317.01 2556.24 3712.26
threshold=205.30921052631604 141.68444683908052 293.23821271929859 69.500000000000014 1936.5000000000002 329.50443722943709 3148.666666666667 371.50000000000006 -12.900361592560747 0.52700488956480041 0.92534722222222243 0.90104166666666685 64.500000000000014 198.50000000000003 89.500000000000014 32.801431655000457 0.39500000000000007 20.430310388559452 31.268860170314603 96.500000000000014 -0.034999999999999969 0.27500000000000008 8565.6666666666697 -0.16499999999999992 202.50000000000003 0.10104029190910159 9058.0000000000018 -51.499999999999993 -36.811925063350991 -27.619170303380994
decision_type=10 8 10 10 8 10 8 8 8 8 8 10 8 10 8 8 10 8 8 8 10 10 10 10 10 8 10 8 8 8
left_child=1 -1 5 4 -4 10 9 8 -8 -3 11 -2 13 -12 15 20 17 -16 -19 -14 25 22 24 -24 -10 -9 -17 -18 -29 -30
right_child=2 6 3 -5 -6 -7 7 14 21 -11 12 -13 19 -15 16 26 27 18 -20 -21 -22 -23 23 -25 -26 -27 -28 28 29 -31
leaf_value=-0.077027672163145197 0.11980389066065268 -0.0091572801376643923 0.6335336708081396 0.012688758730888367 0.19421944511788231 0.46628823117776347 0.35667830327840949 -0.45013506325085956 -0.091271055890468494 0.25084104943042879 0.48662672019921821 0.60259430550716142 -0.46822351211454805 -0.025375216791504306 -0.11445635479072043 -0.57880182760412036 -0.15256487069105687 0.097351930711580353 0.62925896333611531 -0.065331721915338273 0.04965475143369185 0.2832436722975511 0.45227198112984091 0.065047104209661477 0.19059336464089083 -0.072749880841284087 -0.16940983805121207 0.18525148599361213 -0.2358522300947119 -0.0049115489069039798
leaf_weight=1547 451.5 85.5 38 20 28 22 32.5 22.5 231.5 90.5 26 22 20.5 28.5 29 27.5 107.5 23 23 66.5 109 39 24.5 207 41.5 49.5 24.5 59 66 1232
leaf_count=1142 450 82 38 20 28 22 32 20 214 87 26 22 20 28 29 22 98 23 22 66 103 38 24 197 41 46 22 57 62 1154
internal_value=1.40459e-10 -0.0258772 0.145725 0.346119 0.447158 0.11867 0.00546753 -0.00345556 0.0589659 0.124535 0.106235 0.142236 -0.0142335 0.218883 -0.0237403 -0.121821 -0.00889597 0.178571 0.363305 -0.160266 -0.0459491 0.0411634 0.0224495 0.106028 -0.0484235 -0.190683 -0.385915 -0.0184965 -0.00787578 -0.0166543
internal_weight=4794.5 4071.5 723 86 66 637 2524.5 2348.5 576 176 615 473.5 141.5 54.5 1772.5 233 1539.5 75 46 87 181 543.5 504.5 231.5 273 72 52 1464.5 1357 1298
internal_count=4235 3515 720 86 66 634 2373 2204 546 169 612 472 140 54 1658 213 1445 74 45 86 169 514 476 221 255 66 44 1371 1273 1216
is_linear=0
shrinkage=0.03


Tree=90
num_leaves=31
num_cat=0
split_feature=0 18 8 8 17 15 14 11 5 3 3 9 16 9 8 3 2 13 2 12 4 14 18 1 2 10 6 13 0 2
split_gain=19058.4 6642.9 3807.81 3415.15 2999.79 4641.01 4115.72 2643.96 5648.36 4000.55 6511.39 4881.08 4488.84 3203.89 3050.27 2204.56 2642.43 2428.54 2446.32 2563.41 2198.06 2161.28 2962.42 2564.65 2098.6 2304.1 2540.13 2395.94 2416.53 3066.42
threshold=168.51635338345903 1.0000000180025095e-35 209.90919384057955 128.57380660954752 470.50000000000006 6835.5000000000009 91.500000000000014 25.238161022133202 25.40833333333298 7568.5000000000009 12004.500000000002 322.00000000000006 254.50000000000003 7025.0000000000009 215.89950980392152 12709.500000000002 40.141422996556457 375.50000000000006 48.542148660812558 40.500000000000007 0.10243055555555562 138.50000000000003 0.91500000000000015 141.48235133949422 46.884966843240953 -2.1039273136715475 556.50000000000011 296.50000000000006 213.91851503759401 31.505731409572956
decision_type=10 10 10 8 8 10 10 10 10 8 10 10 8 8 10 10 8 10 8 10 10 10 10 10 10 8 10 10 10 10
left_child=3 4 24 21 6 -6 -2 -4 9 11 12 14 -11 -14 -9 17 -17 18 20 -20 -5 23 -23 -1 25 26 -3 28 -27 -30
right_child=1 2 7 15 5 -7 -8 8 -10 10 -12 -13 13 -15 -16 16 -18 -19 19 -21 -22 22 -24 -25 -26 27 -28 -29 29 -31
leaf_value=-0.11409988574218004 0.26830157668966997 0.0024841899729234123 0.058792957234706268 -0.073663432014383759 -0.080939088030294939 0.48956399500370029 0.79998316088318822 0.46280954769679478 0.68454779005050659 0.18710932074224246 -0.031079037051934461 -0.30131146233657308 0.90138644131747159 0.38333489605358667 0.049878475970548126 -0.059530544061822108 -0.29578215204752406 -0.25932267573901585 0.4636588962217793 0.01896915381508214 0.0067654190802425625 0.26024256873698459 -0.14958506897091864 -0.38559513746802482 -0.19293130199674149 0.029086026292618201 -0.318842214269841 0.2391701729120092 0.080640373327515349 0.41919898320646848
leaf_weight=480 38 383 221 405.5 33 21 20 21 20 34 39 29 22 21 69 670.5 45.5 35 20 28 1244 31.5 32 33.5 35.5 552 23.5 70.5 82.5 34
leaf_count=336 38 375 221 315 33 21 20 21 20 34 39 29 22 21 69 556 38 28 20 24 1100 24 22 24 33 544 22 70 82 34
internal_value=-2.50445e-10 0.0782217 0.0631075 -0.0457359 0.30183 0.140923 0.45164 0.134741 0.200564 0.159373 0.284743 0.0371646 0.444705 0.648385 0.146229 -0.0302633 -0.0745437 -0.0119632 -0.00686305 0.204257 -0.0130066 -0.111394 0.0537153 -0.131812 0.0342355 0.0412756 -0.0160919 0.0728316 0.0552896 0.179447
internal_weight=4794.5 1769 1657 3025.5 112 54 58 476 255 235 116 119 77 43 90 2448.5 716 1732.5 1697.5 48 1649.5 577 63.5 513.5 1181 1145.5 406.5 739 668.5 116.5
internal_count=4235 1748 1636 2487 112 54 58 476 255 235 116 119 77 43 90 2081 594 1487 1459 44 1415 406 46 360 1160 1127 397 730 660 116
is_linear=0
shrinkage=0.03


Tree=91
num_leaves=31
num_cat=0
split_feature=1 0 8 8 1 6 16 0 0 17 10 3 4 13 10 2 11 15 14 2 18 6 6 7 17 13 15 2 2 7
split_gain=17997.8 5973.7 4404.71 3581.8 3134.65 2884.7 3289.04 2646.63 3641.16 2522.63 5125.14 4557.09 3678.75 3383.86 3240.37 4954.73 3420.89 3188.94 2878.68 3750.93 3134.71 2735.21 2654.65 2573.33 2424.85 4948.66 3017.56 2767.17 2353.36 2539.78
threshold=191.13417363701572 142.76123876123901 293.23821271929859 280.60043859649153 266.67371958967323 476.50000000000006 1.0000000180025095e-35 157.241935483871 148.67207792207802 371.50000000000006 5.6706190363106499 4758.0000000000009 0.19444444444444448 217.50000000000003 -0.5418861047494995 27.559256842257856 25.575956942045156 6182.3333333333348 88.500000000000014 32.801431655000457 0.025000000000000005 568.50000000000011 305.50000000000006 22835.000000000004 650.00000000000011 370.50000000000006 3005.166666666667 34.742031245496854 17.570165406698752 1827.5000000000002
decision_type=10 8 10 10 10 8 10 10 10 8 10 10 8 10 10 8 10 10 8 8 10 8 10 10 10 10 8 10 10 10
left_child=1 -1 3 4 7 6 -4 8 -2 10 11 12 -3 14 15 21 -16 -14 19 28 -20 -13 -17 24 25 26 27 -22 -11 -30
right_child=2 9 5 -5 -6 -7 -8 -9 -10 18 -12 13 17 -15 16 22 -18 -19 20 -21 23 -23 -24 -25 -26 -27 -28 -29 29 -31
leaf_value=-0.073221233940482189 0.063877933025360115 -0.059231965298002412 -0.091069770377615225 -0.22491696899543043 0.30962734524692803 0.53350465714931483 0.38241716784815633 0.076609055186429673 0.60830375459136021 0.2240821301192045 -0.12099210943428 -0.037106728945617326 0.26791001925674768 0.35845482721167093 0.0064745406284928324 -0.41500142222642894 0.35249651080369948 0.70673011547327036 0.3051141973269188 -0.35066441803562398 0.059011758940164437 0.26868972241878508 -0.0321060960076072 0.2913732605208369 0.31526192227005961 -0.35737924118041992 -0.019878193065258325 0.43634529478847978 -0.3812412711914549 -0.03481293838415573
leaf_weight=1618.5 24 22 23 30.5 63 34 31 756 20.5 24 112 81 58.5 29.5 60 40 45 20 29.5 49 64.5 39 27.5 25.5 20 37.5 1261.5 24 23.5 100.5
leaf_count=1199 23 19 23 30 63 34 31 751 20 23 102 77 58 29 56 36 45 20 29 42 62 38 26 25 20 32 1183 23 22 94
internal_value=3.42595e-10 -0.0294992 0.114527 0.0945932 0.105879 0.31704 0.180747 0.0898435 0.314681 0.00275423 0.0594362 0.107266 0.283624 0.0522221 0.0213371 -0.0533852 0.15477 0.379711 -0.0155022 -0.12316 -0.00100061 0.0622771 -0.259007 -0.00730234 -0.0127135 -0.0174411 -0.00799837 0.161339 -0.0478372 -0.100467
internal_weight=4794.5 3812.5 982 894 863.5 88 54 800.5 44.5 2194 534.5 422.5 100.5 322 292.5 187.5 105 78.5 1659.5 197 1462.5 120 67.5 1433 1407.5 1387.5 1350 88.5 148 124
internal_count=4235 3260 975 887 857 88 54 794 43 2061 506 404 97 307 278 177 101 78 1555 181 1374 115 62 1345 1320 1300 1268 85 139 116
is_linear=0
shrinkage=0.03


Tree=92
num_leaves=31
num_cat=0
split_feature=18 5 18 4 3 2 2 15 0 14 13 0 18 14 18 9 8 3 1 5 0 1 2 0 8 15 7 15 12 3
split_gain=17112 5239.16 4686.7 4590.47 4289.95 3817.09 6041.48 3267.76 3752.43 5060.1 4123.2 4630.57 4247.29 3859.07 5061.5 3226.69 3850.74 3149.5 4501.86 5631.99 3791.86 2988.27 2941.34 2824.87 2748.05 2739.28 2715.53 3029.34 3001.77 4114.92
threshold=0.52500000000000013 -82.299793377580997 1.0000000180025095e-35 0.18576388888888892 1904.0000000000002 18.147411450933706 21.772927479623203 6030.666666666667 205.30921052631604 91.500000000000014 190.50000000000003 242.08421052631553 0.29500000000000004 110.50000000000001 0.095000000000000015 3069.0000000000005 200.79911223842751 9987.5000000000018 210.92034875084653 8.8131435475349935 218.92526595744704 201.98348274028848 30.672878645766104 104.51049741602051 212.56959064327503 3693.3333333333339 13515.000000000002 12845.666666666666 58.500000000000007 12004.500000000002
decision_type=8 8 10 8 10 8 10 10 10 8 8 10 10 10 10 8 10 8 8 8 10 10 10 10 10 8 10 10 8 10
left_child=1 -1 4 23 -3 -6 -7 8 9 -4 11 -10 13 14 -12 21 -17 18 20 22 -9 -14 -20 -2 -16 -11 28 -28 -19 -30
right_child=3 2 7 -5 5 6 -8 17 10 25 12 -13 15 -15 24 16 -18 26 19 -21 -22 -23 -24 -25 -26 -27 27 -29 29 -31
leaf_value=0.5800951650738716 -0.32141683079019379 -0.10753198010580879 -0.26834834807194197 -0.0026732087530190194 0.1017596741501362 0.82971096166542602 0.21190471018182819 0.16702199879773827 0.12246907426338445 0.24876973511357056 -0.35745254053837722 0.6864256105944514 0.27363549201563003 -0.43107524350933407 0.27841567676642842 0.13751571927402839 0.67315713250637055 0.15085026519783473 0.061513625408740752 0.69480737793445591 -0.20012065016088032 -0.21835036811828612 0.43796694839072803 -0.064481990403837064 -0.075925273398558299 -0.042924321855677933 0.48544221932237797 0.087398319489593743 0.075997481663650446 -0.28879736349500457
leaf_weight=20 39.5 21 78 2025.5 31 28 29 129 38 38 27 20 20 23 43.5 30.5 20 59 47 30 31.5 25 31 1539.5 36 122 22 79 53.5 58
leaf_count=20 27 21 75 1848 31 28 29 128 38 38 27 20 20 22 43 30 20 58 47 30 31 25 31 1182 36 120 22 78 53 57
internal_value=7.13068e-11 0.0986391 0.0904091 -0.032565 0.277739 0.369678 0.515388 0.0711641 0.0175639 -0.0702298 0.0913975 0.316937 0.0332584 -0.0786732 -0.00256757 0.18504 0.349651 0.122878 0.195733 0.345485 0.094966 0.000310014 0.21113 -0.0709094 0.117959 0.026353 0.0508287 0.174101 -0.0221948 -0.113761
internal_weight=4794.5 1190 1170 3604.5 109 88 57 1061 521 238 283 58 225 129.5 106.5 95.5 50.5 540 268.5 108 160.5 45 78 1579 79.5 160 271.5 101 170.5 111.5
internal_count=4235 1178 1158 3057 109 88 57 1049 514 233 281 58 223 128 106 95 50 535 267 108 159 45 78 1209 79 158 268 100 168 110
is_linear=0
shrinkage=0.03


Tree=93
num_leaves=31
num_cat=0
split_feature=0 4 5 2 12 7 8 2 9 0 15 9 15 3 3 13 6 2 17 15 0 0 10 5 2 11 11 7 3 7
split_gain=16222.2 5756.26 8747.35 4951.46 3125.34 4240.6 3001.19 2580.9 3900.2 2256.38 3019.69 3056.01 3911.9 3852.23 4815.86 3719.65 3626.1 3127.08 4870.38 2936.19 2877.21 4143.61 3988.48 3442.07 2453.55 2420.54 5377.91 6419 4543.69 3291.63
threshold=168.51635338345903 0.90104166666666685 18.471428733237023 31.154455824339752 55.500000000000007 8060.5000000000009 128.57380660954752 43.944724492202305 -120.49999999999999 212.76845878136254 3496.2500000000005 -4510.9999999999991 10096.500000000002 8920.5000000000018 10196.500000000002 190.50000000000003 347.50000000000006 30.350367252454554 425.50000000000006 7557.3333333333348 218.92526595744704 226.14748040313552 1.8102746805011487 16.970449561403999 29.993663652740004 39.248414719535354 35.336424077025008 5005.5000000000009 10007.500000000002 9497.5000000000018
decision_type=10 10 8 10 10 8 8 10 8 10 8 8 10 8 8 8 10 10 8 8 10 10 8 10 10 10 10 8 10 8
left_child=6 7 3 4 5 -3 -1 9 -9 25 -11 12 -12 15 -15 -13 -14 18 -17 -19 -16 -22 23 -23 -24 26 -2 -28 29 -27
right_child=1 2 -4 -5 -6 -7 -8 8 -10 10 11 13 16 14 20 17 -18 19 -20 -21 21 22 24 -25 -26 28 27 -29 -30 -31
leaf_value=-0.10374628163370557 0.047831296052501977 -0.10247471221855708 0.73665076679653585 0.51427570196298455 -0.16106919598120908 0.38408498149169118 -0.027691186682600889 0.088196916794509028 -0.31868354717890424 -0.15714678052755501 -0.31181867622371229 0.56763158072124831 0.4061452572345734 -0.31407444104552268 0.46939274787902829 -0.24065827778577806 -0.14902888047695159 0.69239174401760095 0.24624112108433752 0.18147641174676943 -0.23541810913519423 0.64120231520045889 0.20787477520108225 0.15675776720046997 -0.24645810500435208 0.18915103353324689 0.14218166724328071 -0.39942826555834876 -0.085027773584190169 0.64794407272338872
leaf_weight=577 892.5 28 27 26 39 38 2448.5 44.5 40.5 32.5 28 33 22.5 24 21 25 20 20 71 20.5 27.5 22 20 33 23 47.5 31 54 38 20
leaf_count=406 883 28 27 26 39 38 2081 43 38 32 28 33 22 24 21 25 20 20 71 20 27 22 20 33 23 47 31 50 37 20
internal_value=3.97129e-10 0.072167 0.244968 0.143629 0.0518499 0.177666 -0.0421958 0.0552194 -0.10567 0.0641811 0.121219 0.143258 -0.0364997 0.180531 0.0798468 0.281809 0.144887 0.212709 0.119444 0.43378 0.14438 0.0899954 0.18131 0.350536 -0.0351405 0.0408499 0.0261155 -0.2019 0.17737 0.32509
internal_weight=4794.5 1769 158 131 105 66 3025.5 1611 85 1526 443 410.5 70.5 340 170.5 169.5 42.5 136.5 96 40.5 146.5 125.5 98 55 43 1083 977.5 85 105.5 67.5
internal_count=4235 1748 158 131 105 66 2487 1590 81 1509 441 409 70 339 170 169 42 136 96 40 146 125 98 55 43 1068 964 81 104 67
is_linear=0
shrinkage=0.03


Tree=94
num_leaves=31
num_cat=0
split_feature=1 0 5 10 7 7 15 15 3 9 19 7 12 2 5 9 16 11 12 0 18 10 17 10 3 4 13 10 2 11
split_gain=15338.4 5167.58 3992.82 3320.5 4349.95 6253.92 4143.14 3927.77 3600.71 5341.39 3585.87 3341.07 3306.61 3197.52 3572.09 3083.5 3054.46 2899.8 3282.48 3105.83 2779.7 2493.46 2352.95 4745.16 4242.67 3374.25 3166.04 3060.96 4585.59 3201.49
threshold=191.13417363701572 142.76123876123901 66.201571780662036 6.126737861003452 8192.5000000000018 7506.0000000000009 6228.0833333333348 6228.0833333333348 1271.5000000000002 363.50000000000006 0.24500000000000008 2308.5000000000005 41.500000000000007 15.825751537992051 30.685129458515515 5326.5000000000009 27.500000000000004 26.091502678901804 39.500000000000007 208.18979933110353 0.41500000000000004 -3.7818286794767499 371.50000000000006 5.6706190363106499 4758.0000000000009 0.19444444444444448 217.50000000000003 -0.5418861047494995 27.559256842257856 25.575956942045156
decision_type=10 8 10 10 8 10 10 8 8 10 10 8 8 10 10 10 10 10 8 10 10 10 8 10 10 8 10 10 8 10
left_child=1 -1 3 4 5 6 8 -6 -2 10 21 -5 -9 -14 -15 17 -11 18 -13 -19 -8 -10 23 24 25 -3 27 28 -26 -29
right_child=2 22 -4 11 7 -7 20 12 9 16 -12 15 13 14 -16 -17 -18 19 -20 -21 -22 -23 -24 -25 26 -27 -28 29 -30 -31
leaf_value=-0.067897743462395882 0.28602771759033202 -0.054663659943775693 0.4800031225204468 0.46019334527850148 0.4592402057878433 -0.41262653041630981 0.34614308434374191 0.38496299648986143 -0.1480482111193917 -0.042683937223628163 0.063119627411772558 -0.23660384518759589 0.34473840210367651 0.068615398784565448 -0.34477659248724218 -0.1726005068603827 0.30864078671767792 0.18223620007435481 0.17021694582331331 0.62282038599252698 0.0032229416664332558 -0.55452004526702448 -0.014865952074397538 -0.11610291512749557 0.059191496005281799 0.36572088388121049 0.34663219716589327 0.0067703176736831671 -0.24989289787080554 0.34151249368985492
leaf_weight=1618.5 27 22 25 35 31 32 51 34 22 96 20.5 21 34 228.5 20.5 24.5 29 36 119 24 36.5 35.5 1659.5 112 120 78.5 29.5 60 67.5 45
leaf_count=1199 27 19 25 35 31 31 51 34 22 96 20 21 34 226 20 24 29 36 119 24 36 34 1555 102 115 78 29 56 62 45
internal_value=-9.35975e-11 -0.0272326 0.105728 0.0959502 0.0618652 -0.0128927 0.0273954 0.136945 -0.0394474 -0.0827372 -0.277546 0.187566 0.105428 0.0718438 0.0345811 0.145063 0.0388234 0.183977 0.109194 0.35847 0.203096 -0.399 0.00276575 0.0575081 0.10353 0.273696 0.0504197 0.0205453 -0.0520789 0.150231
internal_weight=4794.5 3812.5 982 957 697.5 349.5 317.5 348 230 203 78 259.5 317 283 249 224.5 125 200 140 60 87.5 57.5 2194 534.5 422.5 100.5 322 292.5 187.5 105
internal_count=4235 3260 975 950 691 346 315 345 228 201 76 259 314 280 246 224 125 200 140 60 87 56 2061 506 404 97 307 278 177 101
is_linear=0
shrinkage=0.03


Tree=95
num_leaves=31
num_cat=0
split_feature=4 8 12 18 12 12 8 7 2 4 8 8 18 0 0 7 15 7 8 4 4 7 12 7 1 1 19 12 13 1
split_gain=14511.8 5389.26 4659.86 3842.97 5063 11039.8 3415.5 3254.73 7224.95 3237.39 6209.55 3198.72 3049.35 3042.54 2787.87 2772.02 4094.11 2839.8 2737.56 4134.28 4107.07 2868.12 3761.96 3295.72 3256.05 3250.37 3091.61 3260.08 3010.91 2927.16
threshold=0.3732638888888889 293.23821271929859 38.500000000000007 0.18500000000000003 31.500000000000004 65.500000000000014 181.42998225901803 13515.000000000002 38.833341514506209 0.90104166666666685 333.52643948296105 185.68428634751754 0.30500000000000005 209.88904840032805 122.05476475876551 15110.500000000002 13005.166666666672 15864.000000000002 280.60043859649153 0.88715277777777801 0.91493055555555569 2365.0000000000005 96.500000000000014 3893.0000000000005 213.90954831269366 200.27710294293004 -0.16499999999999992 36.500000000000007 228.50000000000003 177.67627296129851
decision_type=10 8 8 8 10 10 10 10 10 10 10 10 8 10 8 10 10 10 10 10 10 8 10 8 10 10 10 8 10 10
left_child=3 7 -3 4 -1 -6 12 18 15 -4 -11 -8 -5 14 -14 16 -9 -17 19 21 -21 25 23 29 -25 -2 -26 -28 -24 -23
right_child=1 2 9 6 5 -7 11 8 -10 10 -12 -13 13 -15 -16 17 -18 -19 -20 20 -22 22 28 24 26 -27 27 -29 -30 -31
leaf_value=-0.17281351400458295 0.2809647471358977 0.68483434081077577 -0.10853940859436989 -0.34980297428066448 0.89699276277422901 -0.057355508450418709 0.43157428312760132 0.58670857608318328 0.67881864252415569 0.62021923526057166 -0.023627445067350678 -0.00026373253056877536 -0.12439382558945791 0.25730816730856892 -0.035621633982517366 -0.26740891730785371 0.071745572144334968 0.095699472740292543 -0.25039881185481422 0.58698692756704984 0.10955352931134403 -0.44965293623507019 0.0056306971719390468 -0.0200526827452179 0.40002369737625121 0.0006376206874847411 -0.29003983712196346 0.11628396876880367 0.32653257228434085 -0.077416056892910937
leaf_weight=23 83 21 24 29.5 20 24 26 24 22 28 26 38 362 30 2643 22.5 33 140 28.5 24 50 24 47.5 574 30 67.5 20 159.5 59 91.5
leaf_count=23 82 21 24 28 20 24 25 24 22 28 26 35 250 29 2232 22 33 137 28 24 50 20 46 556 30 67 20 159 59 91
internal_value=-2.47752e-10 0.073783 0.288166 -0.0369203 0.18789 0.376439 -0.0417349 0.0596337 0.160513 0.18137 0.310219 0.17517 -0.0462648 -0.0433144 -0.0463157 0.108564 0.288572 0.0454229 0.0402755 0.0470106 0.264397 0.0330949 0.0148131 -0.00515937 0.0168947 0.155237 0.118125 0.0710111 0.183407 -0.154764
internal_weight=4794.5 1599 99 3195.5 67 44 3128.5 1500 241.5 78 54 64 3064.5 3035 3005 219.5 57 162.5 1258.5 1230 74 1156 1005.5 899 783.5 150.5 209.5 179.5 106.5 115.5
internal_count=4235 1569 99 2666 67 44 2599 1470 238 78 54 60 2539 2511 2482 216 57 159 1232 1204 74 1130 981 876 765 149 209 179 105 111
is_linear=0
shrinkage=0.03


Tree=96
num_leaves=31
num_cat=0
split_feature=0 18 8 15 19 15 8 9 5 6 1 3 15 12 12 7 9 13 8 3 3 10 12 14 18 1 2 19 15 12
split_gain=13742.4 5053.73 2853.12 2651.6 3234.02 3257.92 2573.25 2534 3941.31 3549.17 5828.62 3032.28 4846.54 3759.66 2966.1 2762.52 2163.31 2302.94 3153.63 2183.03 2422.78 3573.21 2111.2 2031.26 2746.18 2456.21 1939.38 3313.67 2539.59 2317.62
threshold=166.46557878633402 1.0000000180025095e-35 209.90919384057955 6142.8333333333348 -1.0000000180025095e-35 7364.2500000000009 128.57380660954752 -56.499999999999993 -13.067639927359009 380.50000000000006 234.46071428571454 7493.5000000000009 5135.3333333333348 53.500000000000007 64.500000000000014 1919.0000000000002 -2262.9999999999995 153.50000000000003 143.54033180778052 1904.0000000000002 4025.0000000000005 4.1469242712633498 95.500000000000014 138.50000000000003 0.91500000000000015 141.48235133949422 35.070872292208058 0.25500000000000012 7636.8333333333339 71.500000000000014
decision_type=10 10 10 8 10 10 8 8 10 8 10 8 8 8 10 10 8 8 10 8 10 8 10 10 10 10 8 8 10 8
left_child=6 3 -3 -2 5 -5 23 8 14 -10 -11 15 -13 -14 -4 -9 17 18 -8 -18 21 -21 -16 25 -25 -1 27 -19 -28 -30
right_child=1 2 7 4 -6 -7 16 11 9 10 -12 12 13 -15 22 -17 19 26 -20 20 -22 -23 -24 24 -26 -27 28 -29 29 -31
leaf_value=-0.099414052096251898 0.018357231020927428 0.027836770143191924 0.20753364683830575 0.3949825328588486 0.58348188780248167 -0.099329457342624661 0.43562833792513067 0.1466906015396118 0.63567342903878954 -0.048127824890543708 0.57034040968865152 0.45965664948186569 0.29721593907901223 -0.030532367768741787 -0.25828302132158443 -0.24085398562708679 -0.2445628217940635 -0.0027068959409882734 0.016121931053124941 -0.03326720932068733 -0.051510296112339246 0.21037269647581031 0.1366849966772965 0.26194374033382961 -0.13264312645420431 -0.36512589604107298 0.41274845690921291 -0.34289822582765056 -0.12841182410717011 0.21442410361341066
leaf_weight=479 30 1247.5 73 30 32 20 27.5 25 27 32 24 31 42 126 29 49 47 409.5 39 156 1498 83 21 31.5 32 33.5 21.5 27.5 36 35
leaf_count=335 30 1225 73 30 32 20 25 25 27 32 24 31 42 126 29 49 38 346 35 136 1253 77 21 24 22 24 20 22 30 32
internal_value=-2.07192e-10 0.0644023 0.0517339 0.259688 0.347979 0.197258 -0.0400553 0.113971 0.193405 0.353148 0.21693 0.0540321 0.115002 0.0514047 0.0856108 -0.109927 -0.0262854 0.0231988 0.189602 -0.0428171 -0.0373582 0.0513441 -0.0923965 -0.0969521 0.0630968 -0.116783 0.00230016 -0.0241148 0.127093 0.0405918
internal_weight=4794.5 1838.5 1726.5 112 82 50 2956 479 206 83 56 273 199 168 123 74 2380 596 66.5 1784 1737 239 50 576 63.5 512.5 529.5 437 92.5 71
internal_count=4235 1816 1704 112 82 50 2419 479 206 83 56 273 199 168 123 74 2014 510 60 1504 1466 213 50 405 46 359 450 368 82 62
is_linear=0
shrinkage=0.03


Tree=97
num_leaves=31
num_cat=0
split_feature=4 8 12 18 12 12 8 14 5 7 2 8 2 12 4 10 0 8 4 14 12 7 10 1 7 7 1 19 7 7
split_gain=13045.5 4858.09 4313.78 3453.4 4747.32 10359 3189.09 3085.44 4338.57 3041.96 6722.54 3009.94 2974.83 3648.73 3074.47 3071.56 2830.04 2604.44 3784.72 4676.76 2965.92 3753.82 3734.72 3838.62 3408.32 3278.85 3116.86 2802.62 2644.66 2603.69
threshold=0.3732638888888889 293.23821271929859 38.500000000000007 0.18500000000000003 31.500000000000004 65.500000000000014 181.42998225901803 92.500000000000014 -49.828068106587487 13515.000000000002 38.833341514506209 185.68428634751754 40.535006039930906 36.500000000000007 0.26215277777777779 18.321740567839353 124.72395833333351 280.60043859649153 0.90104166666666685 90.500000000000014 96.500000000000014 2365.0000000000005 9.9847846791468999 200.27710294293004 3893.0000000000005 1184.0000000000002 213.90954831269366 -0.16499999999999992 7036.0000000000009 15110.500000000002
decision_type=10 8 8 8 10 10 10 8 10 10 10 10 10 10 10 8 8 10 10 10 10 8 8 10 8 10 10 10 8 10
left_child=3 9 -3 4 -1 -6 12 -4 -9 17 29 -8 16 14 -14 -15 -5 18 20 -20 21 22 23 25 -23 -2 -26 -28 -22 -11
right_child=1 2 7 6 5 -7 11 8 -10 10 -12 -13 13 15 -16 -17 -18 -19 19 -21 28 24 -24 -25 26 -27 27 -29 -30 -31
leaf_value=-0.17117165658784947 0.053328653389299416 0.6551541935546058 -0.14011021801403589 -0.10648737851913799 0.86492968261241909 -0.059523514211177825 0.41874640256166457 0.028092954847319371 0.55163807413407728 0.27839482539578486 0.65400823935189023 -0.00015510494771756622 -0.12403637678146361 -0.15407635204396866 0.25660981014099987 -0.475058077275753 -0.02325144672919335 -0.24571173818487868 0.4773773690587596 -0.080473799375551089 0.32486793131168401 -0.15737574782238498 0.52327265872511752 -0.084534954568614123 -0.020257379358456184 0.47560588658336667 0.38217013839632274 0.069984358865718299 0.037627941488812704 0.042744147356656874
leaf_weight=23 35.5 21 21 433.5 20 24 26 29 28 57 22 38 62.5 81.5 27.5 40 2419.5 28.5 38 21 56 116.5 21.5 57.5 575 31 30 188.5 59.5 162.5
leaf_count=23 35 21 21 300 20 24 25 29 28 57 22 35 51 69 26 32 2061 28 38 21 56 112 21 57 557 31 30 188 58 159
internal_value=-4.02784e-10 0.069956 0.2735 -0.0350054 0.178106 0.360682 -0.0395693 0.170747 0.285273 0.0565221 0.154048 0.170024 -0.0439466 -0.152506 -0.00772782 -0.259749 -0.0358988 0.0378073 0.0443767 0.27882 0.0325644 0.0167707 0.158258 0.0949693 -0.00585177 0.25018 0.0163947 0.112847 0.176896 0.103938
internal_weight=4794.5 1599 99 3195.5 67 44 3128.5 78 57 1500 241.5 64 3064.5 211.5 90 121.5 2853 1258.5 1230 59 1171 1055.5 145.5 124 910 66.5 793.5 218.5 115.5 219.5
internal_count=4235 1569 99 2666 67 44 2599 78 57 1470 238 60 2539 178 77 101 2361 1232 1204 59 1145 1031 144 123 887 66 775 218 114 216
is_linear=0
shrinkage=0.03


Tree=98
num_leaves=31
num_cat=0
split_feature=18 5 4 0 15 1 0 17 18 4 0 1 3 4 4 0 15 16 5 10 17 19 9 17 2 6 15 2 12 9
split_gain=12365.3 4688.16 3506.44 3485.63 3068.69 3701.7 2723.05 4121.14 3679.58 3654.44 3398.32 4800.24 4075.33 2939.01 3590.54 2514.57 2389.2 3389.56 2379.07 5686.18 3927.17 3905.17 3419.91 3384.7 3177.96 2865.87 3382.2 2596.62 2414.72 2368.52
threshold=0.52500000000000013 -82.299793377580997 0.18576388888888892 346.70101351351354 6497.0833333333348 316.89408832721642 186.69193353994504 280.50000000000006 0.50500000000000012 0.65798611111111127 183.93635531135553 169.78603040742638 5393.0000000000009 0.96701388888888895 0.89756944444444453 104.51049741602051 17199.333333333339 -126.49999999999999 15.28843201754451 -4.8807822123158493 322.50000000000006 -0.20999999999999996 276.00000000000006 341.50000000000006 29.663299691849002 400.50000000000006 9397.1666666666679 20.711156708370854 42.500000000000007 -2699.9999999999995
decision_type=8 8 8 10 10 10 10 8 10 8 10 8 8 10 10 10 10 10 10 10 10 8 8 8 10 8 10 10 8 8
left_child=1 -1 15 4 6 16 10 9 13 -8 11 -3 -13 14 -9 -2 18 -18 21 20 -20 -6 28 -21 27 -25 -27 -24 -23 -4
right_child=2 3 29 -5 5 -7 7 8 -10 -11 -12 12 -14 -15 -16 -17 17 -19 19 23 -22 22 24 25 -26 26 -28 -29 -30 -31
leaf_value=0.5392851608097553 -0.2975435899782784 -0.35856476266980175 0.060338806937547888 0.38485575581900772 0.57169811184917174 0.50159537022764034 0.059591875082680157 -0.0059591999355399486 0.39466343782164837 0.50688133945388181 -0.4596198972020038 -0.14448073503447742 0.43722924175469774 -0.34086816157806998 0.38790545690466055 -0.055130689354911659 0.17537257026447806 -0.33835204389095302 -0.40363303650702748 -0.15888448134712549 0.085846382626058426 0.55462946963310233 -0.16784388108551501 0.52148675909042352 -0.19564069522054572 0.39327323821269805 -0.053616836939539225 0.2210195009152898 0.19814677330270661 -0.018560254382563882
leaf_weight=20 39.5 25 436.5 32 21 22 35 392 22 31 21.5 20.5 23 22 22 1539.5 21.5 25 35 23 25.5 20 20 25 38 27 35 68 118 1589
leaf_count=20 27 21 406 32 21 22 35 390 22 31 21 20 23 22 22 1182 21 24 34 23 25 20 20 25 37 27 34 68 118 1442
internal_value=1.53909e-10 0.0838496 -0.0276823 0.0760644 0.0673813 0.120708 0.0218712 0.0480543 0.0161166 0.269682 -0.130573 -0.0272949 0.16309 -0.00298437 0.0149708 -0.0611948 0.104016 -0.100823 0.124927 0.0362847 -0.197324 0.177957 0.146636 0.164769 0.0336357 0.250333 0.140997 0.132641 0.249811 -0.00155732
internal_weight=4794.5 1190 3604.5 1170 1138 524 614 524 458 66 90 68.5 43.5 436 414 1579 502 46.5 455.5 170.5 60.5 285 264 110 126 87 62 88 138 2025.5
internal_count=4235 1178 3057 1158 1126 519 607 522 456 66 85 64 43 434 412 1209 497 45 452 168 59 284 263 109 125 86 61 88 138 1848
is_linear=0
shrinkage=0.03


Tree=99
num_leaves=31
num_cat=0
split_feature=1 0 5 10 7 7 15 15 3 9 19 7 3 10 0 6 12 2 5 16 11 11 18 9 16 10 5 0 17 10
split_gain=11740.2 4081.96 3525.94 2910.66 3752.38 5935.68 3682.83 3677.35 3255.19 4922.89 3320.78 3035.17 3070.87 3327.32 4624.48 3123.56 2850.14 2983.25 3263.99 2786.62 2622.21 3827.89 2458.53 2372.77 2918.91 2291.74 2192.69 3393.1 2190.23 4317.2
threshold=191.13417363701572 142.76123876123901 66.201571780662036 6.126737861003452 8192.5000000000018 7506.0000000000009 6228.0833333333348 6228.0833333333348 1271.5000000000002 363.50000000000006 0.24500000000000008 2308.5000000000005 10007.500000000002 11.769004720177151 207.23200757575754 408.50000000000006 41.500000000000007 15.825751537992051 30.685129458515515 27.500000000000004 18.721535528646953 26.091502678901804 0.41500000000000004 1163.5000000000002 -53.499999999999993 -3.7818286794767499 -7.1899521531099841 235.12023026315805 371.50000000000006 5.6706190363106499
decision_type=10 8 10 10 8 10 10 8 8 10 10 8 10 10 10 8 8 10 10 10 10 10 10 10 8 10 10 10 8 10
left_child=1 -1 3 4 5 6 8 -6 -2 10 25 -5 13 14 15 -13 -9 -18 26 23 -14 -22 -8 -11 -25 -10 -19 -28 29 -3
right_child=2 28 -4 11 7 -7 22 16 9 19 -12 12 20 -15 -16 -17 17 18 -20 -21 21 -23 -24 24 -26 -27 27 -29 -30 -31
leaf_value=-0.059967335603123083 0.26765966375668843 0.099550018086941278 0.44421254310607911 0.42893421833855766 0.43298313444660552 -0.40746510498225685 0.32139744417632327 0.35015929741017954 -0.14627881375226107 0.24662434118986129 0.057844716310501094 0.43785369703173638 0.23624495744705198 0.054832140884051722 0.60884367246519433 -0.049484141325128489 0.32304793869747833 -0.010256827390651301 -0.33916569139899277 0.29145191560531486 -0.43926817168360172 0.094481922458199891 -0.0011040327973561744 -0.42150894641876219 -0.0057447038794105698 -0.53596234344680538 0.027245342993038765 0.43561665225028989 -0.014174644532383054 -0.10994510043545493
leaf_weight=1618.5 27 422.5 25 35 31 32 51 34 22 20 20.5 20 22 72 33 29 34 151.5 20.5 29 23 25.5 36.5 21 55 35.5 47 30 1659.5 112
leaf_count=1199 27 404 25 35 31 31 51 34 22 20 20 20 22 72 33 29 34 149 20 29 23 25 36 21 55 34 47 30 1555 102
internal_value=-1.91513e-11 -0.0238253 0.0924989 0.083311 0.0513987 -0.0180347 0.021215 0.121131 -0.0418053 -0.0829657 -0.269987 0.169087 0.128576 0.203648 0.334316 0.149429 0.0906349 0.0594553 0.0234627 0.0337356 -0.0354112 -0.158637 0.186868 -0.0441162 -0.120627 -0.386866 0.0559962 0.186351 0.00283647 0.0556521
internal_weight=4794.5 3812.5 982 957 697.5 349.5 317.5 348 230 203 78 259.5 224.5 154 82 49 317 283 249 125 70.5 48.5 87.5 96 76 57.5 228.5 77 2194 534.5
internal_count=4235 3260 975 950 691 346 315 345 228 201 76 259 224 154 82 49 314 280 246 125 70 48 87 96 76 56 226 77 2061 506
is_linear=0
shrinkage=0.03


Tree=100
num_leaves=31
num_cat=0
split_feature=18 4 13 5 5 2 2 3 3 14 17 3 0 19 6 14 9 16 10 2 19 4 9 17 13 1 2 3 13 18
split_gain=11129.2 4455 4392.36 3689.45 3586.6 5254.04 6178.64 4950.46 4416.04 2622.38 4461.97 4247.13 3779.33 3449.83 3040.73 2745.3 2698.52 2777.35 2593.32 3314.98 5243.41 3380.35 3360.52 4106.06 2534.61 2531.66 3613.72 4898.54 2493.03 2457.68
threshold=0.39500000000000007 0.22048611111111113 352.50000000000006 76.31587752525202 50.899311709796002 31.505731409572956 33.132523614045603 4511.0000000000009 9206.0000000000018 91.500000000000014 280.50000000000006 6051.5000000000009 309.93329070758756 -0.29499999999999987 362.50000000000006 120.50000000000001 -2762.4999999999995 -6.4999999999999991 -1.1085809208167505 34.885871185368558 -0.014999999999999956 0.35763888888888901 11531.500000000002 273.50000000000006 93.500000000000014 156.87088487013938 41.174589132749055 5114.0000000000009 329.50000000000006 0.32500000000000007
decision_type=8 10 10 10 10 8 10 8 10 8 10 8 10 8 10 8 10 10 8 10 10 10 10 8 10 8 10 8 10 10
left_child=2 -2 3 4 5 9 -7 -8 -9 10 24 -12 13 -11 15 -15 -13 -18 19 22 -21 -22 23 -3 -1 26 27 -20 -25 -17
right_child=1 18 -4 -5 -6 6 7 8 -10 12 11 16 -14 14 -16 29 17 -19 25 20 21 -23 -24 28 -26 -27 -28 -29 -30 -31
leaf_value=-0.04975014676218447 -0.049012991713746082 0.25364489221259168 -0.25236557240373098 0.48996280193328862 -0.17363700981140134 0.76394391742619594 -0.1882891390540383 0.5563462581454891 0.081179290904718288 0.39846360759301619 -0.38571367111560462 0.24680407949205904 0.50630492798660109 0.21734942608229491 0.23131939187273381 -0.10961722122459876 -0.35175873517990108 0.12691759631037711 0.37466255934733261 0.1170984507614458 -0.059055109308013373 -0.48528071817460955 -0.33156487968232895 -0.026049861290419325 0.35129012494272477 0.063768935465167847 -0.32914370616277061 -0.081146055728616842 0.22744051379529204 0.17220697137216728
leaf_weight=23 2137 57 29 24 37.5 22 22 36.5 34 33 37 27 23 46 80 123 24 20 26.5 35.5 26.5 45.5 27 620.5 37 925.5 36 106.5 37 36
leaf_count=23 1696 54 28 24 37 22 21 36 34 33 37 27 23 46 80 122 24 20 25 33 23 39 23 581 37 898 28 90 35 36
internal_value=4.63515e-11 -0.0191194 0.109267 0.124577 0.11131 0.128448 0.312062 0.204588 0.327188 0.0871442 -0.00986948 -0.125107 0.13494 0.10808 0.0744567 0.013242 0.0107021 -0.134179 0.0137505 -0.0255964 -0.181286 -0.328406 -0.00302513 0.00938995 0.197558 0.0442718 -0.062501 0.00967295 -0.011785 -0.045808
internal_weight=4794.5 4080.5 714 685 661 623.5 114.5 92.5 70.5 509 168 108 341 318 285 205 71 44 1943.5 849 107.5 72 741.5 714.5 60 1094.5 169 133 657.5 159
internal_count=4235 3525 710 682 658 621 113 91 70 508 168 108 340 317 284 204 71 44 1829 788 95 62 693 670 60 1041 143 115 616 158
is_linear=0
shrinkage=0.03


Tree=101
num_leaves=31
num_cat=0
split_feature=4 8 12 18 12 12 18 0 7 2 4 8 18 8 4 14 12 7 10 1 17 7 1 13 15 10 7 15 11 7
split_gain=10579.6 4093.03 3926.66 2969.64 4363.69 9608.85 3059 2846.06 2836.77 6212.45 2756.42 5793.71 2636.24 2516.75 3289.72 4348.94 2779.35 3458.62 3385.34 3668.55 3148.67 3092.63 2707.39 2527.91 3039.36 2510.31 2418.9 3749.74 2748.95 2411.07
threshold=0.3732638888888889 293.23821271929859 38.500000000000007 0.18500000000000003 31.500000000000004 65.500000000000014 0.30500000000000005 127.78205998868151 13515.000000000002 38.833341514506209 0.90104166666666685 333.52643948296105 0.38500000000000006 280.60043859649153 0.90104166666666685 90.500000000000014 96.500000000000014 2365.0000000000005 9.9847846791468999 200.27710294293004 398.50000000000006 3893.0000000000005 213.90954831269366 244.50000000000003 3786.0000000000005 -10.129621958070599 15110.500000000002 13005.166666666672 34.665403478631752 7036.0000000000009
decision_type=10 8 8 8 10 10 8 8 10 10 10 10 8 10 10 10 10 8 8 10 8 8 10 8 10 10 10 10 10 8
left_child=3 8 -3 4 -1 -6 -5 -8 13 26 -4 -12 -9 14 16 -16 17 18 19 20 -2 23 -23 -19 -25 -24 27 -10 -28 -18
right_child=1 2 10 6 5 -7 7 12 9 -11 11 -13 -14 -15 15 -17 29 21 -20 -21 -22 22 25 24 -26 -27 28 -29 -30 -31
leaf_value=-0.16876991069835165 0.55480281507968898 0.61395600080490109 -0.11571437582373618 -0.33980459617356124 0.82678982466459272 -0.063564141131937507 -0.091809243235540017 0.21683598126683915 0.55014999449253077 0.62546474470333624 0.57012771523424555 -0.051786894534642879 -0.022861411782284648 -0.24611020406610087 0.44909954450632394 -0.088844936404909397 0.30904417337051454 -0.35613182747364042 0.49608329731364581 -0.087177171800447539 0.10465633928775787 -0.021932212056802666 0.32918586152873625 -0.22086165662896765 0.15431524447772813 0.056584044521326544 0.10234134913192075 0.057320380556312472 -0.19781161277634754 0.034782970487570557
leaf_weight=23 20 21 24 29.5 20 24 595.5 42 24 22 28 26 2461.5 28.5 38 21 56 37.5 21.5 57.5 46.5 575 36.5 44.5 34.5 182 127.5 33 35 59.5
leaf_count=23 20 21 24 28 20 24 415 41 24 22 28 26 2115 28 38 21 56 35 21 57 46 557 36 43 34 182 126 33 33 58
internal_value=1.11782e-10 0.0629983 0.249829 -0.0315238 0.166098 0.341142 -0.0357561 -0.0328618 0.0506675 0.144847 0.151795 0.270687 -0.0188401 0.032595 0.0390528 0.257628 0.02804 0.0127511 0.148561 0.0883056 0.240039 -0.00896357 0.0122275 -0.1533 -0.0570186 0.102122 0.0966756 0.264828 0.037693 0.167758
internal_weight=4794.5 1599 99 3195.5 67 44 3128.5 3099 1500 241.5 78 54 2503.5 1258.5 1230 59 1171 1055.5 145.5 124 66.5 910 793.5 116.5 79 218.5 219.5 57 162.5 115.5
internal_count=4235 1569 99 2666 67 44 2599 2571 1470 238 78 54 2156 1232 1204 59 1145 1031 144 123 66 887 775 112 77 218 216 57 159 114
is_linear=0
shrinkage=0.03


Tree=102
num_leaves=31
num_cat=0
split_feature=1 0 5 10 7 7 15 15 4 14 3 1 5 7 3 10 0 6 12 2 5 11 11 11 15 2 19 7 7 3
split_gain=10017.1 3538.79 3153.01 2599.13 3382.12 5558.7 3442.7 3404.8 3057.19 3361.5 3074.11 4004.26 3525.04 2750.15 2876.76 3123.72 4265.32 2946.72 2606.78 2807.9 3099.58 2504.7 2443.98 3552.63 2412.09 2373.05 2643.97 2649.25 2425.8 2381.79
threshold=191.13417363701572 153.16466249799603 66.201571780662036 6.126737861003452 8192.5000000000018 7506.0000000000009 6228.0833333333348 6228.0833333333348 0.92534722222222243 125.50000000000001 6667.5000000000009 199.73246924691804 0.3536748603625029 2308.5000000000005 10007.500000000002 11.769004720177151 207.23200757575754 408.50000000000006 41.500000000000007 15.825751537992051 30.685129458515515 52.320523467244605 18.721535528646953 26.091502678901804 2482.3333333333335 13.966066300287251 0.19000000000000003 4426.5000000000009 23362.500000000004 20670.000000000004
decision_type=10 8 10 10 8 10 8 10 10 10 10 10 10 8 10 10 10 8 8 10 10 10 10 10 8 8 10 10 10 8
left_child=1 24 3 4 5 7 -6 8 9 10 11 -2 -12 -5 15 16 17 -15 -8 -20 -21 25 -16 -24 -1 -3 28 -28 29 -27
right_child=2 21 -4 13 6 -7 18 -9 -10 -11 12 -13 -14 14 22 -17 -18 -19 19 20 -22 -23 23 -25 -26 26 27 -29 -30 -31
leaf_value=-0.2531838385986559 0.21129144993593107 0.2410657570304641 0.41803521766662599 0.40515459787845609 0.41453809422831378 -0.39618287175893779 0.33149031185051975 0.17793876999276023 -0.39634998850431291 0.33406368792057034 0.38326433049307929 -0.19827586994165888 -0.1422143930196762 0.42109378910064693 0.22278918970714914 0.047716944144340231 0.58216632436622273 -0.052248165607452393 0.30920200415832155 0.050258504742475257 -0.33482257063795878 -0.30154144223531087 -0.42878993573396101 0.085411223103018366 -0.041423688675634403 0.027857030219801765 0.12628105119217276 -0.26405880078543786 0.32951380529565116 -0.10889323431643701
leaf_weight=49.5 26.5 41.5 25 35 31 32 34 87.5 20 23 27 113.5 20 20 22 72 33 29 34 228.5 20.5 22.5 23 25.5 2201.5 1270 21.5 57.5 22.5 126
leaf_count=37 26 41 25 35 31 31 34 87 20 23 27 112 20 20 22 72 33 29 34 226 20 20 23 25 1717 1228 21 54 22 120
internal_value=-3.85063e-11 -0.0220075 0.0854417 0.0767532 0.046597 -0.0193218 0.1128 0.018661 -0.0419338 -0.00817988 -0.050274 -0.120751 0.159656 0.157809 0.119247 0.191908 0.318514 0.140953 0.0832926 0.0534738 0.018555 0.0126949 -0.0394726 -0.158437 -0.0460803 0.017289 0.0110875 -0.157827 0.0204948 0.0155142
internal_weight=4794.5 3812.5 982 957 697.5 349.5 348 317.5 230 210 187 140 47 259.5 224.5 154 82 49 317 283 249 1561.5 70.5 48.5 2251 1539 1497.5 79 1418.5 1396
internal_count=4235 3260 975 950 691 346 345 315 228 208 185 138 47 259 224 154 82 49 314 280 246 1506 70 48 1754 1486 1445 75 1370 1348
is_linear=0
shrinkage=0.03


Tree=103
num_leaves=31
num_cat=0
split_feature=0 4 13 5 11 2 3 19 10 14 10 7 3 19 3 14 3 1 16 14 0 6 11 13 13 13 17 16 13 7
split_gain=9545.34 4154.11 3606.7 3277.73 2909.73 4957.33 4786.22 3899.86 3464.42 3460.73 3215.94 3980.76 3845.98 3102.05 2888.89 2864.2 2803.81 3524.06 2872.05 2736 2861.08 2692.16 2603.38 2753.5 2602.03 2540.01 2607.18 2815.62 2797.05 2521.13
threshold=209.88904840032805 0.18576388888888892 370.50000000000006 76.31587752525202 34.240900136339306 31.505731409572956 9888.0000000000018 -0.040000000000000015 8.7921231416661492 78.500000000000014 0.46142006301809962 21888.500000000004 5798.5000000000009 -0.11000000000000001 22480.000000000004 87.500000000000014 978.00000000000011 163.37444698703268 307.50000000000006 72.500000000000014 309.93329070758756 419.50000000000006 37.754661261832005 103.50000000000001 247.50000000000003 348.50000000000006 371.50000000000006 -145.49999999999997 115.50000000000001 10456.000000000002
decision_type=10 10 10 10 10 10 8 10 10 10 8 8 10 10 8 8 8 10 10 8 10 8 10 10 8 10 8 8 10 8
left_child=1 -1 3 4 5 10 8 22 -7 -8 11 12 -2 21 19 -15 17 -3 25 -12 24 -14 -6 -24 -21 26 28 -28 -18 -27
right_child=2 16 -4 -5 7 6 9 -9 -10 -11 14 -13 13 15 -16 -17 18 -19 -20 20 -22 -23 23 -25 -26 29 27 -29 -30 -31
leaf_value=-0.049976038815577356 -0.077644250541925433 0.50959473414854572 -0.26133679770905038 0.45775484704971314 -0.13447509727694773 0.66383928769343603 -0.21262356621878487 -0.36430079720020292 0.24104655612598763 0.33878371506929394 -0.1641945619915807 0.53282198424339289 0.29761720781028272 0.13372931616646902 -0.31333760039011638 0.59377360865987583 -0.052023768338960469 0.059149761526948869 -0.25262444989247756 0.20501225863893824 0.40749230461195107 -0.18872162840196063 -0.0087491424446520596 0.46638510618891033 -0.073473461031043616 0.054158893346786495 -0.32301454104342547 -0.011148626958628591 0.10210630302217144 0.4413832841528223
leaf_weight=1859.5 54 22 23 25 33 37 21 25 33 20 43 25 20 21 22.5 29 145.5 54 38.5 54 24 21 23 21 68.5 42.5 26.5 1549.5 390 23.5
leaf_count=1458 54 21 22 25 33 37 21 24 33 20 43 25 20 21 22 29 133 53 32 54 24 21 23 21 68 39 23 1441 372 23
internal_value=-1.26205e-10 -0.016659 0.107558 0.121243 0.107104 0.13728 0.313758 -0.0387484 0.464523 0.0563556 0.0859994 0.183204 0.122925 0.241944 0.00805228 0.400555 0.0103712 0.189542 0.00422632 0.046212 0.10797 0.0485168 0.0669504 0.218019 0.0492876 0.00876766 0.00303922 -0.0163926 0.0602278 0.192034
internal_weight=4794.5 4151.5 643 620 595 493 111 102 70 41 382 170 145 91 212 50 2292 76 2216 189.5 146.5 41 77 44 122.5 2177.5 2111.5 1576 535.5 66
internal_count=4235 3595 640 618 593 492 111 101 70 41 381 170 145 91 211 50 2137 74 2063 189 146 41 77 44 122 2031 1969 1464 505 62
is_linear=0
shrinkage=0.03


Tree=104
num_leaves=31
num_cat=0
split_feature=4 8 12 7 2 0 14 5 11 8 8 2 12 4 0 12 11 3 6 18 12 7 10 3 17 3 10 7 6 4
split_gain=9096.69 3643 3688.78 2672.47 5818.08 2657.55 2632.01 3642.16 2451 2620.5 3142.13 3120.2 3235.98 3687.81 3158.15 7187.12 3121.28 2359.22 5489.33 3278.79 3213.79 2593.39 3301.49 2892.63 4049.45 3154.56 3586.87 4083.96 4812.25 3855.52
threshold=0.3732638888888889 293.23821271929859 38.500000000000007 13515.000000000002 38.833341514506209 127.78205998868151 92.500000000000014 -49.828068106587487 52.320523467244605 181.42998225901803 185.68428634751754 40.535006039930906 36.500000000000007 0.26215277777777779 214.65625000000003 64.500000000000014 29.772029467552652 15939.500000000002 372.50000000000006 0.84500000000000008 76.500000000000014 1919.0000000000002 1.6443907094390495 2528.0000000000005 199.50000000000003 4664.5000000000009 -15.733941055166499 3893.0000000000005 551.50000000000011 0.68576388888888895
decision_type=10 8 8 10 10 8 8 10 10 10 10 10 10 10 10 8 10 10 8 10 10 8 10 8 10 10 10 10 8 10
left_child=5 3 -3 17 -5 -1 -4 -8 9 11 -11 14 13 -13 -7 -16 -14 19 -19 20 21 22 -2 24 -23 -25 -27 -28 29 -29
right_child=1 2 6 4 -6 8 7 -9 -10 10 -12 12 16 -15 15 -17 -18 18 -20 -21 -22 23 -24 25 -26 26 27 28 -30 -31
leaf_value=-0.08639719761101064 -0.015730900438326711 0.58760233598096034 -0.14744925865105218 0.091577489910676976 0.60330793031914665 -0.015781542756797492 0.0097985549014190133 0.48948783650994299 -0.29281755020743921 0.44435297114508493 6.2562797380530312e-05 -0.13889626513356745 -0.4583861954755421 0.32635493652976078 0.48695060336911994 -0.052836046586115216 -0.11608618441419523 0.21133576844419749 -0.30880432863320623 0.35227094723006425 0.12857969822239923 -0.03185076192972508 0.32588685550251784 0.098539281636790224 -0.43451000224460257 0.33779962355440307 -0.27933357071399689 -0.0083831929895781029 -0.17435237715765833 0.26629257509484888
leaf_weight=595.5 53 21 21 219.5 22 2250.5 29 28 28.5 24.5 34.5 46 39.5 23 37 55.5 61 28 52.5 29.5 244 70.5 49 237.5 33 22 62.5 197 120 60
leaf_count=415 52 21 21 216 22 1934 29 28 24 24 32 38 33 22 37 55 52 28 49 28 241 70 49 234 31 22 60 192 116 60
internal_value=-4.69998e-11 0.0584166 0.234677 0.0467834 0.138195 -0.0292312 0.139659 0.245435 -0.0161379 -0.0130715 0.184556 -0.0177123 -0.142009 0.0161875 -0.00872027 0.163079 -0.250622 0.0292421 -0.127886 0.0399796 0.0319582 0.00589333 0.14838 -0.0122171 -0.160235 0.00969972 -0.0360195 -0.0547317 -0.0174966 0.0557434
internal_weight=4794.5 1599 99 1500 241.5 3195.5 78 57 2600 2571.5 59 2512.5 169.5 69 2343 92.5 100.5 1258.5 80.5 1178 1148.5 904.5 102 802.5 103.5 699 461.5 439.5 377 257
internal_count=4235 1569 99 1470 238 2666 78 57 2251 2227 56 2171 145 60 2026 92 85 1232 77 1155 1127 886 101 785 101 684 450 428 368 252
is_linear=0
shrinkage=0.03


Tree=105
num_leaves=31
num_cat=0
split_feature=18 13 4 5 5 2 7 12 17 14 17 3 0 19 6 18 0 17 9 16 6 4 16 17 1 10 5 15 12 2
split_gain=8578.56 4021.83 3406.45 3181.36 3498.4 4744.42 5793.07 7591.16 6050.93 2494.21 4012.46 3818.78 3228.11 3218.58 2859.26 2644.49 4423.52 3343.14 2480.93 2478.04 2420.77 3064.85 3157.13 3008.37 3783.88 4174.56 3896.48 2753.52 3768.62 2755.56
threshold=0.39500000000000007 352.50000000000006 0.22048611111111113 76.31587752525202 50.899311709796002 31.505731409572956 13515.000000000002 44.500000000000007 345.50000000000006 91.500000000000014 280.50000000000006 6051.5000000000009 309.93329070758756 -0.29499999999999987 362.50000000000006 0.30500000000000005 210.99668560606102 411.50000000000006 -2762.4999999999995 -6.4999999999999991 384.50000000000006 0.81423611111111127 295.00000000000006 221.50000000000003 209.20242079957552 2.1312002516759478 8.8131435475349935 7086.0000000000009 96.500000000000014 35.55046810967746
decision_type=8 10 10 10 10 8 8 10 10 8 10 8 10 8 10 10 10 8 10 10 10 10 10 10 10 10 10 8 10 10
left_child=1 3 -2 4 5 9 8 -8 -7 10 -1 -12 13 -11 15 17 -17 -15 -13 -20 21 22 23 24 25 26 -4 28 -22 -29
right_child=2 -3 20 -5 -6 6 7 -9 -10 12 11 18 -14 14 -16 16 -18 -19 19 -21 27 -23 -24 -25 -26 -27 -28 29 -30 -31
leaf_value=0.17802734047174451 -0.042926073648780975 -0.25011081033739552 -0.097536362578678842 0.44987728238105773 -0.18315882091522215 -0.038889730814492929 0.99417162823677063 0.16760965293645858 0.55780670459880377 0.37821003502065481 -0.37506868572452579 0.22720849352707673 0.46576822190181066 0.28024812795899129 0.21736104295402767 -0.014789179253417092 0.53897723534703257 -0.12055644224619581 -0.34361353158950803 0.10853532553464174 0.0041683237851265695 0.30484351760462708 -0.22271875482359352 0.096392780075050671 -0.24413820276657738 0.12776207572311388 0.16180895546766427 -0.032009961634385777 0.32680709018707271 -0.19796874911616288
leaf_weight=60 2137 29 263.5 24 37.5 53 20 20 21.5 33 37 27 23 22 80 37 20 126 24 20 248.5 38 42.5 482 54 199.5 65 396.5 37.5 116.5
leaf_count=60 1696 28 238 24 37 52 20 20 21 33 37 27 23 22 80 37 20 125 24 20 238 38 36 463 51 191 64 368 37 105
internal_value=-5.58123e-11 0.0959322 -0.0167861 0.110582 0.0982629 0.115189 0.289671 0.580891 0.133311 0.0759389 -0.0186743 -0.127953 0.122552 0.097728 0.0652511 0.00589118 0.179515 -0.0609774 0.000825508 -0.138091 0.0119565 0.0399315 0.0308338 0.0409616 -0.00494532 0.0195176 -0.0462199 -0.0281154 0.0464724 -0.0696985
internal_weight=4794.5 714 4080.5 685 661 623.5 114.5 40 74.5 509 168 108 341 318 285 205 57 148 71 44 1943.5 1144.5 1106.5 1064 582 528 328.5 799 286 513
internal_count=4235 710 3525 682 658 621 113 40 73 508 168 108 340 317 284 204 57 147 71 44 1829 1081 1043 1007 544 493 302 748 275 473
is_linear=0
shrinkage=0.03


Tree=106
num_leaves=31
num_cat=0
split_feature=1 0 5 2 10 7 13 15 11 12 12 3 12 5 0 16 2 2 9 8 16 17 4 6 15 14 6 10 3 2
split_gain=8199.83 2984.45 2703.9 2441.41 2356.93 2951.61 3482.12 2587.93 3358.61 5544.82 2607.99 2542.99 3705.24 3325.1 2671.8 2558.84 2432.56 4070.63 2522.85 5190.28 2969.74 3788.2 3003.08 2654.82 2560.72 2317.76 2204.85 3168.97 2209.61 2131.05
threshold=191.13417363701572 140.06401601830655 66.201571780662036 9.4497252235886471 6.126737861003452 10650.000000000002 302.50000000000006 8417.1666666666697 27.986425935279403 69.500000000000014 82.500000000000014 8563.5000000000018 38.500000000000007 19.988162008989494 179.06100217864955 -62.499999999999993 17.434769919617256 18.882247298574804 -2401.9999999999995 215.89950980392152 -7.4999999999999991 295.50000000000006 0.5355902777777779 465.50000000000006 8771.6666666666697 92.500000000000014 228.50000000000003 -5.1493899287141991 5533.5000000000009 35.686198003844204
decision_type=10 8 10 10 10 8 10 8 10 8 10 10 8 10 10 8 10 10 10 10 8 10 10 8 10 10 10 10 10 10
left_child=1 -1 4 -3 5 16 7 -7 -9 -10 -11 12 -6 14 -14 -13 -2 -18 19 -19 21 -20 -22 -21 26 -23 27 -24 -29 -17
right_child=2 3 -4 -5 11 6 -8 8 9 10 -12 15 13 -15 -16 29 17 18 20 23 22 25 24 -25 -26 -27 -28 28 -30 -31
leaf_value=-0.054124348217494664 -0.195629126220663 0.29264679403866034 0.38530107879638675 -0.002481100642308286 -0.16676401573419569 0.34498844988884464 0.50241014894843095 0.15763351788842361 0.26715209384759264 -0.3956708811338131 0.019004199590001786 0.28682875782251355 0.50502039362083773 0.59146767817437651 0.14017894978275394 -0.24669076117602259 0.40284390206032611 -0.44882212554104622 0.1986162619113922 -0.19183245849609376 0.39153559174802566 -0.4375239618201005 0.18540605712395447 0.28573805768381466 0.34811920508094452 -0.068195130716670646 0.13336919057537133 -0.064714012452073991 -0.43431846715509892 0.088191636360027428
leaf_weight=1432.5 53.5 25.5 25 2354.5 20 31 20 114 27 39 21 24 22 24 101 33 23.5 32 25 20 27 28.5 26 22 23 33 71 37 24 35.5
leaf_count=1049 53 24 25 2187 20 31 20 114 27 37 21 24 22 24 101 33 23 29 25 20 27 28 26 22 23 33 71 37 24 35
internal_value=-2.99979e-11 -0.0199114 0.0773039 0.000680984 0.069258 0.0405412 0.122596 0.089853 0.0505037 -0.0898732 -0.250535 0.146445 0.216338 0.268461 0.205435 0.0202584 -0.0058734 0.0200244 -0.0043888 -0.160983 0.0349591 -0.112768 0.0963938 0.0583235 0.0523671 -0.239348 0.00931461 -0.0919253 -0.210132 -0.0731386
internal_weight=4794.5 3812.5 982 2380 957 697.5 252 232 201 87 60 259.5 167 147 123 92.5 445.5 392 368.5 74 294.5 86.5 208 42 181 61.5 158 87 61 68.5
internal_count=4235 3260 975 2211 950 691 250 230 199 85 58 259 167 147 123 92 441 388 365 71 294 86 208 42 181 61 158 87 61 68
is_linear=0
shrinkage=0.03


Tree=107
num_leaves=31
num_cat=0
split_feature=0 4 13 5 11 2 3 19 10 14 10 7 3 19 3 9 12 15 14 14 0 6 11 6 13 16 16 6 18 11
split_gain=7790.29 3362.51 3198.9 2840.3 2725.55 4524.55 4450.12 3585.88 3234.15 3198.99 3002.23 3709.3 3431.08 2836.57 2697.98 2692.87 6307.37 7899.85 2615.81 2598.08 2467 2440.6 2412.83 2601.18 2360.16 2285.53 4242.88 2402.24 4896.49 2915.42
threshold=209.88904840032805 0.18576388888888892 370.50000000000006 76.31587752525202 34.240900136339306 31.505731409572956 9888.0000000000018 -0.040000000000000015 8.7921231416661492 78.500000000000014 0.46142006301809962 21888.500000000004 5798.5000000000009 -0.11000000000000001 22480.000000000004 -3697.9999999999995 43.500000000000007 10578.000000000002 87.500000000000014 72.500000000000014 309.93329070758756 419.50000000000006 37.754661261832005 221.50000000000003 247.50000000000003 295.00000000000006 259.50000000000006 419.50000000000006 0.39500000000000007 44.568418633275357
decision_type=10 10 10 10 10 10 8 10 10 10 8 8 10 10 8 8 8 10 8 8 8 8 10 10 8 10 10 10 10 10
left_child=1 -1 3 4 5 10 8 22 -7 -8 11 12 -2 21 19 16 17 -3 -15 -12 24 -14 -6 -24 -21 26 27 -17 -29 -30
right_child=2 15 -4 -5 7 6 9 -9 -10 -11 14 -13 13 18 -16 25 -18 -19 -20 20 -22 -23 23 -25 -26 -27 -28 28 29 -31
leaf_value=-0.045024777541648769 -0.07660124321778615 0.76343100800233721 -0.25024631878604059 0.42330941162109376 -0.13682556748390196 0.63265245727590613 -0.21210889339447023 -0.35643867144584657 0.2241520023345947 0.31803619391843679 -0.16636111944220786 0.50851512837409973 0.2774687845855951 0.12193515368870328 -0.30879296175638832 0.017676741073157646 0.035241528447988807 0.0090987502798742168 0.56157863573781375 0.19267389163374901 0.37698544489219782 -0.18559119377817426 -0.0080432548746466621 0.45520318472385407 -0.072553156969973637 -0.21631367517369132 0.42810606915776322 0.35805640733971883 -0.055965798377813847 -0.32202528172731398
leaf_weight=1859.5 54 25.5 23 25 33 37 21 25 33 20 43 25 20 21 22.5 1228.5 377.5 24.5 29 54 24 21 24 20 68.5 45.5 20.5 24.5 505.5 40
leaf_count=1458 54 25 22 25 33 37 21 24 33 20 43 25 20 21 22 1152 352 24 29 54 24 21 24 20 68 39 20 24 467 34
internal_value=1.60271e-10 -0.0150498 0.097168 0.110056 0.0968941 0.1261 0.294699 -0.0442665 0.440074 0.0464985 0.0771088 0.171028 0.112841 0.225257 0.00179613 0.00926899 0.0771792 0.393808 0.376928 0.0386735 0.0988543 0.0402917 0.0570881 0.202523 0.0443633 -0.00630172 -0.00104854 -0.00594021 -0.0568409 -0.0754752
internal_weight=4794.5 4151.5 643 620 595 493 111 102 70 41 382 170 145 91 212 2292 427.5 50 50 189.5 146.5 41 77 44 122.5 1864.5 1819 1798.5 570 545.5
internal_count=4235 3595 640 618 593 492 111 101 70 41 381 170 145 91 211 2137 401 49 50 189 146 41 77 44 122 1736 1697 1677 525 501
is_linear=0
shrinkage=0.03


Tree=108
num_leaves=31
num_cat=0
split_feature=4 16 13 5 14 2 18 11 2 9 3 17 9 19 4 0 3 15 15 9 13 2 13 0 11 2 10 19 15 5
split_gain=7387.65 3398.88 3269.46 4294.27 3227.01 3973.49 6066.32 4083.17 4745.31 4073.56 5179.35 3672.7 3964.27 3445.68 4015.08 3058.41 3533.84 2822.05 2749.87 2824.32 2438.2 2433.48 2380.97 2350.55 2239.56 2451.4 4536.39 2387.88 2211.79 2269.53
threshold=0.36458333333333343 -354.49999999999994 385.00000000000006 76.31587752525202 94.500000000000014 39.871500889477254 0.41500000000000004 35.638410792969658 34.885871185368558 812.00000000000011 4700.5000000000009 351.50000000000006 2098.0000000000005 0.060000000000000032 0.56857638888888906 162.04985119047603 5695.0000000000009 5324.8333333333348 8142.3333333333348 3837.5000000000005 293.50000000000006 28.647712226999904 220.50000000000003 127.78205998868151 52.320523467244605 46.023612734389111 18.321740567839353 -0.37499999999999994 2007.5000000000002 37.972659354472519
decision_type=10 8 10 8 10 10 10 10 10 8 10 10 8 10 10 10 8 10 8 8 8 10 10 8 10 10 8 8 8 10
left_child=23 -2 3 4 5 7 -7 15 18 10 -8 -6 13 14 22 16 -3 -11 19 -9 -20 -16 -13 -1 25 27 -27 -25 -17 -30
right_child=1 2 -4 -5 11 6 9 8 -10 17 -12 12 -14 -15 21 28 -18 -19 20 -21 -22 -23 -24 24 -26 26 -28 -29 29 -31
leaf_value=-0.08042723540401539 0.42237415568395092 0.17768141847390395 -0.30431507687619391 0.40177009048000462 0.49556594726651215 0.63165531879121606 -0.0043401084627423961 -0.051875600180494676 -0.43208847011390483 0.1713461966179311 0.64630017238855364 -0.15432470287595476 -0.029233609912426847 0.041875587977037942 0.30823780429634179 0.2895265598663917 -0.22553566733917479 -0.2872016291540177 0.003077217638492584 0.35084062895991586 -0.40899505657809121 0.7007527538708278 0.21112662748488434 0.29845406965069149 -0.28352755009044295 -0.030764473183080551 -0.50892128334045417 -0.0086623673029129315 0.049546680067615707 -0.18907651041683399
leaf_weight=594.5 22 26 23.5 31 21.5 22 24.5 54.5 38 20 20 21 152 121 44 32.5 79 30.5 24 22 28 21 68 23 27.5 62.5 25 2437.5 640.5 38
leaf_count=414 22 25 23 31 21 22 24 52 34 20 20 20 149 120 44 32 69 29 23 22 25 21 68 23 23 53 20 2109 639 38
internal_value=-1.7054e-11 0.0520202 0.0469358 0.0521634 0.0451623 0.017498 0.182764 -0.00218254 -0.137574 0.0788099 0.288082 0.112981 0.0937178 0.161676 0.255806 0.0254433 -0.125691 -0.105599 -0.0504804 0.0639382 -0.218808 0.43505 0.124897 -0.0266583 -0.0142469 -0.0113406 -0.167381 -0.00579154 0.0477628 0.0361824
internal_weight=4794.5 1624.5 1602.5 1579 1548 1099.5 117 982.5 166.5 95 44.5 448.5 427 275 154 816 105 50.5 128.5 76.5 52 65 89 3170 2575.5 2548 87.5 2460.5 711 678.5
internal_count=4235 1593 1571 1548 1517 1074 115 959 156 93 44 443 422 273 153 803 94 49 122 74 48 65 88 2642 2228 2205 73 2132 709 677
is_linear=0
shrinkage=0.03


Tree=109
num_leaves=31
num_cat=0
split_feature=0 4 13 5 11 19 2 4 3 0 2 18 2 2 3 11 18 11 0 1 6 1 2 13 13 16 10 15 8 17
split_gain=7052.71 3339.18 2955.99 3287.12 3106.17 3832.59 2822.34 3926.63 3415.25 3496.24 3142.61 3033.68 2970.71 5748.82 4406.25 4414.35 3897.06 3545.91 3332.23 2379.44 2101.35 4629.97 3087.31 3110.8 3661.85 3020.22 3331.07 2636.19 3767.01 3046.87
threshold=212.76845878136254 0.22048611111111113 370.50000000000006 76.31587752525202 34.240900136339306 -0.019999999999999993 31.505731409572956 0.63975694444444453 9888.0000000000018 247.29850361197103 28.964458990947403 0.30500000000000005 21.482027985257805 18.147411450933706 6115.0000000000009 24.659345303640904 0.085000000000000006 25.394643943053605 259.90432254802857 162.76894992727293 384.50000000000006 253.97665375112305 42.680174986419409 149.50000000000003 120.50000000000001 295.00000000000006 -15.733941055166499 4682.5000000000009 159.09097222222252 504.50000000000006
decision_type=10 10 10 10 10 10 10 8 8 10 10 10 10 10 10 8 10 8 10 10 10 8 10 8 10 10 8 8 10 10
left_child=1 19 3 4 6 -6 10 -8 9 -9 11 12 13 18 17 -16 -15 -14 -2 -1 21 25 23 24 -22 26 -3 28 -25 -29
right_child=2 20 -4 -5 5 -7 7 8 -10 -11 -12 -13 14 16 15 -17 -18 -19 -20 -21 22 -23 -24 27 -26 -27 -28 29 -30 -31
leaf_value=-0.036486095633851669 0.16313089825536894 0.30339402738823945 -0.23674666985221532 0.45377390310168264 0.037514826072752472 -0.42987978252768516 -0.03445203340479306 0.28593470420837397 0.09909827799797058 0.79845215336136188 -0.17000399445232592 0.40059583485366834 0.056860933087088845 0.59680489564935368 -0.080947434273750882 0.3499709365367889 0.14546235214580189 -0.44636854697082001 -0.24327145838737485 -0.34002268801502722 -0.009714600886068037 0.44249069552421566 -0.22038740754635497 0.46833580545016695 0.39174128710407097 -0.20838986619659092 0.029695546021041998 -0.090373621672459534 0.020661523321579243 0.081854712770153312
leaf_weight=2127 46 41.5 23 24 75 20 28 25 25 23 38 31 22 36 46 40 33 29.5 30 23.5 46.5 25 66 21 36.5 46 1122.5 440.5 87 117
leaf_count=1689 46 40 22 24 75 19 28 25 25 23 38 31 22 36 46 40 33 29 30 20 42 25 59 20 36 39 1067 412 85 109
internal_value=5.38572e-11 -0.0136892 0.0967111 0.110131 0.0950673 -0.060884 0.127808 0.26758 0.383428 0.531516 0.0876465 0.118877 0.0879626 0.182697 -0.0119395 0.11948 0.380945 -0.231397 0.00270892 -0.039803 0.0137115 0.0383809 -0.0236939 -0.00635023 0.166829 0.0300315 0.0394537 -0.0279489 0.107709 -0.0542288
internal_weight=4794.5 4200 594.5 571.5 547.5 95 452.5 101 73 48 351.5 313.5 282.5 145 137.5 86 69 51.5 76 2150.5 2049.5 1235 814.5 748.5 83 1210 1164 665.5 108 557.5
internal_count=4235 3643 592 570 546 94 452 101 73 48 351 313 282 145 137 86 69 51 76 1709 1934 1171 763 704 78 1146 1107 626 105 521
is_linear=0
shrinkage=0.03


Tree=110
num_leaves=31
num_cat=0
split_feature=0 4 13 5 11 19 2 4 3 0 2 18 2 2 18 3 11 0 11 6 19 5 1 3 6 1 2 13 13 16
split_gain=6635.89 3141.83 2817.42 3056.8 3006.19 3628.54 2814.62 3978.74 3724.51 3278.28 3023.21 2815.4 3002.07 6153.16 4504.35 4093.6 4266.92 3482.61 3336.34 2616.66 2527.17 2407.82 2238.82 2056.46 1977.16 4356.33 2904.85 2926.95 3445.44 2841.72
threshold=212.76845878136254 0.22048611111111113 352.50000000000006 76.31587752525202 34.240900136339306 -0.040000000000000015 31.505731409572956 0.63975694444444453 9888.0000000000018 247.29850361197103 28.964458990947403 0.30500000000000005 21.482027985257805 18.147411450933706 0.025000000000000005 6115.0000000000009 25.061255926773804 259.90432254802857 25.394643943053605 469.50000000000006 0.050000000000000003 -3.1264893001740002 162.76894992727293 28316.500000000004 384.50000000000006 253.97665375112305 42.680174986419409 149.50000000000003 120.50000000000001 295.00000000000006
decision_type=10 10 10 10 10 10 10 8 8 10 10 10 10 10 10 10 10 10 8 8 8 10 10 10 10 8 10 8 10 10
left_child=1 22 3 4 6 19 10 -8 9 -9 11 12 13 17 -15 18 20 -2 -14 -6 -17 -16 23 -1 25 29 27 28 -26 -3
right_child=2 24 -4 -5 5 -7 7 8 -10 -11 -12 -13 15 14 21 16 -18 -19 -20 -21 -22 -23 -24 -25 26 -27 -28 -29 -30 -31
leaf_value=-0.031660010199662421 0.158236967060391 0.038270085453987121 -0.18948738323152065 0.44016068831086158 -0.15232045926153659 -0.37795349322259425 -0.033418477656585829 0.30239324445309845 0.09612532997131347 0.81463529153303671 -0.16955322494377961 0.38857795732636602 0.055155098871751268 0.69085185137059946 -0.032528657061713082 -0.19091001507113961 0.45335476577281952 -0.26154743437109323 -0.43297748400498243 0.21370960355951235 0.19785020894474453 0.42741059517860408 -0.32982201804506017 -0.26858257551691428 -0.0094231672440805731 0.42921598033905028 -0.21377578058026053 -0.0271104062543965 0.37998904978518355 -0.20213816977065541
leaf_weight=2093.5 46 1164 30 24 32 24 28 23 25 22 37 31 22 27 21 34 24 29 29.5 39 27 20 23.5 33.5 46.5 25 66 665.5 36.5 46
leaf_count=1666 46 1107 29 24 32 23 28 23 25 22 37 31 22 27 21 34 24 29 29 39 27 20 20 23 42 25 59 626 36 39
internal_value=9.34707e-11 -0.0132785 0.0938097 0.108865 0.0941548 -0.0590575 0.126826 0.268821 0.389716 0.552823 0.0867818 0.117327 0.0872424 0.183302 0.389972 -0.0133912 0.114489 -0.00407967 -0.224455 0.0487383 -0.0188358 0.191832 -0.038609 -0.0353915 0.0133002 0.0372295 -0.0229831 -0.00615972 0.161824 0.0291306
internal_weight=4794.5 4200 594.5 564.5 540.5 95 445.5 98 70 45 347.5 310.5 279.5 143 68 136.5 85 75 51.5 71 61 41 2150.5 2127 2049.5 1235 814.5 748.5 83 1210
internal_count=4235 3643 592 563 539 94 445 98 70 45 347 310 279 143 68 136 85 75 51 71 61 41 1709 1689 1934 1171 763 704 78 1146
is_linear=0
shrinkage=0.03


Tree=111
num_leaves=31
num_cat=0
split_feature=1 0 2 17 13 5 10 7 13 15 11 12 7 9 11 12 0 12 2 2 9 4 6 2 10 16 5 8 19 8
split_gain=6288.54 2430.92 2286.57 2178.07 2851.95 2063.85 2153.19 2694.87 3217.43 2312.39 2924.37 5041.52 2302.66 2452.67 2502.97 3010.45 2324.22 2288.64 2201.22 3561.25 2317.86 2640.78 4356.43 3628.59 3189.17 3816.07 2470.9 4070.85 3151.05 2159.97
threshold=191.13417363701572 140.06401601830655 9.4497252235886471 650.00000000000011 378.50000000000006 66.201571780662036 6.126737861003452 10650.000000000002 302.50000000000006 8417.1666666666697 27.986425935279403 69.500000000000014 2308.5000000000005 5326.5000000000009 26.091502678901804 39.500000000000007 202.63715277777803 82.500000000000014 17.434769919617256 18.882247298574804 -4092.4999999999995 0.52951388888888895 470.50000000000006 35.070872292208058 2.1312002516759478 -17.499999999999996 -49.828068106587487 257.92105263157902 -0.050000000000000003 214.65625000000003
decision_type=10 8 10 10 10 10 10 8 10 8 10 8 8 10 10 8 10 10 10 10 10 10 8 10 10 10 10 10 10 10
left_child=1 -1 -3 4 -4 6 7 18 9 -9 -11 -12 -8 14 15 -14 -16 -13 -2 -20 -21 22 -22 24 26 -26 -23 28 29 -28
right_child=5 2 3 -5 -6 -7 12 8 -10 10 11 17 13 -15 16 -17 -18 -19 19 20 21 23 -24 -25 25 -27 27 -29 -30 -31
leaf_value=-0.048314679260848391 -0.19163686926537582 0.28370361047632553 -0.00089684057967915124 0.30982565975189208 -0.30284804890030304 0.3367831604719162 0.36077315465467313 0.3213224203451987 0.47671944433450697 0.14292089803634506 0.25240447216563755 -0.37718855656110323 -0.26677290116037639 -0.18415382974001826 0.102930439880182 0.12282586702529123 0.47657201698710838 0.011268805265426635 0.37157315771630473 -0.24343268775421639 -0.077207066960956736 -0.23250372952222823 0.49489493243694299 -0.30821914786877835 -0.33381412957088058 0.14793544854158938 0.030854658755389123 0.45036684917552128 0.1694539613383157 -0.35290397619659253
leaf_weight=1432.5 53.5 25.5 2306 20 28.5 25 35 31 20 114 27 39 21 24.5 29 119 31 21 23.5 34.5 23 20 25 34.5 41.5 23 33 28 84 22
leaf_count=1049 53 24 2143 20 24 25 35 31 20 114 27 37 21 24 29 119 31 21 23 33 23 20 25 33 41 23 33 28 84 22
internal_value=-1.8534e-10 -0.0174371 0.00114776 -0.00191241 -0.00458312 0.0676977 0.0606683 0.0332207 0.111625 0.0801517 0.0429562 -0.088032 0.134443 0.0991581 0.133864 0.0643861 0.295979 -0.241228 -0.0111293 0.0135063 -0.00932836 0.0148531 0.220763 -0.0197052 0.0198723 -0.162027 0.0826131 0.120352 0.0538737 -0.122649
internal_weight=4794.5 3812.5 2380 2354.5 2334.5 982 957 697.5 252 232 201 87 259.5 224.5 200 140 60 60 445.5 392 368.5 334 48 286 251.5 64.5 187 167 139 55
internal_count=4235 3260 2211 2187 2167 975 950 691 250 230 199 85 259 224 200 140 60 58 441 388 365 332 48 284 251 64 187 167 139 55
is_linear=0
shrinkage=0.03


Tree=112
num_leaves=31
num_cat=0
split_feature=0 4 13 5 5 9 9 6 5 9 8 3 3 8 13 2 7 15 3 11 8 11 1 3 0 9 13 14 13 17
split_gain=5987.05 2831.39 2691.46 2780.82 2955.43 3248.37 3527.03 3504.45 3223.58 2788.94 2421.55 4528.17 4689.29 7600.87 4332.67 7615.09 5427.38 4366.1 3527.63 2337.59 2234.51 2166.87 2116.57 1936.4 1973.27 1895.14 2162.39 3881.79 2557.75 2434.2
threshold=212.76845878136254 0.22048611111111113 352.50000000000006 76.31587752525202 -62.071818980153985 -4632.9999999999991 -1329.4999999999998 245.50000000000003 -34.242105263158486 -8614.9999999999982 218.92526595744704 4207.5000000000009 5275.0000000000009 257.92105263157902 208.50000000000003 30.672878645766104 9139.5000000000018 10153.000000000002 11019.000000000002 27.403676187026054 204.62835249042104 26.091502678901804 162.76894992727293 26990.500000000004 200.02416953035552 11531.500000000002 348.50000000000006 117.50000000000001 375.50000000000006 371.50000000000006
decision_type=10 10 10 10 8 8 8 10 8 10 8 8 10 8 10 10 8 8 10 10 10 10 10 10 10 10 10 10 10 8
left_child=1 22 3 4 -2 9 7 -7 -8 -6 19 -12 13 -13 15 16 -14 -16 -18 20 -10 -9 23 24 -1 26 29 -28 -29 -3
right_child=2 25 -4 -5 5 6 8 21 10 -11 11 12 14 -15 17 -17 18 -19 -20 -21 -22 -23 -24 -25 -26 -27 27 28 -30 -31
leaf_value=-0.026245258060297979 0.43035242825746534 0.070754149175858469 -0.18778644633665681 0.41980707339942452 0.10628586863649302 0.072329458362958718 -0.23212884902954101 0.26875295601107857 0.32643445765972134 -0.28113975523959228 0.49711204660349873 0.21291810989379881 0.5462205733702733 -0.59914601099200371 0.097977214712521132 -0.41877329409122466 -0.21339755122150691 0.60253138568252329 0.28225751385092734 -0.15014691302552818 -0.088118831935254008 0.70020845161378387 -0.31980965038563341 -0.22713606854061502 -0.30872258746623993 -0.15794230643476018 0.52925907228051161 0.26034415524114257 -0.19456802908579507 -0.0075069053363406241
leaf_weight=2059 22 474.5 30 24 29 36.5 30 22 25 39.5 29 21 26 20.5 29 24 28 33 24 60 22 20 23.5 45.5 22.5 57 20.5 22 22.5 1453
leaf_count=1635 22 454 29 24 29 36 30 22 25 39 29 21 26 20 29 24 28 33 24 60 22 20 20 32 22 52 20 22 21 1365
internal_value=2.25202e-11 -0.0126127 0.0891056 0.103821 0.08979 0.0753399 0.104637 0.287347 0.0660288 -0.11712 0.0922213 0.146184 0.0966612 -0.188222 0.168751 0.0485316 0.192318 0.36653 0.0153663 -0.0260427 0.132388 0.474208 -0.0366591 -0.0335308 -0.0292987 0.0126188 0.0174981 0.187686 0.0303324 0.0117589
internal_weight=4794.5 4200 594.5 564.5 540.5 518.5 450 78.5 371.5 68.5 341.5 234.5 205.5 41.5 164 102 78 62 52 107 47 42 2150.5 2127 2081.5 2049.5 1992.5 65 44.5 1927.5
internal_count=4235 3643 592 563 539 517 449 78 371 68 341 234 205 41 164 102 78 62 52 107 47 42 1709 1689 1657 1934 1882 63 43 1819
is_linear=0
shrinkage=0.03


Tree=113
num_leaves=31
num_cat=0
split_feature=4 16 13 5 14 2 18 9 3 11 2 17 9 19 19 5 0 3 15 15 9 13 5 13 13 0 12 12 15 2
split_gain=5708.7 3128.26 2839.87 3367.17 3059.64 3793.85 5507.01 3722.56 4809.25 3679.21 4285.53 3311.94 3588.7 2797.7 2985.13 3547.96 2694.33 3267.31 2612.53 2509.17 2678.55 2396.84 2360.21 2242.28 2129.69 2231.25 3299.61 4619.86 2944.29 7137.7
threshold=0.36458333333333343 -354.49999999999994 385.00000000000006 76.31587752525202 94.500000000000014 39.871500889477254 0.41500000000000004 812.00000000000011 4700.5000000000009 35.638410792969658 34.885871185368558 351.50000000000006 2812.5000000000005 0.050000000000000037 -0.044999999999999978 24.101176404995488 162.04985119047603 5695.0000000000009 5324.8333333333348 8142.3333333333348 3837.5000000000005 254.50000000000003 -36.811925063350991 293.50000000000006 54.500000000000007 141.68444683908052 23.500000000000004 19.500000000000004 3005.166666666667 31.745191972312401
decision_type=10 8 10 8 10 10 10 8 10 10 10 10 8 10 10 10 10 8 10 8 8 10 10 8 8 8 8 10 8 10
left_child=24 -2 3 4 5 9 -7 8 -8 16 19 -6 13 14 15 -13 17 -3 -9 20 -11 -16 -15 -21 -1 -26 27 -27 29 -28
right_child=1 2 -4 -5 11 6 7 18 -10 10 -12 12 -14 22 21 -17 -18 -19 -20 23 -22 -23 -24 -25 25 26 28 -29 -30 -31
leaf_value=-0.19272153174262918 0.40103276846083724 0.16943337431320776 -0.28651137646208419 0.35529874834322162 0.46886947482131247 0.60177034166726195 -0.0067005691722947722 0.16520779913663863 0.62026260548830037 -0.055886539975437549 -0.415047112075906 -0.013078263785224406 -0.048685011351781507 0.2498988034862738 0.24369331627720736 0.39106070465055004 0.040528100043818162 -0.21827989743291579 -0.27598897570469338 -0.00040561795234680172 0.3362992883270437 0.61638629465103156 -0.022046954196903411 -0.39557506831628936 -0.046732872011090471 0.014027903556823729 -0.023647732487456365 0.5505046764333198 -0.01266851319636616 0.64858716632638658
leaf_weight=65.5 22 26 23.5 31 21.5 22 24.5 20 20 54.5 38 60 124 39 41 29 711 79 30.5 24 22 25 109 28 1467 37.5 44 23.5 1511.5 21
leaf_count=52 22 25 23 31 21 22 24 20 20 52 34 59 122 39 41 29 709 69 29 23 22 25 107 25 1077 36 41 22 1393 21
internal_value=-1.27312e-10 0.0457286 0.0408508 0.0457229 0.0395233 0.012586 0.174073 0.0750272 0.275081 -0.0066445 -0.135164 0.10556 0.0872673 0.142905 0.231982 0.118607 0.0195792 -0.122275 -0.101258 -0.0523974 0.0568989 0.384865 0.0496144 -0.213189 -0.0234341 -0.0198624 0.00421025 0.220703 -0.00416659 0.193536
internal_weight=4794.5 1624.5 1602.5 1579 1548 1099.5 117 95 44.5 982.5 166.5 448.5 427 303 155 89 816 105 50.5 128.5 76.5 66 148 52 3170 3104.5 1637.5 61 1576.5 65
internal_count=4235 1593 1571 1548 1517 1074 115 93 44 959 156 443 422 300 154 88 803 94 49 122 74 66 146 48 2642 2590 1513 58 1455 62
is_linear=0
shrinkage=0.03


Tree=114
num_leaves=31
num_cat=0
split_feature=0 4 13 5 5 9 9 6 5 9 18 12 4 4 3 4 12 12 3 15 9 12 11 6 11 12 19 8 1 3
split_gain=5378.26 2530.8 2440.81 2517.51 2735.38 3035.68 3251.72 3258.72 3060.74 2641.61 2363.19 3328.72 7420.3 4196.47 6286.33 5625.6 3258.1 4139.51 2306.38 4106.62 2262.81 5010.43 7432.32 2143.83 2043.25 2004.13 2392.22 1912.27 2383.17 1895.52
threshold=212.76845878136254 0.18576388888888892 352.50000000000006 -62.071818980153985 76.31587752525202 -4632.9999999999991 -1329.4999999999998 245.50000000000003 -34.242105263158486 -8614.9999999999982 0.41500000000000004 64.500000000000014 0.65017361111111127 0.96701388888888895 8345.0000000000018 0.88715277777777801 31.500000000000004 48.500000000000007 8398.5000000000018 5658.0000000000009 -3697.9999999999995 43.500000000000007 27.403676187026054 280.50000000000006 26.091502678901804 52.500000000000007 0.050000000000000003 257.92105263157902 253.97665375112305 4094.0000000000005
decision_type=10 10 10 8 10 8 8 10 8 10 10 8 8 8 10 10 10 10 8 10 8 8 8 8 10 8 10 10 8 10
left_child=1 -1 3 -2 5 9 7 -7 -8 -5 11 12 -10 15 -15 18 -14 -18 19 -13 21 22 -3 -23 -9 -25 29 28 -22 -27
right_child=2 20 -4 4 -6 6 8 24 10 -11 -12 13 16 14 -16 -17 17 -19 -20 -21 27 23 -24 25 -26 26 -28 -29 -30 -31
leaf_value=-0.037998968250750054 0.41307053984798997 -0.065679416737773208 -0.17922993855178354 0.10258865956602424 0.39882031716406346 0.067629692791259438 -0.22806230688095094 0.25565432586453174 -0.18856103003025054 -0.27446547329048565 -0.1813526435693105 -0.020582395642995834 0.10550380352139473 -0.35495995189366714 0.27476498671940391 0.55551707066595557 0.88979807424545287 0.32035859531826444 -0.043902042397746331 0.51223346572855244 -0.0055592174876219194 -0.17005669898297412 0.66555782873055025 -0.18711544535376809 0.67462151375412938 0.01616712549274121 -0.006209510457515716 -0.29338134753994827 0.3236739971637726 0.23352804532518315
leaf_weight=1866 22 22 30 29 24 36.5 30 22 24 39.5 27 30 20 44.5 21 24 20 27 81 23 1862 41.5 29 27.5 20 54.5 150 20.5 20 107
leaf_count=1464 22 21 29 29 24 36 30 22 24 39 27 30 20 44 21 24 20 27 81 23 1734 36 29 24 20 52 137 20 20 106
internal_value=-3.92481e-10 -0.0119542 0.0844538 0.0984671 0.085709 0.0712159 0.0995373 0.274972 0.0624669 -0.114837 0.0879892 0.111112 0.264069 0.0488348 -0.153063 0.132533 0.426205 0.562673 0.0567749 0.21064 0.00886816 0.0708931 0.350122 0.0334669 0.455163 0.058382 0.0800552 -0.00519953 -0.00206046 0.160177
internal_weight=4794.5 4200 594.5 564.5 542.5 518.5 450 78.5 371.5 68.5 341.5 314.5 91 223.5 65.5 158 67 47 134 53 2334 431.5 51 380.5 42 339 311.5 1902.5 1882 161.5
internal_count=4235 3643 592 563 541 517 449 78 371 68 341 314 91 223 65 158 67 47 134 53 2179 405 50 355 42 319 295 1774 1754 158
is_linear=0
shrinkage=0.03


Tree=115
num_leaves=31
num_cat=0
split_feature=0 4 16 13 13 17 10 10 16 14 3 9 12 11 10 19 11 15 2 17 3 5 9 8 3 8 4 1 1 2
split_gain=5138.79 4692.18 3016.64 2628.44 4409.53 3495.41 2997.24 3374.37 3156.36 3041.83 2900.93 3821.38 3871 6420.75 2862.8 2874.97 3106.27 2627.11 2514.45 4179.01 7928.74 2635.71 2448.79 2406.2 2363.69 2491.55 2297.84 2682.5 2181.04 2009.36
threshold=369.85918811163452 0.36458333333333343 -354.49999999999994 115.50000000000001 136.50000000000003 199.50000000000003 -2.2060074931463993 -3.7818286794767499 -126.49999999999999 86.500000000000014 10007.500000000002 3323.0000000000005 38.500000000000007 38.773712489866362 -5.6755174109217501 -0.10000000000000005 34.240900136339306 7723.5000000000009 40.40973105076916 370.50000000000006 4809.5000000000009 8.005091533180499 6912.5000000000009 155.36003470214004 17915.000000000004 300.12099479467906 0.94965277777777801 266.67371958967323 196.31802404349088 40.535006039930906
decision_type=8 10 8 8 8 10 8 10 8 10 8 8 10 10 10 10 10 10 10 10 10 8 10 8 10 10 10 10 10 10
left_child=1 29 -3 5 -5 -4 7 8 -6 17 11 12 -10 -14 15 -12 -17 -9 22 20 -20 -21 23 -8 25 26 27 -25 -24 -1
right_child=-2 2 3 4 6 -7 18 9 10 -11 14 -13 13 -15 -16 16 -18 -19 19 21 -22 -23 28 24 -26 -27 -28 -29 -30 -31
leaf_value=-0.017416973922252853 0.36481591805167823 0.38789613502946768 -0.0054715965369652063 0.36319353138929916 -0.27724341561717375 -0.4026952417113564 -0.22912527851760386 -0.44553822483776545 -0.061359881930053227 0.038208712812972397 0.084045531001201892 0.4040036122248723 0.030085896597990134 0.52408660479213887 0.16877751055774809 0.0037661956310272218 -0.34429219532012939 -0.026148216247558594 0.045324463922092148 -0.13061462347324079 0.70870042516339204 0.29297852566838262 0.079432768234435236 0.05045843199656444 0.32030248024884395 0.32154859931208191 -0.19748174814507363 0.38115607878436208 -0.28425918167745562 -0.11192298632038052
leaf_weight=2932 34.5 22 72.5 38 31 27.5 24 41 120 36.5 43 32.5 75.5 34.5 39.5 37.5 60 20 34 39 31 20 25.5 549.5 34 32 32 23 35.5 217.5
leaf_count=2439 33 22 71 38 28 26 22 38 116 36 43 32 75 34 39 37 55 20 34 38 31 20 25 543 34 32 32 23 35 184
internal_value=3.28346e-10 -0.00264415 0.0390088 0.0341769 0.0441792 -0.114708 0.0358217 -0.0176991 0.0153944 -0.178414 0.0358955 0.0995025 0.0564752 0.185022 -0.0568646 -0.120301 -0.210424 -0.308033 0.0705692 0.195777 0.361704 0.0129763 0.0500189 0.0660258 0.0765905 0.0635721 0.0499158 0.0637441 -0.132224 -0.0239434
internal_weight=4794.5 4760 1610.5 1588.5 1488.5 100 1450.5 571 473.5 97.5 442.5 262.5 230 110 180 140.5 97.5 61 879.5 124 65 59 755.5 694.5 670.5 636.5 604.5 572.5 61 3149.5
internal_count=4235 4202 1579 1557 1460 97 1422 553 459 94 431 257 225 109 174 135 92 58 869 123 65 58 746 686 664 630 598 566 60 2623
is_linear=0
shrinkage=0.03


Tree=116
num_leaves=31
num_cat=0
split_feature=1 0 11 10 9 12 3 0 10 10 19 2 4 16 12 10 8 3 7 1 5 5 9 9 7 10 7 1 19 2
split_gain=4929.07 2102.71 2459.55 2783.69 2274.21 2533.44 2384.74 3675.74 2580.35 2126.77 2579.83 2174.01 2354.64 2085.55 2734.81 1912.97 1882.27 1816.11 1800.27 1797.48 1842.64 3784.22 2779.44 3199.34 1890.9 2448.56 2221.84 4263.5 2881.35 3653.58
threshold=191.13417363701572 124.72395833333351 52.320523467244605 -20.042325761884999 -3780.9999999999995 32.500000000000007 3895.0000000000005 211.87199197861003 11.118322337296604 -7.3252040051706979 0.050000000000000037 32.716737224387956 0.39409722222222232 -44.499999999999993 105.50000000000001 9.7001495249943535 108.09375000000001 2865.5000000000005 12407.500000000002 192.29962755181552 36.079966044142516 30.685129458515515 4700.0000000000009 -628.99999999999989 11670.000000000002 6.02664390878095 4294.0000000000009 199.73246924691804 0.10999999999999999 17.262912839669401
decision_type=10 8 10 8 8 8 8 8 10 8 10 8 8 10 10 10 8 10 10 10 10 10 8 10 8 10 10 10 10 10
left_child=1 16 3 -3 5 18 7 8 9 -6 11 -11 -13 15 -15 -7 -1 -12 -5 -2 21 24 23 -22 25 26 27 -21 29 -28
right_child=19 2 -4 4 6 13 -8 -9 -10 10 17 12 -14 14 -16 -17 -18 -19 -20 20 22 -23 -24 -25 -26 -27 28 -29 -30 -31
leaf_value=-0.25031669566125581 0.28663507347224187 0.32431677071944526 -0.26104074408026301 0.46338273213873077 -0.12128232721239329 0.051816620775522328 -0.028294711260870485 0.41646084994077681 -0.24634325304898347 -0.032212726151943205 0.12654204514067052 -0.012031827387602433 0.40658856560202206 -0.095728717770461227 0.21341732173180969 0.29276887080886149 -0.054498288326889931 0.48217126638992974 0.075155252744985176 0.26489177848981776 0.27548722776499662 -0.3530468661979187 0.47757723504846744 -0.17443590241670606 0.11690176219471864 0.12103028432100633 -0.27043301449725177 -0.1792774010485127 -0.09310246682577375 0.15549169971348761
leaf_weight=49.5 30.5 23 34 21.5 48 292.5 2417.5 24 27.5 112.5 29.5 23 25.5 165.5 30.5 33 411 23 21.5 23 33 21.5 22 25 262.5 158 20.5 126 103.5 156.5
leaf_count=33 30 22 29 20 41 259 2106 24 24 103 28 20 24 140 28 31 287 21 20 23 33 21 22 25 261 158 20 125 101 156
internal_value=-1.49241e-11 -0.0154377 -0.00717983 -0.00457848 -0.00687426 0.0479405 -0.0182066 0.0597104 0.030084 0.0591538 0.0997203 0.0401698 0.208068 0.029691 -0.0476218 0.076245 -0.0755472 0.282342 0.269269 0.0599351 0.0526683 0.0400195 0.190461 0.0815548 0.0499618 0.0200524 -0.0170942 -0.110714 0.0326363 0.106161
internal_weight=4794.5 3812.5 3352 3318 3295 564.5 2730.5 313 289 261.5 213.5 161 48.5 521.5 196 325.5 460.5 52.5 43 982 951.5 871.5 80 58 850 587.5 429.5 149 280.5 177
internal_count=4235 3260 2940 2911 2889 498 2391 285 261 237 196 147 44 458 168 290 320 49 40 975 945 865 80 58 844 583 425 148 277 176
is_linear=0
shrinkage=0.03


Tree=117
num_leaves=31
num_cat=0
split_feature=0 2 4 16 6 13 13 10 17 10 14 12 4 9 0 6 1 2 17 3 15 3 5 1 10 8 9 3 8 12
split_gain=4761.36 4614 4065.79 2872.98 2488.35 2475.63 4057.92 3353.81 3294.94 3014.18 2856.71 2553.55 4216.94 3819.3 3501.03 2559.13 2556.68 2470.04 3505.12 7449.03 2465.26 2455.16 2356.79 2201 3105.68 2095.05 2305.3 2127.76 2232.45 2064.3
threshold=369.85918811163452 9.4497252235886471 0.36458333333333343 -354.49999999999994 609.50000000000011 115.50000000000001 136.50000000000003 -2.2060074931463993 199.50000000000003 -3.7818286794767499 86.500000000000014 65.500000000000014 0.46527777777777779 2812.5000000000005 169.89448292924303 296.50000000000006 242.02487511389268 40.40973105076916 370.50000000000006 4809.5000000000009 7723.5000000000009 10425.000000000002 8.005091533180499 219.50706067316102 -9.0548770214139473 155.36003470214004 6912.5000000000009 17915.000000000004 300.12099479467906 57.500000000000007
decision_type=8 10 10 8 10 8 8 8 10 10 10 10 10 10 10 8 10 10 10 10 10 10 8 10 10 8 10 10 10 8
left_child=1 -1 -3 -4 5 8 -7 9 -5 11 20 12 29 15 -13 -14 23 25 19 -19 -11 -16 -20 24 -17 -9 27 28 -27 -8
right_child=-2 2 3 4 -6 6 7 17 -10 10 -12 14 13 -15 21 16 -18 18 22 -21 -22 -23 -24 -25 -26 26 -28 -29 -30 -31
leaf_value=0.43594283713850862 0.35116310140360957 -0.024385513386498407 0.37483144857328049 -0.0034260917549401937 -0.28361104361216227 0.34993244177416749 -0.3777164097864863 -0.22330621629953384 -0.39020927602594546 -0.43193504793614873 0.03680764479179905 0.36699911147764286 0.2418059074216419 0.3025940323317492 0.13757831726814138 -0.29886745389717728 -0.31695231049291545 0.041592384861672625 -0.12560490642275127 0.68458716803981401 -0.025668929815292358 -0.14649371656504545 0.28263358971476554 0.25238785537688629 0.086410294091978729 0.052097516880757484 -0.11640955593064427 0.30894711645210488 0.30933843456208704 -0.098502759538847823
leaf_weight=21.5 34.5 3137.5 22 71 22.5 38 35.5 24 27.5 41 36.5 36.5 27 40.5 72.5 33.5 31 34 35 31 20 44 20 23 43 593.5 60 34 32 72.5
leaf_count=19 33 2613 22 70 22 38 31 22 26 38 36 36 27 40 72 33 30 34 34 31 20 43 20 23 42 587 59 34 32 68
internal_value=-6.85307e-12 -0.00254519 -0.00453475 0.0343671 0.0296234 0.0341514 0.0439853 0.035798 -0.111411 -0.0216328 -0.17312 0.0105459 -0.0394888 0.0427616 0.110616 -0.0240524 -0.0790576 0.0728105 0.199107 0.348251 -0.298733 0.0302893 0.0228455 -0.00493966 -0.0823061 0.0524263 0.0616238 0.0778209 0.0652577 -0.190281
internal_weight=4794.5 4760 4738.5 1601 1579 1556.5 1458 1420 98.5 556.5 97.5 459 306 198 153 157.5 130.5 863.5 120 65 61 116.5 55 99.5 76.5 743.5 719.5 659.5 625.5 108
internal_count=4235 4202 4183 1570 1548 1526 1430 1392 96 539 94 445 294 195 151 155 128 853 119 65 58 115 54 98 75 734 712 653 619 99
is_linear=0
shrinkage=0.03


Tree=118
num_leaves=31
num_cat=0
split_feature=0 2 2 15 18 5 5 9 1 0 3 11 12 7 6 7 4 14 17 19 19 8 8 4 8 3 14 14 2 6
split_gain=4522.88 3052.32 3763.52 2411.05 2409.25 2128.25 2106.8 2085.4 2729.01 2026.94 4910.5 4521.65 5102.8 4989.18 2470.08 1968.56 5040.96 2024.78 2203.27 1946.63 1942.41 1882.23 1824.95 2204.7 2947.52 1959.36 1862.08 1970.13 2648.02 2167.29
threshold=160.77599039615851 43.944724492202305 11.853569291887402 1855.6666666666667 0.54500000000000015 2.1463635276989881 -15.565754067584491 -486.99999999999994 191.13417363701572 269.45300751879705 2019.0000000000002 24.939174753320604 65.500000000000014 2207.5000000000005 466.50000000000006 2365.0000000000005 0.24826388888888892 48.500000000000007 276.50000000000006 0.32500000000000012 -0.054999999999999986 117.71925403225801 153.79155374887105 0.27083333333333343 145.98809523809553 14404.500000000002 140.50000000000003 83.500000000000014 37.843328407660508 427.50000000000006
decision_type=10 10 10 8 8 10 8 10 10 10 10 10 10 10 8 10 10 8 8 8 8 8 8 10 10 10 10 8 8 10
left_child=3 2 -2 -1 -5 6 -3 8 21 -4 -11 12 13 -12 -13 16 20 -17 -19 -20 -9 -6 23 -23 -25 26 27 -24 29 -29
right_child=1 5 9 4 7 -7 -8 15 -10 10 11 14 -14 -15 -16 17 -18 18 19 -21 -22 22 25 24 -26 -27 -28 28 -30 -31
leaf_value=-0.25676828885078429 0.38692123995295591 -0.043918095605317932 0.027687178789538976 0.23869644948414392 -0.12444358146121334 0.002167464130747635 -0.43877278306654516 -0.27303584545288445 0.29771107188138096 -0.28523582765034267 0.53802907884120943 0.24098050741744892 -0.26731541499495504 -0.034281161735797747 0.66056460732999045 -0.20008875965739095 0.36766056438854761 0.15034940515795062 -0.05274247408293177 -0.26726449845712397 0.035751677290732115 0.019468583619593558 -0.14522088701707603 0.47500556156687113 0.014786146849393845 -0.24247984774141423 -0.28089131195494466 0.04757178132701665 0.28899239567151436 -0.19457078224846294
leaf_weight=40 28 21.5 1799 31.5 107.5 56.5 28 26.5 27.5 21 26 28 27 29 23 89.5 35 46.5 1051.5 39.5 59.5 734.5 68.5 23 27.5 41.5 23.5 160 32.5 42
leaf_count=31 28 21 1772 28 75 54 25 20 26 21 26 28 27 29 23 67 33 39 835 32 46 584 56 22 26 35 20 140 30 36
internal_value=-1.44706e-10 0.0331879 0.0415803 -0.025582 -0.0221153 -0.123655 -0.26727 -0.0252319 0.00206604 0.0366292 0.141088 0.208402 0.0704523 0.236265 0.430205 -0.0513149 0.0641314 -0.0626996 -0.0518896 -0.0605093 -0.059398 -0.00438397 0.0068098 0.0326515 0.224391 -0.0483145 -0.023635 -0.00368273 0.0376621 -0.00277469
internal_weight=4794.5 2087 1981 2707.5 2667.5 106 49.5 2636 1288 1953 154 133 82 55 51 1348 121 1227 1137.5 1091 86 1260.5 1153 785 50.5 368 326.5 303 234.5 202
internal_count=4235 2054 1954 2181 2150 100 46 2122 1050 1926 154 133 82 55 51 1072 99 973 906 867 66 1024 949 632 48 317 282 262 206 176
is_linear=0
shrinkage=0.03


Tree=119
num_leaves=31
num_cat=0
split_feature=0 2 4 1 13 13 7 2 0 6 9 2 2 7 0 0 2 11 19 7 0 19 5 7 15 8 13 7 7 12
split_gain=4434.76 4193.65 3649.03 2829.72 2339.41 2501.51 2960.86 4571.02 5278.02 2797.99 2850.69 2651.41 2286.72 3984.34 4745.43 3429.16 2728.19 2248.7 3909.84 3147.68 2745.34 2829.36 2668.38 2558.61 2966.64 2974.86 2510.9 2313.36 2654.26 3766.93
threshold=369.85918811163452 9.4497252235886471 0.36458333333333343 164.46410256410289 385.00000000000006 234.50000000000003 2365.0000000000005 46.470656550524907 160.77599039615851 382.50000000000006 4437.5000000000009 27.017695096249053 22.460953229616052 6052.5000000000009 198.69122807017553 176.33824117255202 26.555476397719552 35.638410792969658 -0.10000000000000001 5454.0000000000009 183.37980769230754 -0.030000000000000009 46.876526435856 3229.0000000000005 3693.3333333333339 212.56959064327503 216.50000000000003 6658.5000000000009 16521.500000000004 89.500000000000014
decision_type=8 10 10 10 10 10 8 10 10 8 8 10 10 10 10 10 10 10 10 10 10 8 10 8 8 10 10 8 10 8
left_child=1 -1 -3 -4 5 6 9 8 -8 -5 11 -11 -7 -14 15 16 -15 22 19 -19 -20 -22 23 -10 25 -25 27 -26 -29 -30
right_child=-2 2 3 4 -6 12 7 -9 17 10 -12 -13 13 14 -16 -17 -18 18 20 -21 21 -23 -24 24 26 -27 -28 28 29 -31
leaf_value=0.41558103528133655 0.33890564275824503 -0.023158971880221983 0.2670297880594929 0.40483775413462092 -0.27796478128433227 -0.039306907793182098 -0.19848038378118096 0.36457585184197677 -0.19001994191146476 -0.033942872014912688 -0.1508392757930172 0.3184584013145903 0.012286883773712011 0.52693656501562702 0.47152760127129462 -0.074228743139816367 0.12375037021596325 0.38622869423457551 -0.069357558134943251 -0.079618858617285029 -0.14571323078870774 -0.6414546976255816 -0.27585967594385147 0.051939394218581056 0.1613013647434178 0.56317544728517532 -0.14827400897392781 -0.01157862797005314 0.0049396240711212158 0.49582955654710525
leaf_weight=21.5 34.5 3137.5 45 28 22.5 86 130.5 28.5 41 33 36 46 130 23 52 46 44 21 48 34.5 20 21.5 25 21 143 20 59 338.5 34 24
leaf_count=19 33 2613 43 28 22 85 115 28 40 33 35 46 128 23 52 45 44 21 45 34 20 20 25 21 143 20 59 337 34 24
internal_value=-3.77362e-10 -0.00245635 -0.00435312 0.032501 0.0257183 0.030174 0.00814363 -0.00995412 -0.020835 0.135904 0.070424 0.171253 0.0968146 0.136498 0.23436 0.125222 0.262158 0.0064228 -0.101178 0.0966478 -0.223851 -0.402543 0.0285377 0.0397206 0.0544498 0.301323 0.0375379 0.0578584 0.020551 0.208066
internal_weight=4794.5 4760 4738.5 1601 1556 1533.5 1152.5 1009.5 981 143 115 79 381 295 165 113 67 850.5 145 55.5 89.5 41.5 705.5 680.5 639.5 41 598.5 539.5 396.5 58
internal_count=4235 4202 4183 1570 1527 1505 1128 986 958 142 114 79 377 292 164 112 67 843 140 55 85 40 703 678 638 41 597 538 395 58
is_linear=0
shrinkage=0.03


Tree=120
num_leaves=31
num_cat=0
split_feature=0 2 4 16 6 13 13 10 17 10 14 12 4 6 0 1 1 9 0 0 3 2 17 3 5 9 8 3 8 4
split_gain=4172.67 3945.81 3433.37 2683.45 2302.98 2314.08 3799.65 3078.4 3056.56 2862.85 2661.32 2383.95 3916.88 3608.76 3292.03 2728.39 3848.08 2872.35 2402.24 2324.69 2289.7 2269.83 3242.98 6997.8 2158.41 1931.51 2161.92 2437.62 2022.57 2065.11
threshold=369.85918811163452 9.4497252235886471 0.36458333333333343 -354.49999999999994 609.50000000000011 115.50000000000001 136.50000000000003 -2.2060074931463993 199.50000000000003 -3.7818286794767499 86.500000000000014 65.500000000000014 0.46527777777777779 338.50000000000006 169.89448292924303 242.02487511389268 191.13417363701572 3206.5000000000005 214.65625000000003 195.08558352402756 10425.000000000002 40.40973105076916 370.50000000000006 4809.5000000000009 8.005091533180499 6912.5000000000009 156.68059210526303 18617.000000000004 300.12099479467906 0.94965277777777801
decision_type=8 10 10 8 10 8 8 8 10 10 10 10 10 8 10 10 10 8 10 10 10 10 10 10 8 10 8 10 10 8
left_child=1 -1 -3 -4 5 8 -7 9 -5 11 19 12 -8 -14 -13 16 -15 18 -18 -11 -16 25 23 -23 -24 26 -9 28 29 -28
right_child=-2 2 3 4 -6 6 7 21 -10 10 -12 14 13 15 20 -17 17 -19 -20 -21 -22 22 24 -25 -26 -27 27 -29 -30 -31
leaf_value=0.40311360215031822 0.32873847360196318 -0.022464202269365588 0.36056856334886767 -0.0054301934636814498 -0.27439977423350015 0.33685613949047888 -0.18445233112821977 -0.17566377056561983 -0.37795936268026176 -0.49884056091308587 0.032846194228080848 0.35452341048276587 0.30295286488278134 -0.28962012619748712 0.13162963983005491 -0.2563882485457829 0.16718054713228264 0.34561927673220633 -0.20112338694078583 -0.12597942851922089 -0.14270372190258721 0.035645733212723456 -0.12219485064063754 0.6588615030146413 0.26848471423611042 -0.11439879314647987 0.064058673707139718 0.36553975453376769 0.29577817574143411 -0.18744892226472015
leaf_weight=21.5 34.5 3137.5 22 71 22.5 38 108 32.5 27.5 27 36.5 36.5 38 25 72.5 35 37 35 28 34 44 34 35 31 20 60 563 25 32 31
leaf_count=19 33 2613 22 70 22 38 99 30 26 24 36 36 38 23 72 34 37 35 28 34 43 34 34 31 20 59 557 25 32 31
internal_value=-1.76653e-10 -0.00238266 -0.00422252 0.0315259 0.0269414 0.0312975 0.0408052 0.0328827 -0.109436 -0.0221395 -0.169775 0.00922103 -0.0391236 0.0401466 0.10591 -0.0222699 0.0432832 0.126509 0.00852654 -0.291016 0.0280188 0.0683428 0.189413 0.332872 0.0198704 0.0488023 0.0631287 0.0750499 0.0634489 0.0509329
internal_weight=4794.5 4760 4738.5 1601 1579 1556.5 1458 1420 98.5 556.5 97.5 459 306 198 153 160 125 100 65 61 116.5 863.5 120 65 55 743.5 683.5 651 626 594
internal_count=4235 4202 4183 1570 1548 1526 1430 1392 96 539 94 445 294 195 151 157 123 100 65 58 115 853 119 65 54 734 675 645 620 588
is_linear=0
shrinkage=0.03


Tree=121
num_leaves=31
num_cat=0
split_feature=0 13 5 11 19 2 4 10 2 18 2 2 18 5 0 12 5 6 4 3 1 17 13 16 14 5 15 18 13 11
split_gain=3989.07 2254.09 2264.61 2626.24 3129.22 2423.42 3603.9 3297.99 2797.71 2726.78 2773.62 5357.28 3798.82 3552.53 3151.22 2684.71 3933.9 2285.69 1941.6 2070.01 2914.49 1873.82 2594.5 2390.57 2339.57 2498.22 1864.42 1769.11 2123.03 1724.14
threshold=212.76845878136254 352.50000000000006 76.31587752525202 34.240900136339306 -0.040000000000000015 31.505731409572956 0.63975694444444453 8.1089357113876535 28.964458990947403 0.30500000000000005 21.482027985257805 18.147411450933706 0.085000000000000006 29.686116888041017 259.90432254802857 37.500000000000007 -24.500420321637502 469.50000000000006 0.18576388888888892 978.00000000000011 163.09506218189895 371.50000000000006 115.50000000000001 -145.49999999999997 62.500000000000007 -8.1378931375639905 5743.8333333333348 0.49500000000000005 202.50000000000003 36.161790983171009
decision_type=10 10 10 10 10 10 8 10 10 10 10 10 10 10 10 10 10 8 10 8 10 8 10 8 10 10 10 10 10 10
left_child=18 2 3 5 17 8 -7 -8 9 10 11 14 -13 15 -2 16 -12 -5 -1 20 -20 22 29 -23 -24 26 -26 -27 -29 -21
right_child=1 -3 -4 4 -6 6 7 -9 -10 -11 13 12 -14 -15 -16 -17 -18 -19 19 21 -22 23 24 -25 25 27 -28 28 -30 -31
leaf_value=-0.033107670205901205 0.13858406537252924 -0.18066408297419545 0.37135310038924213 -0.1574739330355078 -0.36580742258578536 -0.051817012578248979 0.5568123993873596 0.14497417974472043 -0.17967205514778961 0.36324949377006099 -0.099748029660205448 0.56959640708991455 0.12094488073479046 -0.39941301745176316 -0.26072854194661665 -0.10399049217827984 0.40889756510334624 0.18462526908287635 0.46200774908065795 0.00084212497075398759 0.048577274927734643 -0.2954719900185207 0.21524999088841706 -0.0083015095704260574 0.1570770318691547 -0.070760441278257674 -0.10167767646645949 0.09979919732662669 0.36929857663025978 -0.24025566203253609
leaf_weight=1866 46 30 24 32 24 28 35 35 37 31 24.5 35 33 20 29 61 31 39 21 112.5 57 26.5 101.5 1684 32.5 31 109.5 85.5 38 35
leaf_count=1464 46 29 24 32 23 28 35 35 37 31 24 35 33 20 29 61 31 39 20 105 56 23 97 1565 31 31 99 84 38 30
internal_value=-1.88419e-10 0.0727334 0.0862001 0.0735383 -0.0696648 0.104075 0.235833 0.350893 0.0669179 0.0963022 0.0666945 0.159027 0.351868 -0.0300343 -0.0158168 0.0333783 0.18436 0.0304397 -0.0102952 0.00794297 0.159885 0.00268964 0.0511046 -0.0127505 0.0909341 0.0483774 -0.0424556 0.131862 0.182722 -0.0563675
internal_weight=4794.5 594.5 564.5 540.5 95 445.5 98 70 347.5 310.5 279.5 143 68 136.5 75 116.5 55.5 71 4200 2334 78 2256 545.5 1710.5 398 296.5 142 154.5 123.5 147.5
internal_count=4235 592 563 539 94 445 98 70 347 310 279 143 68 136 75 116 55 71 3643 2179 76 2103 515 1588 380 283 130 153 122 135
is_linear=0
shrinkage=0.03


Tree=122
num_leaves=31
num_cat=0
split_feature=0 2 4 1 13 13 7 2 0 6 9 2 2 7 0 0 2 2 18 1 18 15 6 18 16 2 1 9 1 9
split_gain=3855.86 3740.01 3104.72 2652.17 2155.56 2402.32 2797.31 4181.64 4818.33 2555.02 2647.41 2438.01 2132.51 3680.84 4397.73 3193.98 2527.66 2128.86 3284.88 2649.67 2356.99 2318.1 2447.76 2884.44 2846.15 3051.79 2623.57 3862.67 2705.89 2999
threshold=369.85918811163452 9.4497252235886471 0.36458333333333343 164.46410256410289 385.00000000000006 234.50000000000003 2365.0000000000005 46.470656550524907 160.77599039615851 382.50000000000006 4437.5000000000009 27.017695096249053 22.460953229616052 6052.5000000000009 198.69122807017553 176.33824117255202 26.555476397719552 21.315727612662553 0.045000000000000005 270.41253296640321 0.60500000000000009 2696.666666666667 538.50000000000011 0.55500000000000016 -64.499999999999986 38.445244448557659 193.039322855579 46.500000000000007 208.13199956946298 -1696.9999999999998
decision_type=8 10 10 10 10 10 8 10 10 8 8 10 10 10 10 10 10 10 10 10 10 8 8 8 10 10 10 10 10 10
left_child=1 -1 -3 -4 5 6 9 8 -8 -5 11 -11 -7 -14 15 16 -15 19 -19 20 -10 -20 23 24 25 -23 27 -24 29 -28
right_child=-2 2 3 4 -6 12 7 -9 17 10 -12 -13 13 14 -16 -17 -18 18 21 -21 -22 22 26 -25 -26 -27 28 -29 -30 -31
leaf_value=0.39248957268027374 0.31601239411727244 -0.021428311858207462 0.25696429884433747 0.38720763214996878 -0.26815948541959123 -0.038522409032597099 -0.19169688592354456 0.34666648946310341 0.0023140257991876704 -0.031953862580386072 -0.14558493168403705 0.30596804065548855 0.011864816228930767 0.50726711060689844 0.45362605838821479 -0.072240986435309698 0.11918162213723091 -0.35872689861059187 0.29092297903696696 0.38029664120078083 0.3238394228368997 0.1069736947872422 -0.37614125926752345 -0.10334734191391787 -0.035557658677234462 0.48032792594121848 0.41347982609401579 0.051075021028518672 -0.10638973599852029 -0.076457796692848204
leaf_weight=21.5 34.5 3137.5 45 28 22.5 86 130.5 28.5 141.5 33 36 46 130 23 52 46 44 25 22.5 25 24 137.5 55.5 109 114 23 23 29 99.5 22
leaf_count=19 33 2613 43 28 22 85 115 28 141 33 35 46 128 23 52 45 44 25 22 25 24 137 53 106 114 23 23 29 99 22
internal_value=-3.71604e-10 -0.00229043 -0.00408166 0.0299128 0.0233464 0.0276235 0.00603424 -0.0115566 -0.0219636 0.130215 0.0676434 0.164811 0.0929294 0.131251 0.225313 0.120248 0.252405 0.00408008 -0.0214195 0.0924252 0.0489401 -0.00813972 -0.0191257 0.0272177 0.0790632 0.160476 -0.0967357 -0.229523 -0.0190852 0.173955
internal_weight=4794.5 4760 4738.5 1601 1556 1533.5 1152.5 1009.5 981 143 115 79 381 295 165 113 67 850.5 660 190.5 165.5 635 612.5 383.5 274.5 160.5 229 84.5 144.5 45
internal_count=4235 4202 4183 1570 1527 1505 1128 986 958 142 114 79 377 292 164 112 67 843 653 190 165 628 606 380 274 160 226 82 144 45
is_linear=0
shrinkage=0.03


Tree=123
num_leaves=31
num_cat=0
split_feature=0 2 4 16 6 13 13 12 10 10 5 12 4 9 0 5 14 5 3 10 2 3 17 2 8 8 2 3 0 11
split_gain=3627.98 3518.97 2921.23 2505.74 2105.82 2128.17 3491.48 2887.64 2879.25 2713.5 2505.37 2252.11 3629.06 3483.21 3070.2 2463.86 2154.58 2429.55 2137.4 2120.77 2059.05 3057.39 6470 1827.18 3451.56 4012.33 2147.06 3113.24 2787.44 2204.62
threshold=369.85918811163452 9.4497252235886471 0.36458333333333343 -354.49999999999994 609.50000000000011 115.50000000000001 136.50000000000003 46.500000000000007 -2.2060074931463993 -3.7818286794767499 -24.500420321637502 65.500000000000014 0.45833333333333343 2812.5000000000005 169.89448292924303 -38.445423800465001 163.50000000000003 6.8445339258539954 10425.000000000002 -1.8725699517129504 40.40973105076916 4809.5000000000009 370.50000000000006 40.535006039930906 166.46557878633402 160.68591008771901 37.843328407660508 11216.500000000002 137.27602339181303 47.869788364916154
decision_type=8 10 10 8 10 8 8 10 8 10 10 10 10 10 10 10 8 10 10 10 10 10 10 10 10 8 10 10 10 10
left_child=1 -1 23 -4 5 7 -7 19 9 11 -11 12 16 15 -13 -14 -8 -18 -16 -5 -10 -22 -23 26 25 -25 29 28 -28 -3
right_child=-2 2 3 4 -6 6 8 -9 20 10 -12 14 13 -15 18 -17 17 -19 -20 -21 21 22 -24 24 -26 -27 27 -29 -30 -31
leaf_value=0.38071488069933512 0.30653202430061671 -0.016994562481609434 0.3469760232080113 0.21557743377685548 -0.26356847548484802 0.32166009721003075 -0.33878177070617671 -0.3739540753949363 0.045956887929802404 -0.43280134975910184 -0.079772765831071499 0.34166143935020654 0.26368013445536292 0.28427341945469381 0.12645479197543241 -0.07505357753539825 -0.19737281508743762 0.20594047236442564 -0.13859782495281914 -0.12641370898707116 0.0037450110956149941 0.63169886239113338 0.047682160264567328 -0.075366061291838649 0.21966722175478934 -0.40582427745706895 0.48722429782152177 -0.12582594515646206 0.099203787167137916 -0.28219922897062799
leaf_weight=21.5 34.5 2779 22 25 22.5 38 45 26.5 743.5 24 73.5 36.5 22.5 40.5 72.5 137 41 20 44 47 51 31 38 149 26 42.5 24 34 54.5 28.5
leaf_count=19 33 2309 22 25 22 38 40 25 734 22 72 36 22 40 72 135 37 20 43 46 51 31 37 124 25 35 21 28 49 22
internal_value=2.44689e-10 -0.00222171 -0.00395921 0.0290154 0.0245853 0.0287507 0.0378685 -0.106211 0.0302741 -0.0229386 -0.166672 0.00759301 -0.0393958 0.0358177 0.101571 -0.0272698 -0.181308 -0.065139 0.0263491 -0.00766678 0.0645681 0.17988 0.310066 -0.0207855 -0.10467 -0.148705 -0.0145372 0.113973 0.217834 -0.0196868
internal_weight=4794.5 4760 4738.5 1601 1579 1556.5 1458 98.5 1420 556.5 97.5 459 306 200 153 159.5 106 61 116.5 72 863.5 120 69 3137.5 217.5 191.5 2920 112.5 78.5 2807.5
internal_count=4235 4202 4183 1570 1548 1526 1430 96 1392 539 94 445 294 197 151 157 97 57 115 71 853 119 68 2613 184 159 2429 98 70 2331
is_linear=0
shrinkage=0.03


Tree=124
num_leaves=31
num_cat=0
split_feature=18 13 19 6 4 15 8 9 9 17 6 3 10 1 3 18 14 9 12 12 8 15 1 19 12 11 11 10 3 4
split_gain=3473.34 2568.76 2006.03 2245.73 2101 3312.2 1868.91 1808.56 1797 3185.94 2789.47 2170.03 1866.54 2104.49 1793.05 1815.93 1764.54 3938.96 3762.93 7574.31 3219.41 3079.29 3460.71 3846.35 3215.2 3066.25 4295.48 2507.35 2409.75 2377.51
threshold=0.39500000000000007 352.50000000000006 -0.34499999999999992 682.50000000000011 0.81423611111111127 6388.0833333333348 119.10619918699201 -9218.4999999999982 -3780.9999999999995 343.50000000000006 618.00000000000011 29445.000000000004 -1.0260657696424509 185.69443487861221 10520.500000000002 0.72500000000000009 91.500000000000014 3480.5000000000005 55.500000000000007 31.500000000000004 205.42076684397202 6497.0833333333348 316.89408832721642 -0.020000000000000007 92.500000000000014 28.603293986939104 24.075221340780054 -2.1039273136715475 3895.0000000000005 0.77604166666666685
decision_type=8 10 8 10 10 10 8 10 8 8 8 10 8 10 10 10 8 8 10 10 8 10 10 10 8 8 8 10 8 10
left_child=1 16 -2 4 6 -6 7 -4 9 10 -8 -10 13 -11 -14 -16 17 20 19 -19 -1 24 23 27 -18 26 -26 -23 -27 -25
right_child=2 -3 3 -5 5 -7 8 -9 11 12 -12 -13 14 -15 15 -17 21 18 -20 -21 -22 22 -24 29 25 28 -28 -29 -30 -31
leaf_value=-0.31618660858699249 0.27180577977498371 -0.21551204825526679 -0.29462677390679065 -0.31113079460461934 -0.042881710901856419 0.40390605160168236 0.096738069854388584 -0.060447895755487327 -0.015170845379344326 -0.022750618957786583 0.43937779729919774 -0.27157964503765103 0.020739915273510493 -0.2982452746906451 0.42164347553795029 0.077464070604056925 0.20321816051036726 -0.093837466556578875 -0.040954526324311027 0.65986898526549342 -0.00077089544346458023 0.1486669224500656 0.55852089183671128 -0.23553322076797484 -0.035365707918779174 0.1077184318412434 0.4323746797442436 0.44395784326764037 -0.25698126643896102 0.11565917970018183
leaf_weight=42 22.5 29 34.5 22.5 32 28 90.5 212.5 3029.5 229.5 28 30 234 28 22 37 73.5 21 46 28 95 65 21 27.5 67 22 24 43 63 47
leaf_count=41 22 28 23 20 32 28 84 149 2644 191 24 22 208 26 22 30 73 21 46 28 95 65 21 27 67 22 24 43 62 47
internal_value=-3.97723e-11 0.0610423 -0.0106811 -0.0122474 -0.0105809 0.165619 -0.0132402 -0.0931571 -0.00794603 0.036593 0.177699 -0.0176851 0.00621859 -0.0527073 0.058005 0.205802 0.0727505 0.00546881 0.153914 0.336852 -0.0974677 0.107208 0.193815 0.151849 0.0365692 -0.0330257 0.0879944 0.266236 -0.162588 -0.0139756
internal_weight=4794.5 714 4080.5 4058 4035.5 60 3975.5 247 3728.5 669 118.5 3059.5 550.5 257.5 293 59 685 232 95 49 137 453 203.5 182.5 249.5 176 91 108 85 74.5
internal_count=4235 710 3525 3503 3483 60 3423 172 3251 585 108 2666 477 217 260 52 682 231 95 49 136 451 203 182 248 175 91 108 84 74
is_linear=0
shrinkage=0.03


Tree=125
num_leaves=31
num_cat=0
split_feature=0 2 4 1 6 5 13 2 10 18 1 0 2 11 7 7 5 7 2 9 13 6 8 11 11 13 11 10 11 4
split_gain=3350.72 3302.68 2641.92 2498.43 1966.13 2489.1 2007.73 2411.36 2715.13 2554.34 4102.24 2980.43 4560.56 2455.84 1989.01 2866.14 4683.67 3985.56 3147.46 2710.56 2592.41 2859.4 2105.12 2655.28 3353.51 2277.25 2294.48 2898.21 2516.68 2883.03
threshold=369.85918811163452 9.4497252235886471 0.36458333333333343 164.46410256410289 644.00000000000011 -82.299793377580997 229.50000000000003 22.460953229616052 12.317474476720253 0.67500000000000016 173.30766841805175 206.17821067821052 31.644225529332104 27.986425935279403 2365.0000000000005 3961.5000000000005 -21.359817408769015 4915.0000000000009 46.470656550524907 2098.0000000000005 144.50000000000003 289.50000000000006 193.35937500000003 34.240900136339306 41.200865887430709 216.50000000000003 31.401958893068354 0.94065486267775011 28.702585895823756 0.88715277777777801
decision_type=8 10 10 10 10 10 10 10 10 10 10 10 10 8 8 8 10 8 10 10 10 10 10 10 10 10 10 10 10 10
left_child=1 -1 -3 -4 5 -5 14 -8 9 10 -9 -12 13 -13 -7 16 -16 20 22 -18 21 -17 -19 25 -25 26 27 28 29 -24
right_child=-2 2 3 4 -6 6 7 8 -10 -11 11 12 -14 -15 15 17 19 18 -20 -21 -22 -23 23 24 -26 -27 -28 -29 -30 -31
leaf_value=0.36884652814199759 0.29458652164625082 -0.019820037994173121 0.24791277988751725 0.28908518530073618 -0.26372959252013711 0.10767144984142346 -0.058264369013341692 -0.29180296846798487 -0.11179625664178917 0.34748149856310528 0.065182636950109424 -0.052228085627922638 0.67659716946738102 0.36860907167196272 -0.44781140327453611 0.11512727987766265 0.13422791342182858 -0.082794499104214464 0.34008712932120921 -0.24474541809538314 0.0066036586878729644 0.61634459972381594 0.14613444887456439 -0.26283530249004872 0.17024582131703694 -0.19158105164766312 0.32743818548321718 -0.027053969415783526 -0.087906056728500576 0.54504342232407499
leaf_weight=21.5 34.5 3137.5 45 31.5 21.5 132 92.5 21 41 48.5 134 26 21 24 35 20 41 345.5 21.5 29 30.5 21 63 56.5 22.5 31 30 168.5 26 22
leaf_count=19 33 2613 43 31 21 131 91 20 40 48 133 26 21 24 32 20 41 331 21 28 30 21 63 55 22 31 30 168 26 22
internal_value=5.0253e-11 -0.00213513 -0.00381839 0.0275402 0.021167 0.0251587 0.0196273 0.0764304 0.115921 0.149933 0.107539 0.148447 0.305595 0.149774 -0.00153765 -0.0165071 -0.164454 0.00159826 -0.0178969 -0.0227753 0.216045 0.371848 -0.0279579 0.0172056 -0.139489 0.0535607 0.0781144 0.0513534 0.170377 0.249381
internal_weight=4794.5 4760 4738.5 1601 1556 1534.5 1503 408 315.5 274.5 226 205 71 50 1095 963 105 858 786.5 70 71.5 41 765 419.5 79 340.5 309.5 279.5 111 85
internal_count=4235 4202 4183 1570 1527 1506 1475 403 312 272 224 204 71 50 1072 941 101 840 769 69 71 41 748 417 77 340 309 279 111 85
is_linear=0
shrinkage=0.03


Tree=126
num_leaves=31
num_cat=0
split_feature=0 2 2 15 18 9 1 5 5 12 12 3 0 15 16 15 10 7 4 14 18 8 13 3 3 18 5 17 0 12
split_gain=3188.85 2946.39 3009.96 2298.05 2093.99 2023.71 2441.41 1881.11 1888.83 1840.9 3327.02 3264.64 2948.54 1972.58 1936.33 1919.58 1811.42 2883.96 4475.4 2294.08 2021.09 1738.86 1607.68 1536.45 1485.89 3517.07 4201.76 3528.96 2785.24 5283.22
threshold=160.77599039615851 43.944724492202305 11.853569291887402 2482.3333333333335 0.54500000000000015 -486.99999999999994 191.13417363701572 2.1463635276989881 -15.565754067584491 24.500000000000004 31.500000000000004 3567.0000000000005 346.70101351351354 8616.2500000000018 67.500000000000014 6228.0833333333348 12.035090885341601 2730.0000000000005 0.24826388888888892 46.500000000000007 0.79500000000000015 117.71925403225801 144.50000000000003 5855.5000000000009 5491.5000000000009 0.115 30.685129458515515 572.50000000000011 269.45300751879705 59.500000000000007
decision_type=10 10 10 8 8 10 10 10 8 8 8 10 10 8 8 10 8 10 10 8 10 8 8 10 10 10 8 10 10 8
left_child=3 2 -2 -1 -5 6 21 8 -3 11 14 -4 24 15 -11 -13 17 18 -7 -19 -18 -6 -21 -9 25 26 -12 -27 -26 -30
right_child=1 7 9 4 5 16 -8 23 -10 10 12 13 -14 -15 -16 -17 20 19 -20 22 -22 -23 -24 -25 28 27 -28 -29 29 -31
leaf_value=-0.20507456676661967 0.34495112146650037 -0.049766939254694206 0.49805134829320014 0.22581907797427403 -0.11485177944427312 -0.00065566334974668595 0.28626946007121695 -0.15497285976074637 -0.42363839047295704 -0.040084755954457756 -0.027904022592119871 0.032073668279955461 0.35559872955679889 -0.10556336852228816 -0.37977829121053219 0.39379734627578572 -0.32411862755930704 -0.2180237641233079 0.42674688762631907 0.094557489869120992 -0.015855995189884432 0.011327129008154342 -0.051321684452399652 0.15851561803862732 0.036311597474190875 -0.0005744084607776761 -0.57803329624780797 0.38605854001912199 0.64332526516914357 0.07529928555978195
leaf_weight=60 28 21.5 20 31.5 107.5 92 27.5 30 28 33.5 32 31 25 34 27.5 23 43 70.5 29 73 34.5 1148 991 26.5 988 620.5 20.5 22 20 56
leaf_count=47 28 21 20 28 75 71 26 28 25 33 32 31 25 33 27 23 33 52 28 60 27 945 789 26 974 610 20 22 20 56
internal_value=-2.04275e-10 0.027867 0.0361124 -0.0214805 -0.0173197 -0.0202474 0.006648 -0.12623 -0.26125 0.0316846 0.0246377 0.152069 0.0320871 0.0734371 -0.193225 0.186141 -0.046134 -0.0374452 0.10178 -0.0522942 -0.186892 0.00052328 -0.0413131 -0.00793844 0.0274891 -0.00662697 -0.242716 0.0126644 0.0497736 0.22478
internal_weight=4794.5 2087 1981 2707.5 2647.5 2616 1283 106 49.5 1953 1845 108 1784 88 61 54 1333 1255.5 121 1134.5 77.5 1255.5 1064 56.5 1759 695 52.5 642.5 1064 76
internal_count=4235 2054 1954 2181 2134 2106 1046 100 46 1926 1819 107 1759 87 60 54 1060 1000 99 901 60 1020 849 54 1734 684 52 632 1050 76
is_linear=0
shrinkage=0.03


Tree=127
num_leaves=31
num_cat=0
split_feature=0 2 4 1 13 17 10 11 7 1 9 3 15 14 8 10 10 3 3 17 13 17 0 13 13 0 9 11 9 9
split_gain=3058.22 3009.72 2360.76 2343.87 1979.16 2141.74 2566.9 3750.71 3861.96 3438.27 2563.89 2452.34 3023.83 2234.92 2309.47 2196.36 2549.88 2143.57 2140.71 1823.93 2763.61 2859.36 2282.68 3194 2629.87 3469.99 2137.33 1905.07 2134.83 3576.33
threshold=369.85918811163452 9.4497252235886471 0.36458333333333343 164.46410256410289 385.00000000000006 471.50000000000006 6.126737861003452 31.644225529332104 2207.5000000000005 176.02150150322583 3260.0000000000005 8398.5000000000018 7723.5000000000009 149.50000000000003 189.26105216622452 3.1078329622722003 0.34645576153120322 13703.500000000002 3171.0000000000005 132.50000000000003 108.50000000000001 263.50000000000006 160.77599039615851 220.50000000000003 206.50000000000003 151.31701388888902 363.50000000000006 22.380521700383955 3615.5000000000005 6912.5000000000009
decision_type=8 10 10 10 10 10 8 8 8 10 10 10 10 8 10 10 10 10 8 8 8 8 10 10 8 10 10 10 8 8
left_child=1 -1 -3 -4 5 6 19 8 -8 -10 15 12 18 14 -13 16 -7 -16 -11 -5 -21 26 23 24 -23 -26 -22 -24 -29 -30
right_child=-2 2 3 4 -6 10 7 -9 9 11 -12 13 -14 -15 17 -17 -18 -19 -20 20 21 22 27 -25 25 -27 -28 28 29 -31
leaf_value=0.35210574654645693 0.28143476299617604 -0.018772909188344778 0.23944396913051605 0.21190101111127482 -0.25950013033548991 0.17180626660290108 0.33687549332777655 0.3599240400961467 -0.31185303360765632 -0.03561509534068729 -0.091401091896254436 -0.23099143753051757 -0.097929411724016258 -0.32862734727237536 -0.027200345414526324 0.0219624781232922 0.5292479060007178 0.36421017533540723 0.29628772099540657 -0.26761142678676714 0.022061223506927491 0.018371759593486785 0.086718124339908914 0.19528951659435179 -0.085953564076196573 -0.51306294812597331 0.42278347997561744 -0.065039299164042136 0.24327968368443048 -0.046362068135948738
leaf_weight=21.5 34.5 3137.5 45 31 22.5 82 36 38.5 27.5 23 43.5 25 38.5 23 34 59.5 23 20 73 39.5 25 30 162 20.5 31.5 37.5 23 423.5 61.5 102
leaf_count=19 33 2613 43 31 22 82 36 38 26 23 42 23 38 23 34 59 23 20 73 38 25 28 162 20 27 32 23 417 61 101
internal_value=1.3376e-10 -0.00203981 -0.00364668 0.0259964 0.0198234 0.0239218 0.00987731 0.0811651 0.045391 0.00564315 0.113421 0.0425613 0.126688 -0.0683708 0.00740007 0.167584 0.250103 0.117767 0.216769 -0.0145714 -0.0219152 -0.011326 -0.0237834 -0.145547 -0.216124 -0.318078 0.214074 -0.00435653 -0.0294913 0.0625857
internal_weight=4794.5 4760 4738.5 1601 1556 1533.5 1325.5 338.5 300 264 208 236.5 134.5 102 79 164.5 105 54 96 987 956 916.5 868.5 119.5 99 69 48 749 587 163.5
internal_count=4235 4202 4183 1570 1527 1505 1299 334 296 260 206 234 134 100 77 164 105 54 96 965 934 896 848 107 87 59 48 741 579 162
is_linear=0
shrinkage=0.03


Tree=128
num_leaves=31
num_cat=0
split_feature=0 13 5 11 19 2 4 3 0 2 18 2 2 9 3 11 0 18 11 6 2 0 2 3 2 12 9 12 9 11
split_gain=2896.42 1843.84 2140.87 2309.81 2846.33 2142.08 3225.41 3208.57 2758.92 2525.21 2634.23 2468.54 4841.02 3448.81 3275.14 3895.3 3109.61 2680.45 2639.41 2071.38 1920.23 1746.65 4069.83 2235.24 2094.65 3515.73 1832.28 3084.61 5924.98 5710.73
threshold=212.76845878136254 352.50000000000006 76.31587752525202 34.240900136339306 -0.040000000000000015 31.505731409572956 0.63975694444444453 9888.0000000000018 247.29850361197103 28.964458990947403 0.30500000000000005 21.482027985257805 18.147411450933706 1004.0000000000001 6115.0000000000009 24.659345303640904 259.90432254802857 0.025000000000000005 25.394643943053605 469.50000000000006 24.088951624249855 126.20953947368402 9.4497252235886471 18333.500000000004 34.415491269907555 70.500000000000014 -3780.9999999999995 43.500000000000007 -8614.9999999999982 27.403676187026054
decision_type=10 10 10 10 10 10 8 8 10 8 10 10 10 10 10 8 10 10 8 8 10 10 10 8 10 10 8 8 10 8
left_child=21 2 3 5 19 9 -7 8 -8 10 11 12 16 17 18 -16 -2 -14 -13 -5 -17 23 -23 24 -1 -26 27 28 -24 -30
right_child=1 -3 -4 4 -6 6 7 -9 -10 -11 -12 14 13 -15 15 20 -18 -19 -20 -21 -22 22 26 -25 25 -27 -28 -29 29 -31
leaf_value=-0.057681318688084605 0.128644122581767 -0.1672040211111307 0.35140960328280924 -0.15586867291945963 -0.35489339526742697 -0.057768779397010799 0.24485895388476228 0.050709925603866578 0.71477664860812096 -0.17872370143194455 0.34584431795343273 0.023020081628452645 0.72795436584949491 -0.0061976538822054866 -0.11397709821661313 0.085042765304446211 -0.26802364715214433 0.27322625855250016 -0.41114646140801703 0.16979807766584248 0.50075993925333018 0.58854267256600512 -0.19447369210422039 -0.21310087511800738 -0.068333277627825734 0.41200001180171969 -0.012627006753074987 0.016733593090533096 0.073187295282259576 0.6377733422701175
leaf_weight=424.5 46 30 24 32 24 28 23 25 22 37 31 22 20 20 45 20 29 28 29.5 39 20 10.499999999999998 24 73 32 24 3012.5 535 32 32.5
leaf_count=297 46 29 24 32 23 28 23 25 22 37 31 22 20 20 45 20 29 28 29 39 20 10 22 50 24 20 2683 478 28 31
internal_value=-1.65561e-10 0.0619767 0.0741564 0.0618455 -0.0724538 0.0904839 0.214358 0.323208 0.474596 0.0555497 0.0834663 0.0543654 0.141471 0.324786 -0.0368886 0.0774951 -0.0247341 0.462696 -0.225677 0.0230187 0.292901 -0.00877266 -0.00123527 -0.0584295 -0.0349311 0.137524 -0.00293843 0.0438729 0.207935 0.357669
internal_weight=4794.5 594.5 564.5 540.5 95 445.5 98 70 45 347.5 310.5 279.5 143 68 136.5 85 75 48 51.5 71 40 4200 3646.5 553.5 480.5 56 3636 623.5 88.5 64.5
internal_count=4235 592 563 539 94 445 98 70 45 347 310 279 143 68 136 85 75 48 51 71 40 3643 3252 391 341 44 3242 559 81 59
is_linear=0
shrinkage=0.03


Tree=129
num_leaves=31
num_cat=0
split_feature=0 2 8 7 3 3 8 9 6 11 2 7 9 9 11 12 15 6 17 5 2 9 11 16 15 6 2 15 0 5
split_gain=2837.74 2706.77 2174.32 2050.69 2692.06 3570.35 2977.29 2557.65 2326.4 2480.24 2285.13 4438.19 2480.93 4245.31 2136.75 2094.04 1949.27 1785.33 1674.59 2961.11 2899.08 4076.2 2893.88 2697.56 3384.29 2505.31 2367.44 3846.59 2289.8 2494.05
threshold=369.85918811163452 9.4497252235886471 174.47444968553452 2207.5000000000005 2417.0000000000005 2100.5000000000005 192.02446236559152 7765.5000000000009 365.50000000000006 27.715454027778254 29.993663652740004 1284.5000000000002 3837.5000000000005 1936.5000000000002 17.803309088239605 46.500000000000007 2696.666666666667 585.00000000000011 435.50000000000006 -13.344462719298006 40.141422996556457 1669.5000000000002 18.927994736919754 37.500000000000007 8447.0000000000018 403.50000000000006 35.55046810967746 7782.8333333333348 155.37797619047603 32.569858860005006
decision_type=8 10 10 8 8 10 10 10 10 10 10 10 10 8 10 8 8 10 10 10 10 8 10 8 10 8 10 8 10 10
left_child=1 -1 -3 10 5 6 -5 14 9 -8 12 -12 13 -4 -6 -9 -16 18 20 25 22 -22 -18 -21 -25 -20 28 -28 -24 -30
right_child=-2 2 3 4 7 -7 8 15 -10 -11 11 -13 -14 -15 16 -17 17 -19 19 23 21 -23 26 24 -26 -27 27 -29 29 -31
leaf_value=0.33388426265051196 0.27110015164250911 -0.016625270301052261 0.11542348179181938 -0.30023225838584561 -0.07910710498337345 -0.45146736441774571 -0.30590718129786049 0.12581822974341256 0.29765260641574859 0.14561997562012774 -0.0027094897627830505 0.50248208831338315 0.24541944675147531 -0.40453699761629103 0.3302231628998466 -0.22188218509732197 0.33630883527919647 -0.19690388020347147 -0.17631214622408151 0.014929527255205006 0.39932602128812245 -0.10475780366835269 -0.18610216482119127 0.1038747850252736 0.51507721428261244 0.12741908033833885 -0.44825665081447025 0.037073803381486366 0.062499941766700325 -0.17476804310625249
leaf_weight=21.5 34.5 3342 38 28 116 23.5 20.5 21 25 23.5 29 34 33 22.5 23 60.5 24 25.5 38 32.5 42 22 44 31 43 68.5 26.5 33 425 44
leaf_count=19 33 2811 38 26 114 23 20 21 25 23 29 34 32 22 23 58 24 25 37 32 42 21 38 31 43 68 25 32 422 44
internal_value=-1.00526e-10 -0.00196491 -0.00348876 0.0279486 0.0150335 -0.119699 -0.0393218 0.0295357 0.0665549 -0.0647506 0.130279 0.269934 0.0361802 -0.0779503 0.0422417 -0.132291 0.057509 0.0505319 0.0577553 0.130901 0.0341669 0.226047 0.0135796 0.242757 0.342817 0.0190455 5.03413e-05 -0.179082 0.0208269 0.0402403
internal_weight=4794.5 4760 4738.5 1396.5 1240 120.5 97 1119.5 69 44 156.5 63 93.5 60.5 1038 81.5 922 899 873.5 213 660.5 64 596.5 106.5 74 106.5 572.5 59.5 513 469
internal_count=4235 4202 4183 1372 1217 117 94 1100 68 43 155 63 92 60 1021 79 907 884 859 211 648 63 585 106 74 105 561 57 504 466
is_linear=0
shrinkage=0.03


Tree=130
num_leaves=31
num_cat=0
split_feature=0 2 4 16 13 14 17 9 2 5 16 0 11 9 1 0 19 14 8 19 19 16 14 5 9 6 5 12 6 7
split_gain=2670.03 2546.8 2051.63 2280.5 1857.73 2291.06 2875.43 3366.16 2596.69 3427.94 3381.21 2749.3 2481.21 3362.07 3162.19 2654.46 4510.07 2528.39 2486.35 2424.34 3099.92 2294.56 2282.32 2267.42 2177.78 2044.99 2019.61 1910.41 4413.05 3535.28
threshold=369.85918811163452 9.4497252235886471 0.36458333333333343 -354.49999999999994 385.00000000000006 94.500000000000014 351.50000000000006 2812.5000000000005 38.833341514506209 18.822094298245492 -63.499999999999993 164.72085549645405 28.989495157066305 2548.5000000000005 256.91485135802958 201.82339816933603 -0.10000000000000001 50.500000000000007 203.39652047843404 0.060000000000000032 -0.044999999999999978 259.50000000000006 117.50000000000001 24.101176404995488 -1290.4999999999998 233.50000000000003 -36.811925063350991 76.500000000000014 440.50000000000006 5293.5000000000009
decision_type=8 10 10 8 10 10 10 8 10 10 10 10 10 10 10 10 10 10 10 10 8 8 10 10 10 10 10 8 8 8
left_child=1 -1 -3 -4 5 8 -7 19 12 10 11 -10 27 14 15 18 24 25 -14 20 23 -9 -22 -8 -17 -15 -21 28 -5 -30
right_child=-2 2 3 4 -6 6 7 21 9 -11 -12 -13 13 17 -16 16 -18 -19 -20 26 22 -23 -24 -25 -26 -27 -28 -29 29 -31
leaf_value=0.32386772749035858 0.26296715736389159 -0.017485219197779657 0.32758360645310441 0.06253267269121289 -0.25062454677621521 0.41966508652235185 -0.033842805728316307 -0.14009089397543922 0.44321617196245888 0.43980490969419478 -0.25647542638778686 0.048185563748436314 -0.10567022374326532 -0.22613611296603553 -0.43502071844206913 0.01840497518171157 0.30403645169734955 0.26161205931566656 -0.38728769100887672 0.20874180398489298 0.46303368638170528 0.16930016283478053 0.1375352032618089 0.28923529318694413 -0.36250287217172705 0.15412722027820089 -0.048902206436863965 0.063856241436637179 -0.4707636038718685 -0.071446257393274995
leaf_weight=21.5 34.5 3137.5 22 129.5 22.5 21.5 60 94 20.5 25 25 70 137.5 28.5 27 35 35 40 35.5 38 47 28 33 29 22 23 98 367.5 31 56
leaf_count=19 33 2613 22 128 22 21 59 92 20 25 23 70 130 27 26 35 35 39 32 38 47 28 33 29 22 22 96 363 30 56
internal_value=1.59794e-10 -0.00190596 -0.00338409 0.0242501 0.0200238 0.0239361 0.0811437 0.0640987 0.000779453 0.121296 0.0523553 0.137668 -0.016722 -0.0760079 -0.125731 -0.0942188 0.0359825 0.0826725 -0.163459 0.117371 0.193246 -0.0690831 0.328766 0.0714298 -0.128612 -0.0563098 0.0230866 0.0222097 -0.0484835 -0.213732
internal_weight=4794.5 4760 4738.5 1601 1579 1556.5 448.5 427 1108 140.5 115.5 90.5 967.5 383.5 292 265 92 91.5 173 305 169 122 80 89 57 51.5 136 584 216.5 87
internal_count=4235 4202 4183 1570 1548 1526 443 422 1083 138 113 90 945 368 280 254 92 88 162 302 168 120 80 88 57 49 134 577 214 86
is_linear=0
shrinkage=0.03


Tree=131
num_leaves=31
num_cat=0
split_feature=0 2 16 6 4 2 10 10 8 11 11 13 15 16 14 0 19 12 12 15 3 0 5 3 15 5 6 9 13 1
split_gain=2578.95 5563.96 1843.39 2292.51 1995.92 3306.66 3052.46 2989.35 2025.43 2726.59 2093.95 2016.61 2410.38 2736.19 2363 3691.32 3496.51 2150.24 2787.7 1677.77 1677.59 1692.99 1633.89 3519.46 2948.97 2375.29 3379.26 2158.92 2128.91 1767.62
threshold=141.68444683908052 9.4497252235886471 -377.49999999999994 605.00000000000011 0.81423611111111127 33.284656508832207 11.118322337296604 -9.7281279298559973 350.95188025729857 28.384753291801655 24.939174753320604 95.500000000000014 6803.166666666667 -277.49999999999994 62.500000000000007 299.13949897048752 0.27500000000000008 48.500000000000007 60.500000000000007 3084.7500000000005 13089.500000000002 176.90730237504451 -36.811925063350991 11158.500000000002 6030.666666666667 -18.335934727971487 460.50000000000006 -262.99999999999994 370.50000000000006 239.02734110885723
decision_type=10 10 8 10 10 10 10 10 10 10 10 8 8 10 8 10 8 10 8 8 8 10 8 8 10 8 10 8 10 10
left_child=19 -2 -3 4 11 7 -7 -6 9 10 -9 12 13 -4 16 22 17 -13 -19 -1 21 -14 23 24 -16 26 -24 -28 29 -27
right_child=1 2 3 -5 5 6 -8 8 -10 -11 -12 14 20 -15 15 -17 -18 18 -20 -21 -22 -23 25 -25 -26 28 27 -29 -30 -31
leaf_value=-0.19591118607256144 0.6347118752277815 0.25301731890753693 0.26187491596891332 -0.19086987333297731 0.36159269630908969 0.55759716562926775 0.062332519463130398 0.040526669262457758 -0.25125418681651351 -0.22966557332447596 0.33206833998362223 0.15239618912102684 -0.16273470136584067 -0.16931048320399389 0.19026295224485332 0.41026629350334404 0.4236524437155042 -0.26305097584626569 0.12543551553379406 -0.025729161435809063 -0.031742807053602662 -0.52750924653785169 -0.13460810574018847 0.42079998328135559 -0.21121391069889067 0.01437660573717835 -0.053155442009801449 0.3625359388305382 -0.18002699814667211 -0.25903412161871442
leaf_weight=54 12.999999999999998 28.5 26 50 24 24 21 124 24 28 27 94.5 24.5 27 36.5 20 28 33.5 33 1511.5 26 21.5 226 26 30 2093 23 22 53.5 21.5
leaf_count=39 13 27 26 47 24 24 21 124 24 28 27 92 22 25 36 20 27 31 32 1120 24 21 212 26 27 1982 23 22 48 21
internal_value=1.3392e-10 0.0153202 0.0128164 0.0106687 0.0138805 0.091544 0.326474 0.044972 0.00753899 0.0422375 0.0926566 0.00650851 -0.111331 0.0422144 0.0118834 0.00430165 0.114237 0.0604261 -0.0702682 -0.0315994 -0.224358 -0.333227 0.00109434 0.124854 0.00914557 -0.00359929 -0.0873366 0.150071 0.00686788 0.0115966
internal_weight=4794.5 3229 3216 3187.5 3137.5 272 45 227 203 179 151 2865.5 125 53 2740.5 2551.5 189 161 66.5 1565.5 72 46 2531.5 92.5 66.5 2439 271 45 2168 2114.5
internal_count=4235 3076 3063 3036 2989 272 45 227 203 179 151 2717 118 51 2599 2417 182 155 63 1159 67 43 2397 89 63 2308 257 45 2051 2003
is_linear=0
shrinkage=0.03


Tree=132
num_leaves=31
num_cat=0
split_feature=0 2 4 8 16 16 0 1 1 8 3 4 0 6 6 3 2 16 11 0 0 0 9 10 11 7 7 19 11 16
split_gain=2496.71 2234.44 1908.2 2005.88 2318.54 2255.9 2209.4 1996.39 1844.83 1829.48 1677.27 1670.61 1480.58 1456.02 2227 3280.32 5053.32 3888.35 2436.88 3126.19 2045.77 4479.97 2255.48 2110.23 2795.36 2583.73 3607.1 2492.1 2344.41 2199.42
threshold=369.85918811163452 9.4497252235886471 0.22048611111111113 115.07915533100102 -377.49999999999994 -227.49999999999997 170.66741071428552 162.76894992727293 355.13734124637443 124.36813501144151 28316.500000000004 0.62673611111111127 104.51049741602051 113.50000000000001 384.50000000000006 4949.5000000000009 39.063467243360208 13.500000000000002 20.150497566489502 224.62511446886452 291.11250000000007 269.45300751879705 9782.0000000000018 -20.042325761884999 42.728433613560156 3756.0000000000005 2861.5000000000005 -0.014999999999999956 39.848331793238906 -55.499999999999993
decision_type=8 10 10 8 8 8 10 10 8 8 10 10 10 8 8 10 10 10 10 10 10 10 10 8 10 10 10 10 10 8
left_child=1 -1 7 -4 -5 6 -6 10 9 -7 12 -8 -3 -11 15 18 -17 -18 -15 -20 21 22 23 -16 25 26 29 -26 -27 -25
right_child=-2 2 3 4 5 8 11 -9 -10 13 -12 -13 -14 14 20 16 17 -19 19 -21 -22 -23 -24 24 27 28 -28 -29 -30 -31
leaf_value=0.30329966741938924 0.25428917760434355 -0.19587684038208752 -0.51170488907740663 0.30345143408775327 -0.36663400861952039 0.49989063978195186 0.1337993957216923 -0.29857049688379816 0.29801947798047745 -0.14282166129730356 -0.23123231528632676 -0.23090073380246756 -0.013861980347592187 0.23974192190170288 0.29046976929125579 0.070596750486250137 0.71153080894052978 0.17987967274739189 -0.035369025778025386 -0.42071827554702762 -0.25947235531277124 0.4290370457687161 -0.1751096991942479 -0.25096772905777803 0.032671271991422945 -0.021912831005506624 0.28933039415173412 -0.26231451990950194 0.18952857198137224 0.059832176760237749
leaf_weight=21.5 34.5 41 6.4999999999999991 25 27 6.9999999999999991 26 23.5 21 52 33.5 20 2119 22.5 23 429 20 32.5 120 22.5 27 22 65 22 42.5 1013.5 61.5 65.5 49.5 299
leaf_count=19 33 28 5 24 22 6 26 20 21 47 23 20 1707 22 22 416 20 32 113 22 27 22 60 21 40 958 61 56 49 293
internal_value=5.53478e-11 -0.00184306 -0.00322759 0.0146235 0.0159838 0.0130976 -0.15121 -0.0235305 0.0180602 0.0156064 -0.0205839 -0.0247659 -0.0173169 0.0141874 0.017681 0.0650371 0.104595 0.382413 -0.0504015 -0.0962136 -0.000429445 0.00377504 -0.00192448 0.00521604 0.000992783 0.0119926 0.0788558 -0.146232 -0.0120668 0.0385312
internal_weight=4794.5 4760 4738.5 2521.5 2515 2490 73 2217 2417 2396 2193.5 46 2160 2389 2337 646.5 481.5 52.5 165 142.5 1690.5 1663.5 1641.5 1576.5 1553.5 1445.5 382.5 108 1063 321
internal_count=4235 4202 4183 2405 2400 2376 68 1778 2308 2287 1758 46 1735 2281 2234 625 468 52 157 135 1609 1582 1560 1500 1478 1382 375 96 1007 314
is_linear=0
shrinkage=0.03


Tree=133
num_leaves=31
num_cat=0
split_feature=0 13 5 11 19 2 4 10 2 18 2 2 5 3 11 0 18 5 2 13 0 2 9 12 5 19 8 7 18 8
split_gain=2365.52 1674.46 1964.84 2134.09 2664.9 1930.48 2961.74 3072.24 2340.29 2475.51 2257.58 4557.13 3200.1 2986.05 3645.27 2900.45 2573.67 2460.23 1780.95 1710.32 1600.92 1881.85 1599.03 2608.58 2450.48 2203.26 4074.09 2109.2 1924.5 1934.56
threshold=212.76845878136254 352.50000000000006 76.31587752525202 34.240900136339306 -0.019999999999999993 31.505731409572956 0.63368055555555569 8.1089357113876535 28.964458990947403 0.30500000000000005 21.482027985257805 18.147411450933706 -6.9215748603894971 6115.0000000000009 24.659345303640904 259.90432254802857 0.085000000000000006 26.338175493370503 24.088951624249855 147.50000000000003 122.05476475876551 9.4497252235886471 -3780.9999999999995 32.500000000000007 29.060978203083497 0.050000000000000003 190.16090225563903 12407.500000000002 0.25500000000000006 257.92105263157902
decision_type=10 10 10 10 10 10 8 10 10 10 10 10 8 10 8 10 10 8 10 10 10 10 8 8 10 10 8 10 10 10
left_child=20 2 3 5 -5 8 -7 -8 9 10 11 15 -13 17 19 -2 -14 -12 -16 -15 -1 -22 23 27 25 26 -25 -23 -24 -30
right_child=1 -3 -4 4 -6 6 7 -9 -10 -11 13 12 16 14 18 -17 -18 -19 -20 -21 21 22 28 24 -26 -27 -28 -29 29 -31
leaf_value=-0.066148816656726631 0.11902270126601924 -0.1623910708427429 0.33322689322754739 0.0087837348639965059 -0.38095920646190645 -0.073502552830255946 0.50154085271486215 0.10945560021980388 -0.17534640109216845 0.33141161361048299 -0.021163409021165633 0.031353357918560504 0.6714548961073159 0.092355938225984563 0.079001561187207692 -0.26407243472813019 0.21066415697336197 -0.43635449854695069 0.47935863634943959 -0.27984782057404517 0.37305767297744752 0.47485956854598466 -0.24734532179371005 0.05720048348976535 -0.26764603378772733 -0.037528015306513555 0.49766435211896892 0.059336186408996586 -0.0078693827795479621 -0.30026515960693356
leaf_weight=386 46 30 24 75 20 26 35 37 37 31 27 24 24 20 20 29 20 24.5 20 25 11.999999999999998 21.5 31 343.5 25 228 20 22.5 3090 20.5
leaf_count=272 46 29 24 75 19 26 35 37 37 31 27 24 24 20 20 29 20 24 20 25 11 20 30 299 23 202 20 21 2725 20
internal_value=6.26409e-10 0.0560095 0.0676162 0.0558222 -0.0732674 0.0833498 0.200946 0.300053 0.0501859 0.0770609 0.0488503 0.132151 0.31001 -0.0384174 0.0708015 -0.0291074 0.462005 -0.218682 0.27918 -0.114424 -0.00792801 -0.00203571 -0.00321959 0.0392107 0.0232832 0.0355795 0.0814351 0.262376 -0.0121405 -0.00979644
internal_weight=4794.5 594.5 564.5 540.5 95 445.5 98 72 347.5 310.5 279.5 143 68 136.5 85 75 44 51.5 40 45 4200 3814 3802 660.5 616.5 591.5 363.5 44 3141.5 3110.5
internal_count=4235 592 563 539 94 445 98 72 347 310 279 143 68 136 85 75 44 51 40 45 3643 3371 3360 585 544 521 319 41 2775 2745
is_linear=0
shrinkage=0.03


Tree=134
num_leaves=31
num_cat=0
split_feature=0 2 8 7 3 3 8 9 6 11 2 7 9 9 11 12 15 6 17 5 2 2 9 16 15 11 6 5 0 6
split_gain=2308.89 2026.97 1787.2 1995.74 2485.14 3268.98 2762.37 2342.73 2153.63 2289.5 2121.85 4078.66 2289.12 3991.11 1964.73 1859.07 1817.44 1647.86 1582.82 2704.71 2686.81 4870.09 4209.75 2487.44 3177.05 2411.25 2365.72 2222.6 3253.1 4230.87
threshold=369.85918811163452 9.4497252235886471 174.47444968553452 2207.5000000000005 2417.0000000000005 2100.5000000000005 192.02446236559152 7765.5000000000009 365.50000000000006 27.715454027778254 29.993663652740004 1284.5000000000002 3837.5000000000005 1936.5000000000002 17.803309088239605 45.500000000000007 2696.666666666667 585.00000000000011 435.50000000000006 -13.344462719298006 38.833341514506209 36.938431203990859 -2262.9999999999995 37.500000000000007 8447.0000000000018 18.927994736919754 403.50000000000006 32.569858860005006 226.14748040313552 494.50000000000006
decision_type=8 10 10 8 8 10 10 10 10 10 10 10 10 8 10 8 8 10 10 10 10 10 8 8 10 10 8 10 10 8
left_child=1 -1 -3 10 5 6 -5 14 9 -8 12 -12 13 -4 -6 -9 -16 18 20 26 21 25 -22 -21 -25 -18 -20 28 -27 -30
right_child=-2 2 3 4 7 -7 8 15 -10 -11 11 -13 -14 -15 16 -17 17 -19 19 23 22 -23 -24 24 -26 27 -28 -29 29 -31
leaf_value=0.28885899279006688 0.24453708980394445 -0.015000862763079362 0.1135509840751949 -0.29118803245680669 -0.077597920045031812 -0.43423882180071888 -0.29592114146162823 0.12297929441928863 0.28446333117485045 0.13789681765627354 -0.00043367967009544373 0.48386361269389883 0.23667415105483749 -0.39060219220320386 0.31673437388046927 -0.20998313788778897 0.31893740616738797 -0.19105194386313942 -0.17202075472787806 0.012849018903879019 0.52512561261653901 -0.43536517504342764 0.054442765360870275 0.096196214018329493 0.49460980676634364 -0.0090322586394125416 0.1231277817335442 -0.1901928938527902 0.041816220031334804 0.4548234049011679
leaf_weight=21.5 34.5 3342 38 28 116 23.5 20.5 20 25 23.5 29 34 33 22.5 23 61.5 24 25.5 38 32.5 24 21.5 59.5 31 43 387.5 68.5 45 65 34
leaf_count=19 33 2811 38 26 114 23 20 20 25 23 29 34 32 22 23 59 24 25 37 32 24 20 58 31 43 378 68 45 65 34
internal_value=2.10691e-10 -0.00177238 -0.00309106 0.0254106 0.0126697 -0.116781 -0.039871 0.0266035 0.0621127 -0.0642229 0.126361 0.260933 0.0356859 -0.073944 0.0387639 -0.128275 0.0534038 0.0466668 0.0536065 0.12472 0.0306735 0.00765601 0.189729 0.231623 0.327707 0.0248026 0.0178166 0.0115209 0.0301789 0.183657
internal_weight=4794.5 4760 4738.5 1396.5 1240 120.5 97 1119.5 69 44 156.5 63 93.5 60.5 1038 81.5 922 899 873.5 213 660.5 577 83.5 106.5 74 555.5 106.5 531.5 486.5 99
internal_count=4235 4202 4183 1372 1217 117 94 1100 68 43 155 63 92 60 1021 79 907 884 859 211 648 566 82 106 74 546 105 522 477 99
is_linear=0
shrinkage=0.03


Tree=135
num_leaves=31
num_cat=0
split_feature=0 2 16 6 13 12 4 15 6 18 3 17 14 18 3 0 17 11 15 5 16 9 8 10 5 3 17 3 2 10
split_gain=2232.4 4838.03 1622.61 2075.79 1788.57 2988.31 4967.41 1968.1 2331.93 1766.82 3056.26 3529.73 3007.45 2420.13 2613.75 2100.41 7095.08 6230.28 1874.7 2897.64 2343.01 1870.49 1810.81 1844.68 2955.8 1672.12 1578.47 1718.01 2757.02 2973.63
threshold=141.68444683908052 9.4497252235886471 -377.49999999999994 605.00000000000011 95.500000000000014 23.500000000000004 0.38715277777777779 6888.8333333333348 476.50000000000006 1.0000000180025095e-35 3171.0000000000005 268.50000000000006 90.500000000000014 0.085000000000000006 9939.5000000000018 239.40361842105253 416.50000000000006 18.147411450933706 3148.666666666667 -24.500420321637502 1.0000000180025095e-35 -74.499999999999986 185.68428634751754 3.9079888026654008 9.7678728070180103 28316.500000000004 625.50000000000011 5599.5000000000009 17.570165406698752 -7.9414933733899522
decision_type=10 10 8 10 8 8 8 8 8 10 10 10 10 10 10 10 10 10 8 10 10 8 10 10 10 10 10 8 10 8
left_child=-1 -2 -3 4 7 6 -6 8 -4 10 -7 -12 -13 14 -11 18 17 -17 19 -15 22 -19 23 24 -21 26 27 28 -20 -30
right_child=1 2 3 -5 5 9 -8 -9 -10 13 11 12 -14 15 -16 16 -18 21 25 20 -22 -23 -24 -25 -26 -27 -28 -29 29 -31
leaf_value=-0.029399716436591668 0.59182808487165639 0.23727672351034063 -0.10980901255582769 -0.18187198316641151 0.47407845791648412 -0.16773312628269194 0.011995150982786756 -0.19186019756473027 0.28223078695210541 -0.32828765533291371 0.56334322865520203 -0.18509017771482467 0.28984044350869953 0.32375465833023187 0.05569421966870626 0.74692028863728044 -0.20249627306491513 0.32165559005737299 0.15387243095656919 -0.072991024520662098 -0.24560188166300456 0.0047709403932094576 -0.065278285297941649 0.40692532539367676 0.33688744030319728 -0.23297932596640153 0.21325582515625727 0.014786517480580529 -0.25257651192220776 -0.038378682444948124
leaf_weight=1565.5 12.999999999999998 28.5 36 50 34 22 54.5 78 22 39 21 20 30 40 27 20 39.5 30 58 40.5 22.5 38 47 21.5 26 27.5 31.5 1744 66 502
leaf_count=1159 13 27 34 47 33 22 52 73 22 39 21 20 30 39 27 20 39 30 56 38 20 38 47 21 26 24 31 1649 60 478
internal_value=-4.92637e-12 0.0142537 0.011919 0.00990403 0.0129602 0.0177817 0.189519 -0.0934496 0.0388957 0.0125642 0.14122 0.236952 0.0998682 0.00832126 -0.171204 0.0126236 0.131535 0.28147 0.00685119 0.0957362 0.0378267 0.144573 0.0850648 0.165362 0.0872622 -0.000375971 0.00228761 -0.000516397 -0.0431494 -0.0632679
internal_weight=4794.5 3229 3216 3187.5 3137.5 3001.5 88.5 136 58 2913 93 71 50 2820 66 2754 127.5 88 2626.5 197.5 157.5 68 135 88 66.5 2429 2401.5 2370 626 568
internal_count=4235 3076 3063 3036 2989 2860 85 129 56 2775 93 71 50 2682 66 2616 127 88 2489 191 152 68 132 85 64 2298 2274 2243 594 538
is_linear=0
shrinkage=0.03


Tree=136
num_leaves=31
num_cat=0
split_feature=0 2 4 3 3 7 6 18 2 3 9 17 16 19 4 3 2 19 2 5 10 11 19 12 18 14 11 18 11 12
split_gain=2143.26 1769.08 1648.18 1887.2 2008.01 3456.07 3553.12 2492.69 1963.29 1935.89 1596.75 2334.5 3146.85 3303.59 3251.32 3099.14 3132.44 2921.59 2554.39 2298.94 4230.81 4622.5 2788.04 2524.44 2322.82 2175.98 3187.36 6201 2167.76 2602.5
threshold=369.85918811163452 9.4497252235886471 0.10850694444444446 865.50000000000011 2417.0000000000005 970.00000000000011 361.50000000000006 0.44500000000000006 33.765734042817009 654.00000000000011 -331.49999999999994 550.50000000000011 -62.499999999999993 -0.059999999999999963 0.39062500000000006 18617.000000000004 46.470656550524907 0.22000000000000008 23.308761686209504 -32.609039333193998 6.9536409753977493 29.116462337239604 -0.07999999999999996 58.500000000000007 0.88500000000000012 43.500000000000007 26.360303599066555 0.66500000000000015 37.285090240804358 23.500000000000004
decision_type=8 10 10 8 8 8 10 10 10 10 10 10 10 8 10 10 10 10 10 8 10 10 8 8 10 10 8 10 10 8
left_child=1 -1 -3 9 5 -5 7 -7 -9 -4 11 12 15 14 -14 16 19 -15 -13 20 21 -6 23 -21 25 26 -24 -28 29 -12
right_child=-2 2 3 4 10 6 -8 8 -10 -11 28 18 13 17 -16 -17 -18 -19 -20 22 -22 -23 24 -25 -26 -27 27 -29 -30 -31
leaf_value=0.26980642085851625 0.23560306196627406 -0.032163525685539027 0.060156797518953684 0.25227273123300803 0.65532502207905052 -0.45799959679291802 0.02107373972616252 -0.017541730626598816 -0.32016231067145046 0.36033017873764039 0.17073365461567172 -0.085551563501358036 -0.29619294739961621 0.040435435827698138 0.016120469650626183 0.40430049073696134 0.40124181786044077 -0.23705979526817023 0.29865879038398241 -0.076170316860079759 -0.1219397582026089 0.087941161138670787 0.022329141384506802 0.16013854397650071 0.13140466738246873 0.04257270668561642 -0.40175079152100063 -0.023623145960626146 -0.087384297715171297 -0.0048914442374857507
leaf_weight=21.5 34.5 1271 80 24.5 24 32.5 84.5 45.5 33.5 25.5 80.5 21.5 75 302 50 22.5 22 38.5 56.5 52 25.5 28 124.5 187 83.5 175.5 66.5 94.5 272 1340
leaf_count=19 33 986 76 24 24 32 78 42 29 25 76 20 64 276 50 21 22 33 54 50 24 27 122 183 71 164 61 81 241 1227
internal_value=2.02795e-11 -0.00170763 -0.00293957 0.00777237 0.00385179 -0.0836606 -0.125652 -0.236848 -0.145868 0.132711 0.00999424 0.0331097 0.024027 -0.0393636 -0.171268 0.0566149 0.0477554 0.00905932 0.192755 0.0387232 0.19459 0.349811 0.0233057 0.108724 -0.0141874 -0.0405582 -0.0916597 -0.179806 -0.00979557 0.00506126
internal_weight=4794.5 4760 4738.5 3467.5 3362 220.5 196 111.5 79 105.5 3141.5 1449 1371 465.5 125 905.5 883 340.5 78 861 77.5 52 783.5 239 544.5 461 285.5 161 1692.5 1420.5
internal_count=4235 4202 4183 3197 3096 205 181 103 71 101 2891 1347 1273 423 114 850 829 309 74 807 75 51 732 233 499 428 264 142 1544 1303
is_linear=0
shrinkage=0.03


Tree=137
num_leaves=31
num_cat=0
split_feature=0 2 15 3 0 2 7 16 6 13 12 4 15 16 18 3 17 14 18 3 0 14 19 14 12 19 6 18 1 19
split_gain=2079.42 4422.63 1573.09 1552.81 2050.11 1866.13 2751.47 1516.61 1957.99 1684.65 2739.38 4652.8 1829.93 2196.67 1636.13 2819.09 3326.38 2813.68 2278.87 2456.52 1976.42 1793.93 5606.6 2650.4 2482.36 2881.82 2437.42 2901.17 1984.62 2364.06
threshold=141.68444683908052 9.4497252235886471 3084.7500000000005 6943.5000000000009 104.51049741602051 34.306553405476102 5747.5000000000009 -377.49999999999994 605.00000000000011 95.500000000000014 23.500000000000004 0.38715277777777779 6888.8333333333348 -277.49999999999994 1.0000000180025095e-35 3171.0000000000005 268.50000000000006 90.500000000000014 0.085000000000000006 9939.5000000000018 269.45300751879705 60.500000000000007 0.27500000000000008 51.500000000000007 51.500000000000007 -0.18499999999999994 487.50000000000006 0.49500000000000005 173.30766841805175 0.020000000000000014
decision_type=10 10 8 8 10 8 8 8 10 8 8 8 8 10 10 10 10 10 10 10 10 8 8 10 8 8 8 10 8 10
left_child=2 -2 -1 5 -5 -4 -7 -3 9 12 11 -11 13 -9 15 -12 -17 -18 19 -16 21 22 23 -20 25 -23 28 -28 29 -27
right_child=1 7 3 4 -6 6 -8 8 -10 10 14 -13 -14 -15 18 16 17 -19 20 -21 -22 24 -24 -25 -26 26 27 -29 -30 -31
leaf_value=-0.18747747583521737 0.56597906057651226 0.22939750175727039 -0.0057894737324408483 -0.25938781261444088 -0.033677793357510741 -0.039551060387962744 0.30214546032249928 0.20918935818928142 -0.17667869170010089 0.45705330732990712 -0.16068914310498672 0.0098424013820263227 -0.18562091877827275 -0.16094086766242982 -0.31834737132948177 0.54482704809733795 -0.18072511321306228 0.27865051218867304 -0.084219883785557906 0.053906365500556094 0.23632089824335917 -0.29709514502684276 0.53586490509357865 0.19525622238333409 0.014700419876545547 0.070372036712378558 -0.36811527134666977 -0.04376990076628598 0.1492999828332349 -0.25731866102054046
leaf_weight=54 12.999999999999998 28.5 329 37.5 1059 38 48 31 50 34 22 54.5 78 27 39 21 20 30 74 27 35 45 23.5 52 2248.5 48.5 35.5 82.5 76 33.5
leaf_count=39 13 27 248 27 775 27 43 31 47 33 22 52 73 25 39 21 20 30 70 27 35 40 23 51 2137 46 33 77 76 28
internal_value=-7.8822e-11 0.0137567 -0.0283745 -0.0226904 -0.041397 0.0267357 0.151163 0.0115244 0.00957639 0.0125446 0.0172239 0.181652 -0.0907277 0.0368874 0.0122284 0.136035 0.227977 0.0949003 0.00814546 -0.166062 0.0123204 0.00943694 0.110461 0.0311195 0.00355912 -0.074482 -0.0381864 -0.141348 0.0388587 -0.0635016
internal_weight=4794.5 3229 1565.5 1511.5 1096.5 415 86 3216 3187.5 3137.5 3001.5 88.5 136 58 2913 93 71 50 2820 66 2754 2719 149.5 126 2569.5 321 276 118 158 82
internal_count=4235 3076 1159 1120 802 318 70 3063 3036 2989 2860 85 129 56 2775 93 71 50 2682 66 2616 2581 144 121 2437 300 260 110 150 74
is_linear=0
shrinkage=0.03


Tree=138
num_leaves=31
num_cat=0
split_feature=0 2 15 2 18 5 9 2 18 5 8 3 11 11 10 7 4 14 0 5 5 11 13 10 17 3 14 19 19 15
split_gain=2004.45 2780.32 2012.01 1939.43 1777.37 1697.68 1694.33 2084.74 4075.85 3271.51 2797.22 2523.85 3864.96 1921.82 1758.23 2534.34 3855.58 2097.48 1875.77 1669.8 1612.97 1558.06 1530.02 1547.46 1525.02 1360.93 1346.55 1322.84 1620.24 1308.84
threshold=160.77599039615851 43.944724492202305 2482.3333333333335 11.853569291887402 0.54500000000000015 2.1463635276989881 -486.99999999999994 33.659780504602104 0.64500000000000013 -28.744646897219997 110.12998670212751 11696.500000000002 30.777477009373655 27.898097281659155 12.035090885341601 2730.0000000000005 0.24826388888888892 46.500000000000007 144.53145057766403 -15.565754067584491 -73.855433105206728 38.999286983256859 262.50000000000006 -3.3260705534174497 291.50000000000006 5855.5000000000009 36.500000000000007 0.32500000000000012 0.24500000000000008 2343.2500000000005
decision_type=10 10 8 10 8 10 10 10 10 8 8 8 10 8 8 10 10 8 8 8 8 10 10 10 8 10 10 10 10 8
left_child=2 3 -1 -2 -4 19 7 10 -9 -10 -6 12 13 -11 15 16 -8 26 -16 -3 -5 22 -12 -24 -19 -7 -17 28 -26 -22
right_child=1 5 4 20 6 25 14 8 9 11 21 -13 -14 -15 18 17 -18 24 -20 -21 29 -23 23 -25 27 -27 -28 -29 -30 -31
leaf_value=-0.18881908655166627 0.27801029933350424 -0.057022411407426345 0.21086696968192145 0.24861740161632667 -0.28192586847452017 -0.15360220298171043 0.0044750501539396201 -0.20832590447230773 0.51138807133930486 0.20231671424139114 0.012567932759620136 -0.14674332612439206 0.014333254668250013 0.56302551642708154 -0.076349325069359361 -0.083817842440171667 0.40117863568252526 0.10528266601941802 -0.39207690223166719 -0.40854856878519058 0.13522549131895575 0.19602773651270797 -0.17715611436787773 -0.010560756037429887 -0.043513140593283074 0.14143685207052048 -0.34716093767434358 -0.23493418466477167 0.208673746027845 0.017736810447156234
leaf_weight=60 28 21.5 31.5 29 32.5 30 92 33 20.5 31.5 804 28.5 67 23 52.5 38.5 29 66 25 28 89.5 35.5 85 122.5 943 26.5 32 31.5 23.5 1834.5
leaf_count=47 28 21 28 29 22 28 71 28 20 27 656 23 55 21 39 30 28 54 21 25 89 31 65 98 748 26 22 26 21 1808
internal_value=-6.23988e-11 0.0220938 -0.0170304 0.0301035 -0.0131371 -0.127597 -0.0158344 0.0087751 0.0968521 0.155919 -0.00782858 0.107338 0.166937 0.354542 -0.0395209 -0.0309606 0.0995528 -0.0448805 -0.178197 -0.255865 0.0265493 0.000679695 -0.00617632 -0.0788046 -0.0343805 -0.0152211 -0.203349 -0.0436167 -0.0373813 0.0232021
internal_weight=4794.5 2087 2707.5 1981 2647.5 106 2616 1283 203.5 170.5 1079.5 150 121.5 54.5 1333 1255.5 121 1134.5 77.5 49.5 1953 1047 1011.5 207.5 1064 56.5 70.5 998 966.5 1924
internal_count=4235 2054 2181 1954 2134 100 2106 1046 174 146 872 126 103 48 1060 1000 99 901 60 46 1926 850 819 163 849 54 52 795 769 1897
is_linear=0
shrinkage=0.03


Tree=139
num_leaves=31
num_cat=0
split_feature=0 8 11 11 17 0 1 7 7 17 15 1 19 5 7 7 9 2 13 6 7 8 6 6 17 13 7 7 13 3
split_gain=2017.19 1514.99 1779.68 3986.58 2965.35 3317.48 2732.35 2237.25 3427.21 3185.65 2951.85 2845.88 2337.96 2324.54 2186.17 3209.2 2901.26 2250.95 2250.99 2156.04 2111.82 1664.01 1663.36 3059.41 1948.13 2340.47 2160.81 3219.74 1637.99 1604.95
threshold=369.85918811163452 178.56562109862702 34.240900136339306 32.763590106382509 437.50000000000006 201.82339816933603 256.91485135802958 2104.5000000000005 4516.0000000000009 383.50000000000006 4108.3333333333339 222.12447852185036 0.14000000000000007 43.055420853680012 4970.5000000000009 5551.0000000000009 699.50000000000011 39.367718780857906 196.50000000000003 359.50000000000006 4085.0000000000005 209.90919384057955 508.50000000000006 558.50000000000011 485.50000000000006 361.50000000000006 10223.500000000002 6921.0000000000009 205.50000000000003 1175.0000000000002
decision_type=8 10 10 8 10 10 10 8 8 10 10 10 10 10 8 10 10 10 8 10 10 10 10 10 8 8 10 10 10 10
left_child=1 -1 3 7 6 -6 14 9 11 10 -3 20 13 22 19 -16 17 18 -17 -4 28 -5 24 -24 -10 -26 27 29 -9 -27
right_child=-2 2 4 21 5 -7 -8 8 12 -11 -12 -13 -14 -15 15 16 -18 -19 -20 -21 -22 -23 23 -25 25 26 -28 -29 -30 -31
leaf_value=-0.011833431221298591 0.22856865032859472 0.11668227176806506 -0.027651018320333839 0.15095038486929499 -0.0079016615395192755 0.46433609966933725 -0.40577363222837448 -0.072925545756633459 0.0057579496325924984 -0.15163825196879252 0.52250141693995544 -0.35569039547195036 -0.025816192357570926 -0.20000436499714849 -0.44382556584287197 0.17419483407683994 -0.27381933491230009 0.31733567240761545 -0.21618471651914573 0.33106544527896614 -0.2744097410202026 0.45564436032221867 0.49692325655221936 -0.00088441005349159242 0.3661738875508308 0.016304891862367329 0.25506342471862326 -0.24627898204326631 0.23448189239089304 0.33828149101950905
leaf_weight=3496 34.5 42.5 50.5 42.5 40.5 20 22 39 160 21 26 36 285.5 24 23.5 23 37.5 20.5 31.5 21.5 25 26 25 20 36 38 49 30 26 22
leaf_count=2958 33 42 50 42 40 20 21 37 160 21 26 36 280 24 21 23 35 20 29 21 24 26 25 20 36 38 49 30 26 22
internal_value=1.70791e-10 -0.00165664 0.0264906 0.0459362 -0.0386742 0.14821 -0.0878329 0.029234 0.0136078 0.171616 0.270716 -0.130259 0.0398982 0.0863375 -0.0542046 -0.124971 -0.0583661 0.0493606 -0.0514374 0.0794657 -0.0400868 0.266601 0.104422 0.275675 0.0814181 0.150593 0.0947591 0.00748232 0.0500374 0.134363
internal_weight=4794.5 4760 1264 973.5 290.5 60.5 230 905 815.5 89.5 68.5 126 689.5 404 208 136 112.5 75 54.5 72 90 68.5 380 45 335 175 139 90 65 60
internal_count=4235 4202 1244 964 280 60 220 896 807 89 68 123 684 404 199 128 107 72 52 71 87 68 380 45 335 175 139 90 63 60
is_linear=0
shrinkage=0.03


Tree=140
num_leaves=31
num_cat=0
split_feature=0 0 2 3 2 3 5 7 6 0 8 12 2 1 4 3 4 6 6 6 1 6 15 4 17 10 6 0 1 9
split_gain=1897.97 1479.38 1962.59 2057.79 1523.06 1960.83 2763.84 2413.94 1610 1340.87 2750.97 4421.57 1273.67 1670.83 1248.97 1266.47 1242.65 1222.09 1220.83 1211.2 1316 2592.2 1915.98 1832.02 2120.62 2003.57 2367.15 2984.24 2252.81 1955.41
threshold=369.85918811163452 128.83143939393904 11.853569291887402 6814.5000000000009 27.486937559606755 17915.000000000004 1.2117131745774972 8920.5000000000018 392.50000000000006 329.50443722943709 300.12099479467906 38.500000000000007 24.993279616806355 132.77348955253308 0.97048611111111127 29445.000000000004 0.14756944444444448 400.50000000000006 95.000000000000014 682.50000000000011 213.90954831269366 250.50000000000003 1425.5000000000002 0.70225694444444453 332.50000000000006 -5.0507044494828497 327.50000000000006 244.23669024571851 236.76535363566137 2812.5000000000005
decision_type=8 10 10 10 10 8 8 10 10 10 10 10 8 8 10 10 10 10 8 10 10 8 10 10 8 10 10 10 10 8
left_child=1 4 3 -3 12 6 7 8 -6 10 14 -12 16 -14 15 18 -1 -9 -4 20 -20 -22 -23 24 -24 -25 28 -28 -27 -30
right_child=-2 2 9 -5 5 -7 -8 17 -10 -11 11 -13 13 -15 -16 -17 -18 -19 19 -21 21 22 23 25 -26 26 27 -29 29 -31
leaf_value=-0.071248605315611779 0.22171157899110214 0.35660064604775654 -0.15828633259709288 -0.016835867190847592 -0.20495800097783407 -0.19732371377803029 0.35552730618690953 0.27891576477197499 0.051861187038542346 -0.19713022875785827 0.47328145265579225 -0.11074999326467513 -0.070186652730890475 -0.36189858388900753 -0.18233952554789457 -0.18207725121216339 0.11326464953487866 0.030546149000336854 0.0014564207601028894 -0.21318522373835244 0.29765328845462286 0.27809811529186035 -0.13686158577709095 -0.18278991366044067 0.18784473967552184 -0.29764181982725857 0.018073746711015699 0.38588538249333698 0.19183500000408718 -0.18148603335670802
leaf_weight=328.5 34.5 29 41 24.5 49.5 31.5 24.5 32.5 39.5 30 28 20 43 30 33 33 36.5 39.5 3428.5 22.5 37 27 23 58.5 85 32 75 27 28 23
leaf_count=223 33 29 36 21 34 22 19 26 29 30 28 20 29 20 33 25 28 29 3085 21 37 27 23 58 85 32 75 27 28 23
internal_value=2.58229e-11 -0.00160694 0.00507376 0.185588 -0.0434761 0.0215168 0.0586784 0.0135058 -0.0909765 0.00269008 0.00418072 0.229935 -0.0756758 -0.190068 0.0014536 0.00299279 -0.0527973 0.142657 0.00455576 0.00628252 0.00756713 0.0579896 0.0345615 0.0158546 0.118694 -0.0297582 0.018633 0.115436 -0.100329 0.0234745
internal_weight=4794.5 4760 4105 53.5 655 217 185.5 161 89 4051.5 4021.5 48 438 73 3973.5 3940.5 365 72 3907.5 3866.5 3844 415.5 378.5 351.5 108 243.5 185 102 83 51
internal_count=4235 4202 3743 50 459 159 137 118 63 3693 3663 48 300 49 3615 3582 251 55 3557 3521 3500 415 378 351 108 243 185 102 83 51
is_linear=0
shrinkage=0.03


Tree=141
num_leaves=31
num_cat=0
split_feature=0 2 6 4 1 8 16 16 0 6 3 2 16 6 11 7 12 12 9 6 8 12 17 2 2 9 11 14 18 12
split_gain=1785.8 1414.16 1432.41 1515.36 1905.5 1880.24 1933.19 2026.45 2004 1691.5 3348.58 4047.93 3234.57 3202.73 2565.52 1818.93 3154.71 2888.87 2795.77 2516.36 3544.85 2448.45 3653.74 2992.43 3328.69 2498.39 2354.76 2280.25 2212.69 3216.65
threshold=369.85918811163452 9.4497252235886471 95.000000000000014 0.22048611111111113 162.76894992727293 110.12998670212751 -377.49999999999994 -227.49999999999997 170.66741071428552 384.50000000000006 4949.5000000000009 40.40973105076916 192.50000000000003 355.50000000000006 38.773712489866362 6997.5000000000009 112.50000000000001 46.500000000000007 3900.0000000000005 479.50000000000006 198.62941919191903 40.500000000000007 347.50000000000006 39.871500889477254 36.087221337871505 8567.5000000000018 42.728433613560156 127.50000000000001 0.54500000000000015 66.500000000000014
decision_type=8 10 8 10 10 8 8 8 10 8 8 10 8 10 8 10 10 10 10 10 10 10 10 10 10 8 10 10 10 10
left_child=1 -1 -3 4 -4 -5 -7 8 -8 10 13 14 -13 -9 -12 16 17 19 28 26 -21 23 -23 24 25 -17 -11 -20 29 -19
right_child=-2 2 3 5 -6 6 7 9 -10 15 11 12 -14 -15 -16 21 -18 18 27 20 -22 22 -24 -25 -26 -27 -28 -29 -30 -31
leaf_value=0.24119656504586684 0.21506022847217063 -0.15417344413848744 -0.016109367762648361 -0.63472049474716186 -0.28770753736191607 0.27870553536415099 -0.34730377886030406 -0.14784860508839287 -0.021714403661696809 0.060636137204930329 0.044435001787699373 0.14179938148049748 0.65142390918731685 0.1528108268239525 0.26604079532173447 -0.057351573614111868 0.34091555551208297 -0.37597151131679613 -0.29575187063608016 0.06372670377294222 0.57441213834285743 0.19171202818668168 -0.022875176896495996 0.15948135422760401 -0.39873615876488061 -0.37195024316310882 -0.18359438975136 0.073374518036842348 0.1027844064601577 0.010264092521822969
leaf_weight=21.5 34.5 55.5 2174 3.9999999999999991 23.5 25 27 112.5 46 460.5 416.5 25.5 20 44.5 53 249 29 27 61 31.5 20 86 421 38.5 34.5 25 38.5 20 101 69
leaf_count=19 33 47 1743 3 20 24 22 104 46 448 405 25 20 44 51 234 29 26 56 30 20 84 395 37 31 22 35 20 94 68
internal_value=7.96247e-11 -0.00155873 -0.00266019 -0.000864548 -0.0190138 0.0151817 0.0162293 0.0135581 -0.142138 0.0183266 0.058659 0.0956344 0.36581 -0.0626298 0.0694512 0.00249063 0.0333546 0.0225891 -0.0562416 0.0623982 0.262051 -0.0284999 0.0135242 -0.089901 -0.121023 -0.0860558 0.0417927 -0.20461 0.00476252 -0.0983647
internal_weight=4794.5 4760 4738.5 4683 2197.5 2485.5 2481.5 2456.5 73 2383.5 672 515 45.5 157 469.5 1711.5 857.5 828.5 278 550.5 51.5 854 507 347 308.5 274 499 81 197 96
internal_count=4235 4202 4183 4136 1763 2373 2370 2346 68 2278 649 501 45 148 456 1629 826 797 264 533 50 803 479 324 287 256 483 76 188 94
is_linear=0
shrinkage=0.03


Tree=142
num_leaves=31
num_cat=0
split_feature=0 2 15 19 4 3 1 16 6 13 12 5 16 12 14 14 18 3 12 3 18 3 0 17 11 9 15 5 16 14
split_gain=1722.09 3762.88 1405.78 1426.92 2956.13 1366 1358.4 1337.72 1812.48 1568.13 1724.34 3577.5 2462.32 1834.58 1589.3 1564.1 1574.15 2671.16 3246.63 4950.59 2391.82 2106.78 1751.8 6517.05 5325.96 2129.2 1708.36 2798.91 2146.87 1659.11
threshold=141.68444683908052 9.4497252235886471 3084.7500000000005 0.35500000000000015 0.36458333333333343 28316.500000000004 167.65115728024395 -377.49999999999994 605.00000000000011 67.500000000000014 23.500000000000004 18.822094298245492 -79.499999999999986 18.500000000000004 25.500000000000004 36.500000000000007 1.0000000180025095e-35 3171.0000000000005 59.500000000000007 8920.5000000000018 0.085000000000000006 9939.5000000000018 239.40361842105253 416.50000000000006 18.147411450933706 -74.499999999999986 3148.666666666667 -24.500420321637502 1.0000000180025095e-35 45.500000000000007
decision_type=10 10 8 10 10 10 10 8 10 8 8 10 10 10 10 8 10 10 10 10 10 10 10 10 10 8 8 10 10 8
left_child=2 -2 -1 4 6 7 -4 -3 9 14 11 12 13 -11 -9 -12 17 -17 19 -19 21 -18 26 24 -24 -26 27 -22 -29 -28
right_child=1 5 3 -5 -6 -7 -8 8 -10 10 15 -13 -14 -15 -16 16 20 18 -20 -21 22 -23 23 -25 25 -27 29 28 -30 -31
leaf_value=-0.17622630712058807 0.52188922790380621 0.21692111212956278 -0.017848312988516024 -0.22704802351482845 0.2918049927624789 -0.19631188130790467 -0.21702318916718163 0.0016734229011482066 -0.16872516603749244 -0.27033601758431414 0.23171044374334401 0.4862203989710126 0.24495183550955163 0.08980185000401622 -0.26746447472505164 -0.1582638658176769 -0.31307605835107655 0.71187610524041312 -0.040628133085038924 0.08115038231015205 0.31416597886383529 0.035556896374775812 0.67751921496221001 -0.20303984777836859 0.31638609631407644 -0.018641842509570874 -0.21983763675535878 0.078500580923742985 -0.23819216680526734 0.0010597520107021466
leaf_weight=54 12.999999999999998 28.5 1423 29.5 27.5 28.5 31.5 44.5 50 24.5 29 21 34.5 26.5 35.5 22 39 21 27 24 40 26 21 39.5 31 38 31 134 22.5 2377.5
leaf_count=39 13 27 1048 23 25 25 24 42 47 23 29 21 34 25 33 22 39 21 27 24 39 26 21 39 31 38 29 131 20 2250
internal_value=1.53541e-10 0.012519 -0.0258217 -0.0204483 -0.0163359 0.01046 -0.0221618 0.0123088 0.0104628 0.0133446 0.0168071 0.13538 0.0492088 -0.0832056 -0.117757 0.0124861 0.010289 0.131045 0.219445 0.375489 0.00623429 -0.173623 0.0105096 0.118204 0.259194 0.131878 0.00515585 0.0902107 0.0329697 -0.00178344
internal_weight=4794.5 3229 1565.5 1511.5 1482 3216 1454.5 3187.5 3159 3109 3029 106.5 85.5 51 80 2922.5 2893.5 94 72 45 2799.5 65 2734.5 129.5 90 69 2605 196.5 156.5 2408.5
internal_count=4235 3076 1159 1120 1097 3063 1072 3038 3011 2964 2889 103 82 48 75 2786 2757 94 72 45 2663 65 2598 129 90 69 2469 190 151 2279
is_linear=0
shrinkage=0.03


Tree=143
num_leaves=31
num_cat=0
split_feature=0 0 8 12 3 0 2 2 7 3 3 15 17 8 8 1 3 1 13 11 10 10 2 1 4 17 13 17 5 13
split_gain=1641.09 1389.22 2403.39 3717.41 1256.19 1267.77 3349.69 1480.87 1691.17 1772.33 1699.33 1775.94 1672.24 1126.79 1259.08 1349.41 2056.79 1463.54 3464.18 1374.42 1162.1 1389.37 1125.72 1616.85 1177.74 1049.26 1574.72 2389.56 1924.95 1722.03
threshold=369.85918811163452 329.50443722943709 300.12099479467906 38.500000000000007 29445.000000000004 128.83143939393904 9.4497252235886471 27.486937559606755 8920.5000000000018 12278.000000000002 2802.5000000000005 5965.8333333333348 358.50000000000006 280.60043859649153 270.43178973717153 266.67371958967323 7400.5000000000009 249.78050073099419 167.50000000000003 53.729031279885305 -20.042325761884999 -18.447211886895897 24.993279616806355 132.77348955253308 0.14756944444444448 659.50000000000011 378.50000000000006 568.50000000000011 -13.798290547708509 334.50000000000006
decision_type=8 10 10 10 10 10 10 10 10 8 10 10 10 10 10 10 8 10 10 10 8 8 8 8 10 10 10 10 10 10
left_child=1 2 4 -4 5 7 -7 22 10 12 -9 -12 -10 14 15 17 -17 19 -19 20 -8 -22 24 -24 -1 26 27 29 -29 -23
right_child=-2 -3 3 -5 -6 6 13 8 9 -11 11 -13 -14 -15 -16 16 -18 18 -20 -21 21 25 23 -25 -26 -27 -28 28 -30 -31
leaf_value=-0.06828469093991528 0.20616235131802765 -0.19849437139928341 0.42585200194654793 -0.10579779442772269 -0.17528618381023406 0.4455392069970408 0.18024867485551271 -0.26201059831513301 0.075593301395200332 -0.012725058505029389 0.15453223429075102 -0.11497395451445329 0.42128364071249957 -0.14998249819173531 0.21754515280723571 -0.031617883606390514 0.38346015436308722 -0.44173797774453494 0.093732797774401577 -0.20167018421765029 -0.20646852698443191 0.006187541098496575 -0.059169084361518721 -0.34825301837921141 0.11138639100610394 0.18860442507479871 -0.17622487468774928 0.42342835128307343 0.083579952647909517 -0.1236007595109561
leaf_weight=327 34.5 32 29 20 37.5 15.499999999999998 34 27 26.5 49.5 41 47.5 24 42.5 25 22 21 21.5 22 29 28 3485 41.5 30 36.5 28 43 20 60 94.5
leaf_count=222 33 32 29 20 28 15 33 19 20 35 31 33 20 42 25 22 21 21 22 25 26 3168 28 20 28 27 37 20 54 79
internal_value=-2.42613e-10 -0.00149424 -0.00016091 0.208852 -0.00234976 -0.000952559 0.00537732 -0.0397881 0.0245216 0.114841 -0.0536773 0.00988202 0.239882 0.00366118 0.00532145 0.00396383 0.171095 0.00210442 -0.170925 0.00407401 0.00564727 0.0040678 -0.0716474 -0.180463 -0.0502434 0.00564802 0.00426442 0.00638521 0.168542 0.00276109
internal_weight=4794.5 4760 4728 49 4679 4641.5 3991 650.5 215.5 100 115.5 88.5 50.5 3975.5 3933 3908 43 3865 43.5 3821.5 3792.5 3758.5 435 71.5 363.5 3730.5 3702.5 3659.5 80 3579.5
internal_count=4235 4202 4170 49 4121 4093 3637 456 158 75 83 64 40 3622 3580 3555 43 3512 43 3469 3444 3411 298 48 250 3385 3358 3321 74 3247
is_linear=0
shrinkage=0.03


Tree=144
num_leaves=31
num_cat=0
split_feature=0 2 13 10 3 16 6 13 12 4 15 16 18 3 12 3 18 3 0 14 19 14 12 3 9 14 5 3 6 6
split_gain=1559.36 3354.74 1394.28 1588.71 1439.51 1275.43 1659.13 1452.4 2425.54 4349.51 1679.3 2038.88 1375.78 2467.53 3009.03 4766.35 2140.31 2166.61 1728.57 1698.17 5179.71 2408.34 2273.55 2678.47 2206.37 1949.29 1766.33 1689.73 1632.2 1584.23
threshold=141.68444683908052 9.4497252235886471 174.50000000000003 12.317474476720253 978.00000000000011 -377.49999999999994 605.00000000000011 95.500000000000014 23.500000000000004 0.38715277777777779 6888.8333333333348 -277.49999999999994 1.0000000180025095e-35 3171.0000000000005 59.500000000000007 8920.5000000000018 0.085000000000000006 9939.5000000000018 269.45300751879705 60.500000000000007 0.27500000000000008 51.500000000000007 51.500000000000007 5114.0000000000009 -5964.9999999999991 77.500000000000014 -1.1820671006184964 28316.500000000004 479.50000000000006 489.50000000000006
decision_type=10 10 8 8 8 8 10 8 8 8 8 10 10 10 10 10 10 10 10 8 8 10 8 8 10 10 10 10 8 8
left_child=2 -2 3 -1 -4 -3 7 10 9 -9 11 -7 13 -10 15 -15 17 -14 19 20 21 28 23 25 -25 -21 -27 -24 -18 -26
right_child=1 5 4 -5 -6 6 -8 8 12 -11 -12 -13 16 14 -16 -17 18 -19 -20 22 -22 -23 27 24 29 26 -28 -29 -30 -31
leaf_value=-0.063110056003464046 0.49286637948109552 0.20976779481298047 0.20110738906826425 -0.31197177774765911 -0.016359178499485386 0.20327352579082211 -0.16326980666667221 0.43625640830134643 -0.15351785302162169 0.0038665204296965115 -0.17587917644243975 -0.15331556962596046 -0.30503107112187605 0.70513752686977393 -0.039208753963725432 0.078061732202768325 0.057383240508405785 0.04456752989027235 0.22034589406422206 -0.42474518649280069 0.51534292839943086 0.18665554529772355 0.015751550954711539 -0.23401618750095365 0.07810114227235318 0.097990569812910891 -0.25953015647462158 -0.24271166596723637 -0.22450728923082353 -0.096840331914524222
leaf_weight=244 12.999999999999998 28.5 28 25.5 1268 31 50 34 22 54.5 78 27 39 20 27 24 38 27 35 28 23.5 52 2225.5 37.5 132 21 30.5 23 36 72
leaf_count=175 13 27 22 19 943 31 47 33 22 52 73 25 39 20 27 24 36 27 35 24 23 51 2117 35 127 21 27 20 34 66
internal_value=-8.73359e-11 0.0119128 -0.0245714 -0.0866573 -0.0116608 0.00996869 0.00818225 0.0109146 0.0152594 0.169982 -0.0849751 0.0372752 0.0105587 0.124088 0.210107 0.363096 0.00681467 -0.162013 0.0108607 0.00816409 0.106455 0.0301936 0.00244531 -0.0722414 -0.0225207 -0.22328 -0.113745 0.0131077 -0.0797527 0.0163571
internal_weight=4794.5 3229 1565.5 269.5 1296 3216 3187.5 3137.5 3001.5 88.5 136 58 2913 93 71 44 2820 66 2754 2719 149.5 126 2569.5 321 241.5 79.5 51.5 2248.5 74 204
internal_count=4235 3076 1159 194 965 3063 3036 2989 2860 85 129 56 2775 93 71 44 2682 66 2616 2581 144 121 2437 300 228 72 48 2137 70 193
is_linear=0
shrinkage=0.03


Tree=145
num_leaves=31
num_cat=0
split_feature=0 9 12 16 6 2 3 5 19 16 13 2 15 11 6 15 0 18 15 3 19 11 18 1 2 1 0 18 6 1
split_gain=1530.26 1345.27 2022.61 2906.88 2725.34 2681.96 3475.32 3761.3 2255.15 2567.14 2721.68 2514.41 2251.03 2046.22 2486.79 2405.13 2011.31 2852.29 2849.2 1951.86 2110.54 2227.49 5072.81 2000.49 1905.61 1817.47 1613.12 1620.56 1650.16 1585
threshold=369.85918811163452 -331.49999999999994 100.50000000000001 -62.499999999999993 173.50000000000003 39.871500889477254 4249.5000000000009 4.0638297872339999 -0.044999999999999978 37.500000000000007 350.50000000000006 38.261139461442703 10677.166666666666 27.403676187026054 556.50000000000011 9544.1666666666697 280.23157894736852 0.045000000000000005 8771.6666666666697 10599.000000000002 -0.23499999999999999 35.638410792969658 0.58500000000000008 164.1426415233158 52.093222919556105 297.28186274509807 136.74059139784953 0.085000000000000006 589.50000000000011 157.88953577652504
decision_type=8 8 10 10 10 10 10 10 8 10 10 10 10 8 8 10 10 10 8 10 8 10 10 10 8 8 10 10 10 10
left_child=1 2 3 5 -5 19 -7 -8 11 -10 12 -6 -11 -4 15 -15 17 -3 -18 20 -1 25 -23 -21 26 -22 -19 -28 -29 -24
right_child=-2 16 13 4 8 6 7 -9 9 10 -12 -13 -14 14 -16 -17 18 24 -20 23 21 22 29 -25 -26 -27 27 28 -30 -31
leaf_value=0.21637335091829299 0.19907910844554072 0.28068841242790221 0.015607924370976115 -0.24933688128846032 -0.070975959210560241 -0.010856799899221775 0.083853382137086652 0.57192656388133767 -0.060254860647834876 0.17028536720383095 0.41645879928658647 -0.41183246485392255 -0.039260409259683146 0.50068478210405865 -0.0034327016472816465 0.10832514108443746 0.065727697696004603 -0.051615180493735806 -0.32139082903211763 0.051088874993819589 -0.000112541278244042 -0.40952646119253971 -0.099284294512536786 0.27174220683574679 -0.24730190196344931 0.28374173249517171 -0.25400338683616031 0.0086863337780747566 -0.1812916459914829 0.24822434936250959
leaf_weight=39 34.5 30 92.5 52.5 145 45.5 27 30 211 82 20.5 22.5 105.5 33 30 24.5 28 661.5 44 142 610 38.5 27 50 31 21 22 2031.5 42 21
leaf_count=38 33 30 80 45 129 43 24 29 178 75 20 19 87 32 28 23 28 473 44 117 537 35 21 50 26 21 22 1889 38 21
internal_value=5.88366e-10 -0.0014429 0.0183838 0.00820146 -0.042258 0.0388804 0.184662 0.340734 -0.0237215 0.0134727 0.0882636 -0.116763 0.0523809 0.113985 0.217984 0.333505 -0.014272 -0.0102715 -0.170845 0.0231265 0.00144581 -0.0102367 -0.153003 0.108551 -0.0134024 0.00933427 -0.0107724 0.00212072 0.00483821 0.0527507
internal_weight=4794.5 4760 1870 1690 639 1051 102.5 57 586.5 419 208 167.5 187.5 180 87.5 57.5 2890 2818 72 948.5 756.5 717.5 86.5 192 2788 631 2757 2095.5 2073.5 48
internal_count=4235 4202 1652 1489 553 936 96 53 508 360 182 148 162 163 83 55 2550 2478 72 840 673 635 77 167 2448 558 2422 1949 1927 42
is_linear=0
shrinkage=0.03


Tree=146
num_leaves=31
num_cat=0
split_feature=0 14 16 8 15 6 8 4 11 7 10 9 3 14 2 4 15 18 3 7 13 13 2 12 3 11 12 11 10 6
split_gain=1487.2 1253.72 1248.88 1584.4 2310.23 3869.4 2087.99 1700.68 6168.53 1556.38 1317.37 1147.9 2043.29 2831.21 2733.6 4445.55 2620.74 3126.83 3048.67 3030.66 2031.27 3074.99 2264.26 5925.89 2833.08 2132.51 1932 2302.95 1808.59 1802.14
threshold=122.05476475876551 223.50000000000003 331.50000000000006 293.23821271929859 5425.666666666667 438.50000000000006 280.60043859649153 0.90104166666666685 26.091502678901804 9139.5000000000018 -3.4519585086058995 -486.99999999999994 3895.0000000000005 64.500000000000014 39.871500889477254 0.82725694444444453 5359.3333333333348 0.50500000000000012 6051.5000000000009 5551.0000000000009 108.50000000000001 130.50000000000003 40.40973105076916 43.500000000000007 4249.5000000000009 43.944724492202305 100.50000000000001 27.403676187026054 -1.8725699517129504 391.50000000000006
decision_type=10 10 10 10 10 8 10 10 8 8 10 8 8 8 10 8 8 10 8 10 8 8 10 10 10 10 10 8 10 8
left_child=-1 2 3 6 -5 -6 7 11 9 -9 -4 20 13 -13 -14 16 18 -18 -16 -19 28 -22 25 24 -24 26 -23 -28 -2 -25
right_child=1 -3 10 4 5 -7 -8 8 -10 -11 -12 12 14 -15 15 -17 17 19 -20 -21 21 22 23 29 -26 -27 27 -29 -30 -31
leaf_value=-0.056465808753831399 0.053872002055568073 0.22831119453907012 0.00022929504513740539 -0.12965410578318617 0.026768535077571869 0.50705575346946719 -0.24443760200113543 0.13019706253822033 0.59638124227523803 -0.20858995533507801 -0.32310848427373307 0.34963757775597654 -0.0083083016814046572 0.035010472882797218 -0.1401486409228781 -0.48139107558462357 0.13436047877730994 -0.44964888937333047 0.32790059446204789 -0.10145379254692478 0.28053822997004485 0.0046576237448328391 0.10794783398509025 -0.2728923032161864 0.5287415996193886 -0.23451824570855787 0.01642362294571572 0.2674361648230717 -0.23950310335945837 0.059029331090075243
leaf_weight=386 31 22.5 24 22 36 26 30.5 26 20 23 21.5 29.5 2163 202 23 27 29 34 27.5 66.5 43 1141.5 24 22 36 31 76 58 48.5 44.5
leaf_count=272 29 21 21 22 36 26 30 26 20 23 19 28 1923 189 20 24 28 28 26 59 40 1013 23 20 35 27 66 56 43 42
internal_value=9.65403e-11 0.00494404 0.00379818 0.00543719 0.134461 0.228179 0.00289097 0.00467599 0.152394 -0.0288254 -0.152557 0.0022241 -0.00996595 0.0751033 -0.0182755 -0.122425 -0.0685802 -0.140064 0.11473 -0.219251 0.0226114 0.0305677 0.0230668 0.144258 0.360424 0.0113326 0.0173079 0.125071 -0.125105 -0.0507793
internal_weight=4794.5 4408.5 4386 4340.5 84 62 4256.5 4226 69 49 45.5 4157 2601.5 231.5 2370 207 180 129.5 50.5 100.5 1555.5 1476 1433 126.5 60 1306.5 1275.5 134 79.5 66.5
internal_count=4235 3963 3942 3902 84 62 3818 3788 69 49 40 3719 2325 217 2108 185 161 115 46 87 1394 1322 1282 120 58 1162 1135 122 72 62
is_linear=0
shrinkage=0.03


Tree=147
num_leaves=31
num_cat=0
split_feature=0 0 13 9 5 8 6 6 8 0 15 2 2 2 14 7 3 17 1 5 9 10 1 9 10 13 15 3 10 19
split_gain=1440.95 1274.42 1606.83 1698.68 2887.96 5474.39 2386.76 2157.63 2946.77 2441.27 2323.68 2228.2 3269.24 2510.1 2755.12 4358.93 2370.46 2317.72 3972.61 1684.28 2321.54 1550.55 1321.42 1248.19 1394.77 2647 4446 2024.48 1478.94 2512.09
threshold=107.16198150924551 212.76845878136254 352.50000000000006 731.00000000000011 -34.242105263158486 274.62807017543906 516.50000000000011 491.50000000000006 203.39652047843404 221.68319838056655 8565.6666666666697 17.434769919617256 21.772927479623203 28.647712226999904 90.500000000000014 13515.000000000002 9987.5000000000018 317.50000000000006 270.41253296640321 29.060978203083497 4864.0000000000009 -10.826274688281147 244.45143997382237 11531.500000000002 -15.733941055166499 179.50000000000003 9968.3333333333339 8181.0000000000009 -11.110521696629947 0.029999999999999947
decision_type=10 10 10 10 8 8 8 10 8 10 10 10 10 10 10 8 8 10 8 10 10 10 8 10 8 10 10 10 8 10
left_child=-1 23 3 7 -5 6 19 8 10 22 -3 16 21 17 15 -15 -11 18 -14 20 -6 -13 -10 24 25 27 -27 -2 29 -26
right_child=1 2 -4 4 5 -7 -8 -9 9 11 -12 12 13 14 -16 -17 -18 -19 -20 -21 -22 -23 -24 -25 28 26 -28 -29 -30 -31
leaf_value=-0.11758292614117911 0.107473385773207 0.040054482655091719 -0.17059087187051775 -0.29440218933697404 0.11007677025654737 0.45911459268435184 -0.2009620886725875 0.33113666111423123 0.15516374848105691 -0.32184652462601665 -0.34338444628715514 0.16508178282242553 0.098792576730251297 0.068281314402818677 -0.094046904966235148 0.64005005407333371 0.11459706871105091 0.11982470362214372 -0.47103177090080411 0.24265918357618924 -0.2972578990906477 0.49947475627064697 0.48786516802651542 -0.1052497083075204 -0.22674954546589246 0.19399102828081916 -0.33302357275485989 0.50121536332368855 0.00020721041578295187 0.0015492783045822195
leaf_weight=92 28.5 33 30 29 34 23 52 31 22 24 25 26 20 30 24 20 21 32 24.5 29 20 24 21 106 71 34 25 20 3712 111.5
leaf_count=68 27 33 29 29 34 23 52 31 22 24 24 26 20 30 24 20 21 32 24 29 20 24 21 89 67 31 21 20 3228 92
internal_value=-2.16377e-10 0.0023004 0.0433541 0.0547241 -0.0192165 0.0312923 -0.041596 0.0913516 0.0698989 0.109126 -0.125221 0.0726029 0.11542 0.0455965 0.170166 0.296989 -0.118173 -0.0749024 -0.214931 0.0582478 -0.0407879 0.32559 0.317646 -0.00364079 -0.000949501 0.10565 -0.0293202 0.269841 -0.00389198 -0.0872683
internal_weight=4794.5 4702.5 594.5 564.5 187 158 135 377.5 346.5 288.5 58 245.5 200.5 150.5 74 50 45 76.5 44.5 83 54 50 43 4108 4002 107.5 59 48.5 3894.5 182.5
internal_count=4235 4167 592 563 187 158 135 376 345 288 57 245 200 150 74 50 45 76 44 83 54 50 43 3575 3486 99 52 47 3387 159
is_linear=0
shrinkage=0.03


Tree=148
num_leaves=31
num_cat=0
split_feature=0 0 8 12 3 6 8 9 14 1 19 4 11 2 12 4 7 3 3 6 17 4 15 1 9 2 17 15 12 15
split_gain=1417.17 1282.81 2156.57 3347.38 1108.2 1098.62 1127.52 1499.29 1732.47 1698.11 1546.19 1336.96 1548.8 1167.5 2124.75 1326.2 1016.71 1141.35 1487.58 2133.36 2205.4 2351.64 2927.18 1758.09 1498.44 2945.42 4126.97 1775.5 1995.18 1782.13
threshold=369.85918811163452 329.50443722943709 300.12099479467906 38.500000000000007 29445.000000000004 95.000000000000014 128.57380660954752 10662.000000000002 147.50000000000003 144.38959795483518 -0.16499999999999992 0.10243055555555562 30.777477009373655 11.853569291887402 38.500000000000007 0.97048611111111127 272.50000000000006 865.50000000000011 2417.0000000000005 329.50000000000006 504.50000000000006 0.50173611111111127 3742.666666666667 181.54084473664358 -2699.9999999999995 39.871500889477254 332.50000000000006 9544.1666666666697 39.500000000000007 9186.8333333333339
decision_type=8 10 10 10 10 8 8 8 10 10 10 10 10 10 10 10 8 8 8 8 10 8 10 10 8 10 10 10 8 10
left_child=1 2 4 -4 5 -1 7 8 9 10 -7 12 -12 14 -8 16 -15 -18 19 -19 21 23 -23 -21 25 27 -27 29 -29 -20
right_child=-2 -3 3 -5 -6 6 13 -9 -10 -11 11 -13 -14 15 -16 -17 17 18 24 20 -22 22 -24 -25 -26 26 -28 28 -30 -31
leaf_value=-0.13602894117202713 0.19158184777135434 -0.19069366201758384 0.40379936185376392 -0.10069662798196077 -0.16461129718422887 0.16597442794853534 0.36752149947484336 -0.18333779437274766 0.17532469540028955 -0.27115783436118435 -0.032182614692519471 -0.14521387243546502 0.20505282554361556 0.1718296483125199 -0.014181078615642729 -0.18496657393195412 0.10241526250348706 -0.31948183295943522 0.072843807273354405 -0.046403105727961802 0.24216227563222248 -0.017992635567982994 -0.40328481863226207 0.24959714603424071 -0.0029009093797895224 0.60111710393428808 0.054978750016201623 -0.18107414213173528 0.018169749210588632 0.36835529199460654
leaf_weight=53.5 34.5 32 29 20 37.5 35.5 22.5 58 37 26.5 299.5 86.5 27 33 31.5 33 104.5 27.5 176.5 91.5 22.5 36 35 22.5 2857.5 20 33 51 400 20.5
leaf_count=45 33 32 29 20 28 30 22 40 28 20 203 62 21 31 27 33 98 23 165 79 21 34 34 22 2583 20 31 44 357 20
internal_value=-1.73956e-10 -0.00138857 -0.000107313 0.197883 -0.00218073 -0.000868405 0.000707682 -0.038778 -0.022402 -0.0378039 -0.024016 -0.0403469 -0.0125644 0.00630918 0.144862 0.00442173 0.00601161 0.00460782 0.0019135 -0.0711904 -0.0382843 -0.0723927 -0.207925 0.012018 0.00674122 0.0460456 0.261069 0.0284588 -0.00436116 0.103595
internal_weight=4794.5 4760 4728 49 4679 4641.5 4588 570 512 475 448.5 413 326.5 4018 54 3964 3931 3898 3793.5 235 207.5 185 71 114 3558.5 701 53 648 451 197
internal_count=4235 4202 4170 49 4121 4093 4048 404 364 336 316 286 224 3644 49 3595 3562 3531 3433 213 190 169 68 101 3220 637 51 586 401 185
is_linear=0
shrinkage=0.03


Tree=149
num_leaves=31
num_cat=0
split_feature=0 0 13 5 5 9 9 12 9 6 10 10 3 11 12 13 3 1 6 10 7 3 3 14 9 12 5 19 8 3
split_gain=1359.04 1179.48 1518.39 1650.04 2296.95 2003.31 3113.19 2552.2 2397.23 3580.11 2308.82 3336.82 2939.18 2728.21 4312.1 3106.95 3422.88 2794.36 2628.64 1927.65 1890.14 1857.32 1756.86 1607.19 1168.48 2234.49 1872.61 1844.2 4228.84 1734.23
threshold=107.16198150924551 212.76845878136254 352.50000000000006 -62.071818980153985 -42.565858986578 -4510.9999999999991 -1329.4999999999998 63.500000000000007 -5964.9999999999991 340.50000000000006 0.34645576153120322 6.126737861003452 8398.5000000000018 27.986425935279403 64.500000000000014 198.50000000000003 1904.0000000000002 240.47089096748104 532.50000000000011 -8.137969139279349 11854.500000000002 7272.0000000000009 13703.500000000002 73.500000000000014 -3780.9999999999995 23.500000000000004 29.060978203083497 0.050000000000000003 190.90506822612102 10599.000000000002
decision_type=10 10 10 8 8 8 8 10 10 10 10 10 8 8 8 8 10 8 8 10 8 10 8 10 8 8 10 10 10 10
left_child=-1 24 3 -3 -5 8 7 -7 9 -6 13 18 -13 20 17 -16 -17 -15 -12 21 -8 -18 -14 -19 25 -2 27 28 29 -27
right_child=1 2 -4 4 5 6 10 -9 -10 -11 11 12 22 14 15 16 19 23 -20 -21 -22 -23 -24 -25 -26 26 -28 -29 -30 -31
leaf_value=-0.11419233554083368 0.30955082559585573 0.30747942270203071 -0.16624486601352689 -0.22727757309873897 0.33020966512816291 0.14901931013028646 0.15426821627015513 0.55177133452892302 -0.32350883210406584 -0.19206434632754987 -0.035674153674732555 0.35558610007166863 -0.21656288058138809 -0.036617801964282992 -0.36837257118328753 -0.33003803278614835 0.055672219812870023 0.20344898307323456 -0.43087278906788146 -0.12383634045720099 0.51986314862966532 0.39832211956381797 0.15743292492628097 0.57921854557735575 -0.010950354029651728 0.012330782296764967 -0.21947416356631685 -0.033591384846007537 0.49458172622323038 0.15505287069169912
leaf_weight=92 25 22 30 27 21 48.5 35 20 25.5 27 33 24 26 20 23 20.5 35 20 28 24 20 24 20 21 3373 308 28 252 20 102
leaf_count=68 24 22 29 27 21 48 35 20 25 27 33 24 26 20 23 20 35 20 28 24 20 24 20 21 2937 260 26 220 20 88
internal_value=1.81239e-10 0.00223407 0.041729 0.0527816 0.0424528 0.0565803 0.0806968 0.266611 -0.0884464 0.0364305 0.0466 -0.0548824 0.0864584 0.101421 0.0469229 -0.0529815 0.0171054 0.254102 -0.217077 0.102846 0.287212 0.195055 -0.053956 0.395916 -0.00348154 0.0307937 0.0209783 0.0308503 0.0686161 0.0478373
internal_weight=4794.5 4702.5 594.5 564.5 542.5 515.5 442 68.5 73.5 48 373.5 131 70 242.5 187.5 126.5 103.5 61 61 83 55 59 46 41 4108 735 710 682 430 410
internal_count=4235 4167 592 563 541 514 441 68 73 48 373 131 70 242 187 126 103 61 61 83 55 59 46 41 3575 638 614 588 368 348
is_linear=0
shrinkage=0.03


Tree=150
num_leaves=31
num_cat=0
split_feature=0 0 8 12 3 6 8 9 14 1 19 4 11 4 2 10 7 3 3 6 13 4 15 11 6 4 3 3 3 19
split_gain=1321.85 1266.84 1983.89 3114.43 1043.53 1034.73 1040.54 1403.05 1634.02 1587.23 1464.24 1262.19 1459 1087.03 1064.84 999.474 953.055 1051.73 1363.15 2025.99 2164.39 2217.51 2741.04 2439.88 1397.7 2904.68 2184.86 1974.01 4336.4 1817.91
threshold=369.85918811163452 329.50443722943709 300.12099479467906 38.500000000000007 29445.000000000004 95.000000000000014 128.57380660954752 10662.000000000002 147.50000000000003 144.38959795483518 -0.16499999999999992 0.10243055555555562 30.777477009373655 0.97048611111111127 9.4497252235886471 -5.0507044494828497 272.50000000000006 865.50000000000011 2417.0000000000005 329.50000000000006 290.50000000000006 0.50173611111111127 3742.666666666667 33.592469949077561 268.50000000000006 0.63975694444444453 4664.5000000000009 3453.5000000000005 3328.0000000000005 0.044999999999999991
decision_type=8 10 10 10 10 8 8 8 10 10 10 10 10 10 10 10 8 8 8 8 10 8 10 10 8 10 8 8 10 8
left_child=1 2 4 -4 5 -1 7 8 9 10 -7 12 15 14 -8 -12 -16 -18 19 -19 21 23 -23 -21 25 26 -20 28 29 -26
right_child=-2 -3 3 -5 -6 6 13 -9 -10 -11 11 -13 -14 -15 16 -17 17 18 24 20 -22 22 -24 -25 27 -27 -28 -29 -30 -31
leaf_value=-0.13195470495271347 0.18502697395241779 -0.18946458410471678 0.38845238932247816 -0.098172464668750764 -0.15967645331621169 0.16191567622439959 0.24106995146615162 -0.1770285455458637 0.17068240831027159 -0.26190848873471312 -0.15260250045521426 -0.14075638747628713 0.1993452748325136 -0.16278275722966473 0.16708852830596946 -0.0062297803325107298 0.099092838943860173 -0.30924418564276263 -0.1977255466901339 0.11467240881252956 0.21012075381619591 -0.018503947813216955 -0.38743950496117274 -0.18677970729462087 -0.043054509365364257 0.30141169650214061 0.066683633523552027 -0.0037092948999084834 0.47011210037889528 0.17255539185122437
leaf_weight=53.5 34.5 32 29 20 37.5 35.5 17.5 58 37 26.5 50.5 86.5 27 34 33 249 104.5 27.5 32.5 71.5 28 36.5 36 36.5 92 42 209 3136 24.5 57
leaf_count=45 33 32 29 20 28 30 16 40 28 20 34 62 21 34 31 169 98 23 28 65 26 34 35 31 84 42 193 2825 24 55
internal_value=4.38923e-11 -0.00134106 -6.78011e-05 0.18983 -0.00205647 -0.000783016 0.000746558 -0.0371855 -0.0213439 -0.0363017 -0.0229715 -0.0388638 -0.0118693 0.00612766 0.00756916 -0.0309103 0.00653897 0.00519204 0.00262933 -0.0672137 -0.0352912 -0.0733607 -0.2017 0.0127928 0.00721685 0.0711467 0.0311006 0.00174046 0.100244 0.0394271
internal_weight=4794.5 4760 4728 49 4679 4641.5 4588 570 512 475 448.5 413 326.5 4018 3984 299.5 3966.5 3933.5 3829 236 208.5 180.5 72.5 108 3593 283.5 241.5 3309.5 173.5 149
internal_count=4235 4202 4170 49 4121 4093 4048 404 364 336 316 286 224 3644 3610 203 3594 3563 3465 214 191 165 69 96 3251 263 221 2988 163 139
is_linear=0
shrinkage=0.03


Tree=151
num_leaves=31
num_cat=0
split_feature=1 10 9 9 9 5 16 19 18 2 13 6 9 11 5 14 15 11 11 17 7 0 15 6 1 8 8 13 0 1
split_gain=1284.71 2534.6 2137.14 1818.19 1617.3 4517.62 3522.41 2760.11 2833.83 2310.82 2057.87 1882 1681.8 2716.29 2369.18 2157.23 3495.14 2431.12 2352.21 2173.96 1722.67 1438.65 1596.32 1121 1072.09 2284 1533.77 1737.82 1701.66 1476.53
threshold=213.90954831269366 -10.129621958070599 -2262.9999999999995 2751.0000000000005 974.50000000000011 -34.242105263158486 -10.499999999999998 -0.014999999999999956 0.45500000000000007 39.063467243360208 240.50000000000003 453.50000000000006 -4823.9999999999991 32.763590106382509 -20.565526597099502 94.500000000000014 6547.5000000000009 27.986425935279403 21.102569531526104 385.50000000000006 8920.5000000000018 104.51049741602051 7018.666666666667 95.000000000000014 209.20242079957552 205.42076684397202 209.90919384057955 201.50000000000003 197.23149379432604 206.05055166256287
decision_type=10 10 8 8 10 10 10 10 10 8 8 8 8 10 10 8 10 10 10 10 8 10 10 8 10 8 10 10 10 10
left_child=21 2 -2 -4 9 6 -6 10 11 12 -7 -9 14 15 -3 19 17 18 -17 -14 -18 22 -1 -23 26 -26 29 28 -28 -25
right_child=1 4 3 -5 5 7 -8 8 -10 -11 -12 -13 13 -15 -16 16 20 -19 -20 -21 -22 23 -24 24 25 -27 27 -29 -30 -31
leaf_value=0.013223491637937484 0.46574738792010711 0.12006346724927425 -0.11533068707585335 0.2605983861630613 -0.4245481550251996 0.063531063401273319 0.062056451529264443 0.12767668538368665 -0.14509485998819041 0.28042970215509594 -0.35645612682615008 0.46983739447334538 0.036361115247972552 0.37089151263237002 -0.26582242797797834 -0.18472331821918486 0.49921397924423216 -0.32132979887723923 0.2325766558031882 -0.3485842579862346 0.15195747703313828 -0.14681116494244523 -0.28142023086547852 -0.0043456485935568102 0.11236168790537004 -0.23612780272346182 0.39691114681363104 -0.086300475934766377 0.085662434586258815 0.18116266037409121
leaf_weight=31 21 24 20 27.5 40.5 21 20 39 21.5 38 21 23 31 24 35.5 20 20 20 31 23 36 48.5 35.5 3914.5 26 48.5 25 26.5 43 39
leaf_count=25 21 24 20 27 40 21 20 39 21 38 21 23 31 24 35 20 20 20 31 23 36 40 25 3384 26 47 25 26 43 39
internal_value=-1.611e-10 0.0428331 0.21373 0.102312 0.018869 -0.050744 -0.263687 0.0519098 0.15169 0.0616723 -0.146463 0.254607 0.030244 0.0709986 -0.110171 0.0312338 0.0987682 -0.0410026 0.0689296 -0.127597 0.275978 -0.00563021 -0.144068 -0.00342305 -0.00173613 -0.114507 0.000339329 0.119781 0.200092 -0.00251567
internal_weight=4794.5 557 68.5 47.5 488.5 186 60.5 125.5 83.5 302.5 42 62 264.5 205 59.5 181 127 71 51 54 56 4237.5 66.5 4171 4122.5 74.5 4048 94.5 68 3953.5
internal_count=4235 555 68 47 487 185 60 125 83 302 42 62 264 205 59 181 127 71 51 54 56 3680 50 3630 3590 73 3517 94 68 3423
is_linear=0
shrinkage=0.03


Tree=152
num_leaves=31
num_cat=0
split_feature=0 0 8 12 3 1 3 8 7 0 7 7 3 11 9 4 15 17 17 17 9 2 16 15 7 19 16 19 6 10
split_gain=1257.56 1202.03 1866.66 2877.53 977.904 967.555 1399.03 2137.17 1285.51 1399.52 1122.3 3851.23 2268.48 2057.35 1792.46 2157.01 1903.23 1390.25 3580.29 2960.48 2393.35 2229.51 2159.23 2172 1998.46 1732.27 1808.12 1733.4 2677.42 1719.05
threshold=369.85918811163452 329.50443722943709 300.12099479467906 38.500000000000007 29445.000000000004 117.00628844839382 865.50000000000011 143.31643132220802 7351.5000000000009 193.69059011164305 5410.0000000000009 5223.0000000000009 6422.0000000000009 15.508672991992652 -1832.4999999999998 0.10850694444444446 4372.166666666667 380.50000000000006 368.50000000000006 467.50000000000006 7025.0000000000009 34.415491269907555 48.500000000000007 4297.0000000000009 394.00000000000006 0.19000000000000003 122.50000000000001 0.029999999999999947 422.50000000000006 -1.1085809208167505
decision_type=8 10 10 10 10 8 8 10 10 10 8 10 10 10 10 10 10 10 10 10 10 10 8 10 10 10 8 10 10 10
left_child=1 2 4 -4 5 -1 7 -7 9 -9 11 13 -13 -8 16 -16 -15 18 24 21 22 -19 -21 -24 -17 27 -27 -26 29 -29
right_child=-2 -3 3 -5 -6 6 10 8 -10 -11 -12 12 -14 14 15 17 -18 19 -20 20 -22 -23 23 -25 25 26 -28 28 -30 -31
leaf_value=-0.078147964119277102 0.18047151762506236 -0.18455577168613671 0.37505313141592617 -0.092698605716228483 -0.15457991032600404 0.33484299100529064 0.17539519561934716 0.00078925375026815073 -0.14288579032106219 0.2873534483462572 0.0073652463355532577 -0.48623348597288124 -0.087851523048472852 -0.30236545504593265 -0.14224444055296842 0.2631876109593681 0.018497964633362632 -0.087094085906010074 0.40980002565817397 0.18029536606429458 0.31149850731386858 -0.38870482219590075 -0.27917286307064454 0.027779975386524419 -0.022157987053442289 0.09047577385107676 -0.23386968489849205 0.069365110145881773 -0.11871688083501962 0.32326350269839166
leaf_weight=141 34.5 32 29 20 37.5 27.5 48.5 42.5 26.5 24 3339 25 26.5 41 103 28 28 120.5 22 38.5 25.5 27 33.5 54.5 219 22.5 49.5 48 32.5 48
leaf_count=96 33 32 29 20 28 23 45 41 24 24 2951 21 22 37 73 27 27 112 21 36 25 23 27 50 207 20 42 45 28 46
internal_value=-1.80563e-10 -0.00130804 -6.77842e-05 0.184134 -0.00199681 -0.000764043 0.00166038 0.102504 0.0338016 0.104211 -0.00111397 -0.028311 -0.281241 -0.0151469 -0.0249676 -0.0133205 -0.17216 0.00394762 0.0361646 -0.0465561 0.0463572 -0.142304 -0.0070902 -0.0890714 0.0177959 0.001417 -0.132512 0.0291663 0.116637 0.196314
internal_weight=4794.5 4760 4728 49 4679 4641.5 4500.5 120.5 93 66.5 4380 1041 51.5 989.5 941 872 69 769 469.5 299.5 152 147.5 126.5 88 447.5 419.5 72 347.5 128.5 96
internal_count=4235 4202 4170 49 4121 4093 3997 112 89 65 3885 934 43 891 846 782 64 709 436 273 138 135 113 77 415 388 62 326 119 91
is_linear=0
shrinkage=0.03


Tree=153
num_leaves=31
num_cat=0
split_feature=0 4 18 15 3 3 9 18 18 12 16 2 7 6 11 13 13 19 3 2 1 16 5 4 15 7 15 7 10 8
split_gain=1210.86 1068.13 1029.81 2007.75 2899.12 2945.18 1067.96 2134 1803.8 1665.6 2657.74 2947.64 3281.83 2167.31 1922.43 2281.93 2426.38 1907.38 2705.41 2644.03 3171.98 2458.47 1881.34 1946.94 1669.07 1692.77 1550.9 1543.9 1468.03 1465.58
threshold=107.16198150924551 0.13975694444444448 1.0000000180025095e-35 6142.8333333333348 7493.5000000000009 9347.5000000000018 -486.99999999999994 0.085000000000000006 0.055000000000000007 100.50000000000001 -85.499999999999986 39.063467243360208 11722.000000000002 173.50000000000003 27.403676187026054 217.50000000000003 257.50000000000006 -0.059999999999999963 1271.5000000000002 35.070872292208058 192.29962755181552 -270.49999999999994 21.677399039244012 0.40451388888888895 8841.0000000000018 9840.0000000000018 14663.000000000002 17999.500000000004 3.9079888026654008 209.31052631578953
decision_type=10 8 10 8 8 10 8 10 10 10 10 10 10 10 8 10 10 8 10 10 8 8 10 10 10 10 10 10 10 8
left_child=1 -1 3 -2 -5 -6 9 8 -8 10 11 17 28 -12 -11 -16 -17 18 -4 21 -21 -19 -15 -24 25 -20 -26 -28 -13 -23
right_child=2 -3 6 4 5 -7 7 -9 -10 14 13 12 -14 22 15 16 -18 19 24 20 -22 29 23 -25 26 -27 27 -29 -30 -31
leaf_value=-0.18154676476785961 -0.1180099140703678 0.033877807798839747 0.35308754403504633 0.39179086972028015 -0.25588172686100008 0.21410625147819518 -0.04200737369912011 -0.0078899459413966453 -0.4005633939089982 0.0098822367686632624 -0.22670972860095526 0.23982101440429687 0.42317582478125887 -0.0052384100499410701 -0.023834292934491082 0.57683224003489419 0.17092927818894388 0.31375943246095078 0.027183828265108959 0.011743139459731732 -0.49249949155851847 -0.022552383472419685 -0.34887758602861496 0.016683729070684186 0.20042758692167476 -0.27690490506416138 -0.17955922544914849 0.16666922738606277 -0.042812174630452351 0.13616176672342445
leaf_weight=60.5 30 31.5 31 32 20 30 28 2798.5 23 89.5 50.5 27.5 36 541.5 26 20.5 37.5 23 70.5 23.5 21.5 436.5 30.5 23 83.5 21.5 24.5 22 41.5 59.5
leaf_count=41 30 27 29 32 20 30 28 2464 23 77 43 26 34 468 25 20 35 20 68 20 20 369 26 23 79 20 20 22 38 58
internal_value=1.78352e-10 -0.107787 0.00210876 0.0919872 0.168815 0.0261111 -8.41159e-05 -0.0113947 -0.203709 0.0184279 0.00866562 0.0413512 0.190978 -0.0380209 0.106626 0.209705 0.314395 0.0221214 0.090561 -0.00857943 -0.229173 0.0105472 -0.0220061 -0.19172 0.0539019 -0.0438804 0.123102 -0.0157522 0.0698315 -0.00351309
internal_weight=4794.5 92 4702.5 112 82 50 4590.5 2849.5 51 1741 1567.5 922 105 645.5 173.5 84 58 817 253 564 45 519 595 53.5 222 92 130 46.5 69 496
internal_count=4235 68 4167 112 82 50 4055 2515 51 1540 1383 823 98 560 157 80 55 725 238 487 40 447 517 49 209 88 121 42 64 427
is_linear=0
shrinkage=0.03


Tree=154
num_leaves=31
num_cat=0
split_feature=0 2 15 18 5 5 2 12 12 3 0 16 12 16 9 7 9 5 7 7 15 15 7 9 12 5 13 18 2 18
split_gain=1165.46 2468.94 1819.68 1504.29 1472.63 1391.48 1275.63 1313.65 2686.07 2539.15 1683.97 1664.19 1550.14 1307.2 1276.31 1261.29 1560.44 2561.28 2835.16 2040.96 2824.1 4538.03 2295.12 1902.93 1449.18 3348.69 1742.03 1721.11 2057.33 2191.74
threshold=160.77599039615851 43.944724492202305 1855.6666666666667 0.54500000000000015 2.1463635276989881 -15.565754067584491 11.853569291887402 24.500000000000004 31.500000000000004 3567.0000000000005 346.70101351351354 67.500000000000014 18.500000000000004 -193.49999999999997 2038.0000000000002 23362.500000000004 -4983.9999999999991 14.236320687695001 16521.500000000004 13367.500000000002 13005.166666666672 11217.583333333338 12540.500000000002 -7588.9999999999991 38.500000000000007 9.5943348963594861 106.50000000000001 0.095000000000000015 18.147411450933706 1.0000000180025095e-35
decision_type=10 10 8 8 10 8 10 8 8 10 10 8 10 10 8 10 8 10 10 10 10 10 10 8 8 10 8 10 10 10
left_child=2 6 -1 -4 5 -3 -2 9 11 -8 15 -9 13 -11 -14 16 17 -10 23 22 21 -21 24 -19 25 -18 -26 28 -28 -30
right_child=1 4 3 -5 -6 -7 7 8 10 12 -12 -13 14 -15 -16 -17 19 18 -20 20 -22 -23 -24 -25 26 -27 27 -29 29 -31
leaf_value=-0.21382929208874701 0.22544956249850134 -0.06215987675411757 0.1961133102363064 -0.012437041245530923 -0.01955033562780745 -0.3830562104018671 0.42833312115445732 -0.038224620997016109 0.015485178853268734 -0.23328324460983277 0.2667387279510498 -0.35314352205666627 0.031668855768442153 0.10005109119415283 0.3510128499967296 0.21851821003215652 0.35521153534150551 -0.1434197432398796 0.039897249928292106 0.032011185936305836 0.044337892583230648 0.63125772603352859 -0.22195851467549801 -0.54155253197284459 -0.19476577745165144 -0.094260801053964172 -0.31460569989064646 0.029588841966055716 0.18754010989729847 -0.17332483746788718
leaf_weight=40 28 21.5 31.5 2636 56.5 28 20 33.5 128 22.5 25 27.5 25 20 20.5 28 35 20 25.5 23 102.5 22.5 36 23.5 35 26 29 1164 28 33
leaf_count=31 28 21 28 2122 54 25 20 33 127 22 25 27 25 20 20 28 35 20 25 22 102 22 35 22 34 25 29 1147 28 33
internal_value=-5.03957e-11 0.016847 -0.012986 -0.00997431 -0.124213 -0.243677 0.0243949 0.0215124 0.0155595 0.123206 0.022253 -0.180196 0.0538595 -0.07642 0.175549 0.0187782 0.0155473 -0.063936 -0.211268 0.0257547 0.13165 0.328342 0.014447 -0.358503 0.0207512 0.163633 0.0139895 0.019816 -0.10658 -0.00768191
internal_weight=4794.5 2087 2707.5 2667.5 106 49.5 1981 1953 1845 108 1784 61 88 42.5 45.5 1759 1731 197 69 1534 148 45.5 1386 43.5 1350 61 1289 1254 90 61
internal_count=4235 2054 2181 2150 100 46 1954 1926 1819 107 1759 60 87 42 45 1734 1706 194 67 1512 146 44 1366 42 1331 60 1271 1237 90 61
is_linear=0
shrinkage=0.03


Tree=155
num_leaves=31
num_cat=0
split_feature=0 4 0 13 5 5 9 11 5 9 18 17 6 3 13 2 3 14 12 11 2 18 3 8 9 10 13 15 15 10
split_gain=1129.12 1012.05 973.851 1428.72 1584.02 1738.7 1652.68 2642.91 2638.78 1856.64 2174.2 3093.49 1950.61 1717.46 2872.89 2814.98 2237.27 4087.85 3175.55 2792.72 3077.03 2229.37 1602.23 1604.56 1075.88 1273.36 2465.33 4115.34 1917.52 1350.26
threshold=107.16198150924551 0.13975694444444448 212.76845878136254 370.50000000000006 76.31587752525202 50.899311709796002 974.50000000000011 18.721535528646953 -34.242105263158486 -4632.9999999999991 0.24500000000000002 482.50000000000006 494.50000000000006 10196.500000000002 220.50000000000003 16.996036439839504 3621.0000000000005 72.500000000000014 58.500000000000007 28.603293986939104 23.738088420195155 0.22500000000000003 7272.0000000000009 257.92105263157902 11531.500000000002 -15.733941055166499 179.50000000000003 9968.3333333333339 7204.7500000000009 -11.110521696629947
decision_type=10 8 10 10 10 10 10 10 8 8 10 8 10 10 8 10 8 8 8 8 10 10 10 10 10 8 10 10 10 8
left_child=1 -1 24 4 5 6 9 -8 -9 10 11 -4 13 15 -15 -11 -17 -18 -19 21 -21 -20 -10 -24 25 26 28 -28 -2 -27
right_child=2 -3 3 -5 -6 -7 7 8 22 12 -12 -13 -14 14 -16 16 17 18 19 20 -22 -23 23 -25 -26 29 27 -29 -30 -31
leaf_value=-0.17588236925030543 0.056876542448997494 0.03380998815808977 -0.22104120923951268 -0.19390248360841172 0.28580398343503471 -0.15759189670736137 0.24684459400864744 -0.36857650540769099 -0.24869738573377781 -0.19289953009648755 -0.30245817561482274 0.27122206674681765 0.37451023435592645 0.025320034772157669 0.51014416239478366 0.32006571148832641 -0.31105477250140645 0.46063068040779659 0.037463999934818429 0.19074413584626237 -0.25469387236562829 0.47054341712594033 -0.040839606417763616 0.25255321002524833 -0.097492473055169254 -0.083136857473278689 0.18578584671020507 -0.32125217932462691 0.43513147824085674 0.00044674418468212962
leaf_weight=60.5 22.5 31.5 20 23 24 38.5 26 24 22 33 21.5 27 25 22 22 36 23 21 23 23 35.5 20 62 23 106 182.5 34 25 26 3712
leaf_count=41 22 27 20 22 24 38 26 24 22 33 21 27 25 22 22 36 23 21 23 23 35 20 62 23 89 159 31 21 25 3228
internal_value=-1.65628e-10 -0.104086 0.00203634 0.0379238 0.0472536 0.0367966 0.0514999 -0.029443 -0.0842787 0.0876022 -0.0525647 0.0617483 0.12147 0.0969977 0.267732 0.0619752 0.108316 0.0559245 0.124827 0.05535 -0.0795644 0.238896 -0.020511 0.038549 -0.00315721 -0.000658572 0.101196 -0.0290608 0.259652 -0.00347006
internal_weight=4794.5 92 4702.5 594.5 571.5 547.5 509 157 131 352 68.5 47 283.5 258.5 44 214.5 181.5 145.5 122.5 101.5 58.5 43 107 85 4108 4002 107.5 59 48.5 3894.5
internal_count=4235 68 4167 592 570 546 508 157 131 351 68 47 283 258 44 214 181 145 122 101 58 43 107 85 3575 3486 99 52 47 3387
is_linear=0
shrinkage=0.03


Tree=156
num_leaves=31
num_cat=0
split_feature=1 10 11 17 9 5 16 19 18 2 2 11 14 15 17 6 11 11 13 13 0 0 15 10 11 6 11 4 19 2
split_gain=1088.76 2356.18 2101.96 4598.09 1469.11 4085.57 3312.4 2527.3 2586.25 2222.44 1931.12 2360.09 2138.16 2961.57 2461.56 2102.58 1915.15 2504 1907.21 1792.07 1768.83 1250.57 1424.83 1213.39 1055.17 978.725 1129.8 2842.48 3750.54 2295.32
threshold=213.90954831269366 -10.129621958070599 32.933560435942361 353.50000000000006 974.50000000000011 -34.242105263158486 -10.499999999999998 -0.014999999999999956 0.45500000000000007 38.445244448557659 35.070872292208058 32.763590106382509 94.500000000000014 6547.5000000000009 380.50000000000006 380.50000000000006 27.986425935279403 22.487067699156501 240.50000000000003 230.50000000000003 242.08421052631553 104.51049741602051 7018.666666666667 9.0835951701530515 52.320523467244605 84.500000000000014 39.848331793238906 0.42361111111111122 0.070000000000000048 31.644225529332104
decision_type=10 10 10 10 10 10 10 10 10 10 10 10 8 10 8 8 10 10 8 8 10 10 10 10 10 8 10 10 10 10
left_child=21 2 -2 -4 9 6 -6 18 19 10 11 12 14 16 20 -15 17 -14 -7 -9 -3 22 -1 -11 25 -23 -27 -28 29 -29
right_child=1 4 3 -5 5 7 -8 8 -10 23 -12 -13 13 15 -16 -17 -18 -19 -20 -21 -22 24 -24 -25 -26 26 27 28 -30 -31
leaf_value=0.014347442196261497 0.43794219638990317 -0.17659158696234226 -0.18103420580134671 0.42658403688669205 -0.40851753764682347 0.05993960140006882 0.063358251549303538 0.074821164309978483 -0.14044410816458766 0.42679534792900081 -0.25581421668936566 0.34365246404301036 -0.15346086521233829 0.42125551634364661 -0.35205250107325037 0.094947386865432443 -0.30932110422849657 0.26899405263040377 -0.34438136492456706 0.39756579900160433 0.22240035458654164 -0.15515961426335412 -0.26401974315374671 0.11040223225951194 -0.14842780311455886 -0.0045370568012183098 0.11510940462457281 -0.14971481860615313 -0.35679109600723768 0.25350340631273055
leaf_weight=31 23 20 25.5 20 40.5 21 20 30 21.5 20 20.5 22 28 27 26 52 20 23 21 32 20 37 35.5 24 44.5 3798 210 24 30.5 27
leaf_count=25 23 20 25 20 40 21 20 30 21 20 20 22 28 27 26 52 20 23 21 32 20 31 25 24 38 3297 187 23 27 27
internal_value=9.98882e-11 0.0394315 0.204204 0.0860507 0.0163262 -0.0500209 -0.252526 0.0476009 0.14308 0.0571214 0.0235732 0.0476381 0.0174885 0.080098 -0.124806 0.20647 -0.0605136 0.037058 -0.142221 0.241399 0.0229044 -0.00518309 -0.134255 0.254217 -0.00312525 -0.00155831 -0.000168592 0.0567488 -0.0936281 0.0637537
internal_weight=4794.5 557 68.5 45.5 488.5 186 60.5 125.5 83.5 302.5 258.5 238 216 150 66 79 71 51 42 62 40 4237.5 66.5 44 4171 4126.5 4089.5 291.5 81.5 51
internal_count=4235 555 68 45 487 185 60 125 83 302 258 238 216 150 66 79 71 51 42 62 40 3680 50 44 3630 3592 3561 264 77 50
is_linear=0
shrinkage=0.03


Tree=157
num_leaves=31
num_cat=0
split_feature=0 0 8 12 4 1 10 6 11 3 15 9 11 16 16 14 13 17 19 17 0 13 0 0 0 8 3 1 8 1
split_gain=1079.02 1229.15 1670.76 2566.73 964.911 1059.08 2108.57 2569.85 2608.48 4428.76 1911.93 1817.04 1803.95 1293.43 1396.24 1312.86 1836.39 1424.39 1243.09 1137.45 1071.43 2813.52 1713.77 1336.96 3151.86 4465.32 1460.23 1149.16 1636.3 1799.28
threshold=369.85918811163452 329.50443722943709 300.12099479467906 38.500000000000007 0.97048611111111127 213.90954831269366 -16.329942524533994 250.50000000000003 35.638410792969658 8217.5000000000018 1425.5000000000002 6184.0000000000009 32.763590106382509 -9.4999999999999982 58.500000000000007 97.500000000000014 274.50000000000006 317.50000000000006 0.085000000000000034 205.50000000000003 247.29850361197103 238.50000000000003 236.87704918032804 221.68319838056655 214.65625000000003 182.08211891576801 8398.5000000000018 208.13199956946298 213.88794141252001 204.95550595238103
decision_type=8 10 10 10 10 10 10 8 10 8 10 8 10 10 10 8 8 10 10 10 10 10 10 10 10 10 8 10 10 10
left_child=1 2 4 -4 5 20 -7 -8 10 -10 -9 12 13 15 -15 17 -17 -12 -18 -13 22 -22 23 24 27 -26 -25 28 29 -1
right_child=-2 -3 3 -5 -6 6 7 8 9 -11 11 19 -14 14 -16 16 18 -19 -20 -21 21 -23 -24 26 25 -27 -28 -29 -30 -31
leaf_value=-0.0081284461919640307 0.16716984591082387 -0.18651497484650462 0.35462464497007168 -0.087144821226596822 -0.16101865189916947 0.33701757226671492 0.25766045746207239 0.27404710120388442 0.06637448189587429 -0.47561593462439145 0.021567729511298237 -0.00091193702985655585 0.25607837325470012 0.30725792284011838 0.008035637056455016 0.29455347844532559 -0.16010342789813875 -0.25176079619222796 0.1086990546286106 -0.27512168169021606 0.024573937471096333 -0.39669547372062997 0.24422984490394592 -0.014891210684069879 0.47256299412250519 -0.036894536493346092 -0.28846594472085274 -0.13679297514823305 0.16921805446909874 0.2020811398428034
leaf_weight=3840 34.5 32 29 20 34 21 40 28 29 25.5 32 26.5 33 25 32 21 32 37 30 28 39 22.5 25 40.5 30 32 31 59.5 48.5 37
leaf_count=3288 33 32 29 20 34 21 40 28 29 24 32 26 33 25 32 21 32 37 30 28 39 22 25 40 30 32 30 58 48 37
internal_value=-2.27428e-10 -0.00121163 4.25377e-05 0.174311 -0.00178245 -0.000616893 0.0436674 0.0289649 0.00482817 -0.187217 0.0370824 0.0147046 0.0499483 0.0174014 0.139273 -0.0283006 0.0520878 -0.125 -0.0300377 -0.14179 -0.00525068 -0.129549 -0.00340578 -0.00490897 -0.00263703 0.209617 -0.133504 -0.00593936 -0.00395597 -0.00612232
internal_weight=4794.5 4760 4728 49 4679 4645 440 419 379 54.5 324.5 296.5 242 209 57 152 83 69 62 54.5 4205 61.5 4143.5 4118.5 4047 62 71.5 3985 3925.5 3877
internal_count=4235 4202 4170 49 4121 4087 438 417 377 53 324 296 242 209 57 152 83 69 62 54 3649 61 3588 3563 3493 62 70 3431 3373 3325
is_linear=0
shrinkage=0.03


Tree=158
num_leaves=31
num_cat=0
split_feature=0 3 2 2 2 3 16 5 17 13 17 5 19 5 4 4 7 13 1 8 0 11 7 4 18 13 10 16 13 1
split_gain=1054.46 1817.57 1763.76 1495.61 1310.56 2484.89 1083.56 1330.38 1320.65 1016.01 1661.11 2424.49 1581.1 949.114 1720.43 4162.79 3967.8 3344.82 1868.78 2245.18 1736.64 1093.53 1879.61 1175.96 1626.13 948.041 1977.8 1669.37 1651.15 1642.85
threshold=126.20953947368402 18333.500000000004 37.424652631353204 24.443699283847902 11.853569291887402 6869.5000000000009 331.50000000000006 -82.299793377580997 659.50000000000011 390.50000000000006 568.50000000000011 -13.798290547708509 -0.080000000000000016 76.31587752525202 0.97048611111111127 0.90104166666666685 5700.0000000000009 279.50000000000006 270.41253296640321 270.43178973717153 247.29850361197103 15.055772283604751 4085.0000000000005 0.50868055555555569 0.89500000000000013 334.50000000000006 7.1403368521139994 42.500000000000007 348.50000000000006 253.97665375112305
decision_type=10 8 10 8 10 8 10 8 10 10 10 10 10 10 10 10 10 8 10 10 10 8 8 10 10 10 8 8 10 10
left_child=1 2 -1 -3 5 -2 7 -6 9 10 13 -12 -13 14 15 18 -17 -16 19 21 -18 22 -9 24 -24 29 27 -27 -29 -23
right_child=4 3 -4 -5 6 -7 -8 8 -10 -11 11 12 -14 -15 17 16 20 -19 -20 -21 -22 25 23 -25 -26 26 -28 28 -30 -31
leaf_value=-0.034234119321949578 0.42262355070847729 -0.049875280141056355 0.18271091879230655 -0.32186449237491771 0.21278180193901061 0.0069605001768508513 -0.13431684678529993 0.34726039865612984 0.24071842559746331 -0.15873932606833319 0.40196174923578898 0.22270900146961212 -0.086125138869156709 0.17483250375304904 0.0083153139914457601 0.54596576645970341 -0.12151135948232629 -0.45430937184528869 -0.24196204001019739 0.30196644967252556 0.26474373525381084 -0.0011524465695138531 0.18246081531047822 -0.16235223400592805 -0.044462409284379743 -0.22498301987635327 -0.32780440685749052 -0.078235107425313727 0.27489728308536793 -0.25832654301325475
leaf_weight=444 19.5 38.5 36.5 34.5 27.5 38.5 51 20 21 35 22.5 25 37 28 39 24 22 22 29 22 20 3482.5 60 22.5 54 23.5 25 26 22 22.5
leaf_count=312 19 26 29 24 27 34 45 19 20 30 22 23 32 28 39 24 22 22 29 22 20 3144 58 22 40 19 21 21 20 22
internal_value=5.10714e-10 -0.038944 -0.0177544 -0.178418 0.00508265 0.146709 0.00311891 0.00481523 0.00342187 0.00220153 0.0035929 0.13521 0.0384048 0.000787236 -0.000450891 0.00203763 0.238255 -0.158533 -0.0020554 -0.000214842 0.0624196 -0.00198386 0.0756483 0.0358517 0.0749709 -0.0053573 -0.09812 -0.0178108 0.0836172 -0.00280335
internal_weight=4794.5 553.5 480.5 73 4241 58 4183 4132 4104.5 4083.5 4048.5 84.5 62 3964 3936 3875 66 61 3809 3780 42 3758 156.5 136.5 114 3601.5 96.5 71.5 48 3505
internal_count=4235 391 341 50 3844 53 3791 3746 3719 3699 3669 77 55 3592 3564 3503 66 61 3437 3408 42 3386 139 120 98 3247 81 60 41 3166
is_linear=0
shrinkage=0.03


Tree=159
num_leaves=31
num_cat=0
split_feature=0 0 8 12 8 19 3 5 8 19 15 5 5 17 19 12 8 9 14 15 0 13 11 2 3 8 3 11 14 19
split_gain=1029.08 1152.93 1547.02 2414.69 934.462 1156.1 978.782 1382.19 1274.29 1307.93 2646.38 2198.26 2848.34 2548.09 1684.17 1533.33 1391.59 1291.35 1175.3 1151.05 2392.14 1362.16 1182.55 1104.88 1042.93 1858.71 1104.45 3569.29 3110.99 1926.32
threshold=369.85918811163452 329.50443722943709 300.12099479467906 38.500000000000007 280.60043859649153 0.48500000000000004 28316.500000000004 0.46847587719300782 270.43178973717153 0.35500000000000015 8025.3333333333348 -36.811925063350991 -34.242105263158486 355.50000000000006 0.2950000000000001 77.500000000000014 216.89062500000003 1880.0000000000002 220.00000000000003 1631.5000000000002 178.21237675142703 49.500000000000007 52.320523467244605 9.4497252235886471 865.50000000000011 143.31643132220802 2417.0000000000005 25.738694189881603 73.500000000000014 0.22000000000000003
decision_type=8 10 10 10 10 10 10 10 10 10 8 8 8 8 10 10 10 10 10 8 10 8 10 10 8 8 10 10 8 10
left_child=1 2 4 -4 5 6 8 -8 9 11 17 13 -13 -1 18 16 -15 -11 19 20 -14 -21 23 -23 25 -25 27 28 -26 -28
right_child=-2 -3 3 -5 -6 -7 7 -9 -10 10 -12 12 14 15 -16 -17 -18 -19 -20 21 -22 22 -24 24 26 -27 29 -29 -30 -31
leaf_value=-0.11778051109690414 0.16325532401385515 -0.18064959873561748 0.34261404522534072 -0.085871291041374212 -0.1417563769045998 0.20301710715293883 -0.29178274066373705 0.016428249900991267 0.22267657294221546 0.17673555906002336 -0.29783084797708298 -0.257634252040432 -0.069072582136500957 0.024471121919341383 0.19366232447326182 0.42545937050472604 0.30321337355507744 -0.13752060479896011 0.20527003993793411 -0.12994642470564161 0.32147477980317735 0.22704651310255652 -0.18869086460011902 0.29534331457368257 0.39629107837493599 0.013295034094184052 0.0046750686546958237 -0.13820948459525809 -0.00067686918284744018 -0.12700998870637811
leaf_weight=28.5 34.5 32 29 20 42.5 25 25 27.5 23 26 39.5 39 27.5 40 40 22 27 21.5 24.5 77 29 19 30.5 29 19.5 76.5 3406 211 200 103
leaf_count=26 33 32 29 20 42 24 20 21 23 24 34 35 23 36 38 21 27 20 22 64 29 17 27 23 19 74 2971 190 181 90
internal_value=7.76041e-11 -0.00118326 3.14042e-05 0.167722 -0.00172471 -0.000441121 -0.00154411 -0.130339 -6.09547e-05 -0.00119036 -0.11639 0.00106236 -0.00241084 0.129098 -9.1974e-05 0.208154 0.1368 0.0344933 -0.00191447 -0.00311504 0.131385 -0.00493676 -0.00258586 -0.00118916 -0.00226122 0.0908249 -0.00475407 -0.0501043 0.0345891 0.000809705
internal_weight=4794.5 4760 4728 49 4679 4636.5 4611.5 52.5 4559 4536 87 4449 4331.5 117.5 4292.5 89 67 47.5 4252.5 4228 56.5 4171.5 4094.5 4064 4045 105.5 3939.5 430.5 219.5 3509
internal_count=4235 4202 4170 49 4121 4079 4055 41 4014 3991 78 3913 3803 110 3768 84 63 44 3730 3708 52 3656 3592 3565 3548 97 3451 390 200 3061
is_linear=0
shrinkage=0.03


Tree=160
num_leaves=31
num_cat=0
split_feature=0 2 4 9 14 16 10 5 8 8 0 2 17 13 17 5 4 4 7 12 14 3 12 13 2 10 13 10 16 13
split_gain=1010.64 1285.79 1277.27 1420.23 1087.45 1038.32 1182.53 1174.18 1096 2255.69 1167.85 1172.15 1254.11 1624.4 1509.47 2271.05 1378.41 1325.03 3049.11 1144.74 1122.26 956.008 1652.17 2179.88 1258.25 1173.79 1138.84 1715.14 1439.57 1867.06
threshold=122.05476475876551 42.680174986419409 0.15017361111111119 1324.5000000000002 223.50000000000003 331.50000000000006 -3.4519585086058995 -82.299793377580997 333.52643948296105 300.12099479467906 329.50443722943709 9.4497252235886471 650.00000000000011 390.50000000000006 568.50000000000011 -6.9215748603894971 0.97048611111111127 0.90104166666666685 6805.0000000000009 102.50000000000001 178.50000000000003 978.00000000000011 53.500000000000007 210.50000000000003 32.494388485002609 -5.8662324906765475 334.50000000000006 7.1403368521139994 52.500000000000007 348.50000000000006
decision_type=10 8 8 8 10 10 10 8 10 10 10 10 10 10 10 10 10 10 10 10 10 8 8 8 10 10 10 8 8 10
left_child=1 2 -1 -4 5 7 -7 -2 9 10 11 -9 13 14 16 -16 17 20 -19 -17 21 22 -13 -24 25 -25 -23 28 -28 -30
right_child=4 -3 3 -5 -6 6 -8 8 -10 -11 -12 12 -14 -15 15 19 -18 18 -20 -21 -22 26 23 24 -26 -27 27 -29 29 -31
leaf_value=-0.06087704985360462 0.191537904381752 -0.22866011403501033 0.21870224261283874 -0.036101559241612749 0.21210419344902037 0.0051972405612468724 -0.30114538987015566 0.2579583866894245 -0.17453563255167776 0.29451303347945212 0.21153300017118451 0.32485410111291069 0.22923553555510764 -0.21012535918842662 0.32598826747387649 -0.14112211164236069 -0.20065081519465292 0.39980993550270794 -0.053858346432447433 0.14742949086792614 -0.15165047737654677 -7.3281577723973768e-05 -0.22774428852399189 -0.14933623602613808 0.28282609205245973 0.14115095851882811 -0.21232481150672985 -0.31771614589691161 -0.1132394906735191 0.25369837038218979
leaf_weight=274 30 32 35 45 22.5 24 21.5 15.999999999999998 31 24 24 21 21.5 33 32 25 31 24 30 24.5 44.5 3728.5 22.5 21 25 31 26 25 26 24
leaf_count=185 29 26 29 32 21 21 19 15 31 24 24 20 20 28 32 21 31 24 30 21 38 3337 18 20 24 31 21 21 20 22
internal_value=1.0236e-10 -0.0465477 -0.0300856 0.0753751 0.00407563 0.00300845 -0.139558 0.00450293 0.00320122 0.00448871 0.00285304 0.00166946 0.000696715 -0.000474859 0.00118783 0.129026 -0.0013661 0.000159851 0.147772 0.00169636 -0.00183566 -0.000147869 0.0830536 0.0320203 0.107926 0.0238388 -0.00276591 -0.102166 -0.031262 0.0628907
internal_weight=4794.5 386 354 80 4408.5 4386 45.5 4340.5 4310.5 4279.5 4255.5 4231.5 4215.5 4194 4161 81.5 4079.5 4048.5 54 49.5 3994.5 3950 120.5 99.5 77 52 3829.5 101 76 50
internal_count=4235 272 246 61 3963 3942 40 3902 3873 3842 3818 3794 3779 3759 3731 74 3657 3626 54 42 3572 3534 113 93 75 51 3421 84 63 42
is_linear=0
shrinkage=0.03


Tree=161
num_leaves=31
num_cat=0
split_feature=0 0 8 15 8 19 3 5 8 19 15 5 5 17 19 12 8 9 15 0 13 11 14 10 0 0 2 17 13 14
split_gain=999.484 1127.81 1456.57 1973.83 1777.11 1065.78 914.27 1299.86 1200.13 1251.15 2475.89 2040.6 2680.77 2391.45 1570.8 1414.46 1299.65 1217.85 1056.56 2235.09 1287.63 1124.09 1060.15 1050.69 1006.23 1079.33 2068.39 1646.07 1963.58 1365.57
threshold=369.85918811163452 329.50443722943709 293.23821271929859 7557.3333333333348 280.60043859649153 0.48500000000000004 28316.500000000004 0.46847587719300782 270.43178973717153 0.35500000000000015 8025.3333333333348 -36.811925063350991 -34.242105263158486 355.50000000000006 0.2950000000000001 77.500000000000014 216.89062500000003 1880.0000000000002 1631.5000000000002 178.21237675142703 49.500000000000007 52.320523467244605 220.00000000000003 5.6706190363106499 280.23157894736852 131.35287990196053 11.853569291887402 642.50000000000011 390.50000000000006 179.50000000000003
decision_type=8 10 10 8 10 10 10 10 10 10 8 8 8 8 10 10 10 10 8 10 8 10 10 8 10 10 10 10 10 10
left_child=1 2 4 -4 5 6 8 -8 9 11 17 13 -13 -1 18 16 -15 -11 19 -14 23 22 24 -20 25 -22 -27 28 29 -28
right_child=-2 -3 3 -5 -6 -7 7 -9 -10 10 -12 12 14 15 -16 -17 -18 -19 20 -21 21 -23 -24 -25 -26 26 27 -29 -30 -31
leaf_value=-0.11473665064886995 0.16089084756115207 -0.17866671329364181 -0.061438621759414676 0.28362696261019321 -0.23399233280097023 0.19494193759560585 -0.28250615372657778 0.01638441480289806 0.21612581421499666 0.17027685862321121 -0.28929923399339746 -0.24987432100451912 -0.066681851571256459 0.023934049982344732 0.18709704403881913 0.40973274512724439 0.29331022633446585 -0.13490514461384262 -0.037223502229899168 0.3108277289517995 -0.032574130766706108 -0.18268080418227148 0.20104106806694191 -0.26354447203874587 -0.15268854031196008 0.20974042965968448 0.0077029174080331334 0.26657447992369188 -0.25645501806185794 -0.15520428227617386
leaf_weight=28.5 34.5 32 25 37 29.5 25 25 27.5 23 26 39.5 39 27.5 40 40 22 27 21.5 48 29 730 30.5 23.5 30 39 45 3155.5 21.5 26 47
leaf_count=26 33 32 25 37 29 24 20 21 23 24 34 35 23 36 38 21 27 20 41 29 511 27 21 24 39 42 2890 21 22 40
internal_value=7.64007e-11 -0.00116612 3.52371e-05 0.144488 -0.00188419 -0.000407389 -0.00146642 -0.125944 -3.29729e-05 -0.00112902 -0.1138 0.00107426 -0.00227208 0.124433 -2.24579e-05 0.201021 0.132489 0.0321418 -0.00178255 0.127084 -0.00351776 -0.00123057 0.000123374 -0.12427 -0.00103843 0.000430976 0.00774319 0.0049463 0.003204 0.00531209
internal_weight=4794.5 4760 4728 62 4666 4636.5 4611.5 52.5 4559 4536 87 4449 4331.5 117.5 4292.5 89 67 47.5 4252.5 56.5 4196 4118 4087.5 78 4064 4025 3295 3250 3228.5 3202.5
internal_count=4235 4202 4170 62 4108 4079 4055 41 4014 3991 78 3913 3803 110 3768 84 63 44 3730 52 3678 3613 3586 65 3565 3526 3015 2973 2952 2930
is_linear=0
shrinkage=0.03


Tree=162
num_leaves=31
num_cat=0
split_feature=0 2 6 2 3 6 5 8 18 19 19 4 0 13 18 9 18 2 10 10 19 16 18 3 18 3 17 3 10 19
split_gain=963.164 1040.09 865.083 915.127 846.137 816.673 1628.22 1099.14 1889.44 3232.57 4041.65 1379.96 1934.86 3275.69 1282.46 3032.09 763.387 1354.14 2036.04 1694.42 2431.27 1610.68 1538.98 2061.6 1857.69 3715.38 3623.23 3097.39 2724.57 1839.73
threshold=107.16198150924551 28.038784472619053 95.000000000000014 29.462917145259805 29445.000000000004 682.50000000000011 -82.299793377580997 333.52643948296105 1.0000000180025095e-35 -1.0000000180025095e-35 -0.16499999999999992 0.97048611111111127 269.45300751879705 195.50000000000003 0.10500000000000002 1220.0000000000002 0.90500000000000014 18.073508690110003 1.1262019801432965 -3.7818286794767499 0.020000000000000014 -134.49999999999997 0.21500000000000002 12004.500000000002 0.39500000000000007 6814.5000000000009 449.50000000000006 9104.0000000000018 -10.619604199576397 -0.34499999999999992
decision_type=10 8 8 10 10 10 8 10 10 10 10 10 10 10 10 8 10 10 8 10 10 10 10 10 10 8 10 8 10 8
left_child=1 -1 3 -2 5 6 -4 8 9 10 -8 12 14 -14 15 -10 17 18 19 20 -16 -22 23 -19 25 26 28 -27 -24 -26
right_child=2 -3 4 -5 -6 -7 7 -9 11 -11 -12 -13 13 -15 16 -17 -18 22 -20 -21 21 -23 24 -25 29 27 -28 -29 -30 -31
leaf_value=-0.014330865555518383 -0.010703828462532587 -0.22051582055549099 0.22380220970169443 -0.2580778576719 -0.1386470281124115 -0.17196623051420171 0.21383315920829774 -0.17711254829168319 0.14781048604846 0.42387603989014255 -0.29963628758083688 -0.21142542105582024 0.39116469055414199 -0.079057796597480773 -0.02811191867351532 -0.3189904209926947 -0.021779857926609598 -0.028353294158397716 0.23844062276788661 -0.10249657562901747 0.096835896849632258 0.43704121524872985 -0.38611580792595357 -0.34926478815078738 0.28741427430510524 0.4203310322326918 0.29230566129088398 0.10561800671698049 -0.030008075717836619 -0.0013387614723573871
leaf_weight=55.5 31.5 36.5 30.5 23.5 37.5 23.5 37 30 20 26 22 27 30 24 62.5 33.5 871 64.5 55.5 58 27.5 23 25.5 25 20 36 24 129 80 2805
leaf_count=39 27 29 30 20 28 22 37 30 20 26 22 27 30 24 61 33 639 64 55 55 27 23 25 25 20 36 24 128 79 2530
internal_value=-1.63809e-11 -0.0961325 0.00188074 -0.1164 0.00328051 0.00443502 0.00533886 0.00387636 0.00507602 0.145184 0.02237 0.00239439 0.0037023 0.182177 0.00149183 -0.144485 0.00330532 0.00966515 0.0805589 0.0293166 0.0969729 0.251781 0.00466127 -0.117993 0.0081803 0.0798824 -0.0403959 0.174283 -0.116082 0.000705508
internal_weight=4794.5 92 4702.5 55 4647.5 4610 4586.5 4556 4526 85 59 4441 4414 54 4360 53.5 4306.5 3435.5 226.5 171 113 50.5 3209 89.5 3119.5 294.5 129.5 165 105.5 2825
internal_count=4235 68 4167 47 4120 4092 4070 4040 4010 85 59 3925 3898 54 3844 53 3791 3152 221 166 111 50 2931 89 2842 292 128 164 104 2550
is_linear=0
shrinkage=0.03


Tree=163
num_leaves=31
num_cat=0
split_feature=0 0 8 15 8 19 19 0 5 5 17 2 14 11 4 18 19 2 6 15 1 15 14 13 2 3 1 4 5 7
split_gain=962.224 1088.79 1365.37 1873.96 1695.09 988.53 852.977 2364.07 1711.04 2475.47 2247.43 1987.22 2259 2879.54 1491.16 3778.95 1705.91 1450.44 1364.79 1793.85 1289.36 1023.37 997.318 939.584 2089.48 1294.73 1761.49 3353.19 1167.23 1806.87
threshold=369.85918811163452 329.50443722943709 293.23821271929859 7557.3333333333348 280.60043859649153 0.48500000000000004 0.35500000000000015 146.87505910165501 -36.811925063350991 -34.242105263158486 355.50000000000006 24.615438086418553 112.50000000000001 30.951378255802354 0.79774305555555569 0.29500000000000004 0.31500000000000011 24.993279616806355 433.50000000000006 10216.000000000002 239.02734110885723 8417.1666666666697 220.00000000000003 378.50000000000006 28.435871896809406 865.50000000000011 142.38676900584781 0.26736111111111122 -21.035183535321504 20747.000000000004
decision_type=8 10 10 8 10 10 10 10 8 8 8 10 10 10 10 10 10 10 8 10 10 10 10 10 10 8 10 10 8 8
left_child=1 2 4 -4 5 6 8 -8 10 -10 -1 -12 13 -13 16 18 20 -9 19 -16 22 -20 23 25 -25 26 -11 -28 29 -27
right_child=-2 -3 3 -5 -6 -7 7 17 9 14 11 12 -14 -15 15 -17 -18 -19 21 -21 -22 -23 -24 24 -26 28 27 -29 -30 -31
leaf_value=-0.11714196100073346 0.15786345856345216 -0.1755468483455479 -0.060755499458312989 0.27546651619511681 -0.22851087476237344 0.18775629494190216 -0.2998501279950142 -0.16041873959784811 -0.2375881771221757 -0.099281305691291538 0.44016111203602382 -0.23765760406851769 0.37483085676346245 0.2120338189601898 0.26895604640245441 0.36054623877008751 0.25389039703037425 0.14517295028204502 -0.0023346495657013012 -0.092561286347252983 -0.19639602581659951 -0.26628088688850399 0.18710543822269049 -0.275760635238673 0.063924823334959677 -0.037101795083746822 0.50939893573522566 0.058424011176047112 -0.0014670790028855332 -0.27435233653946356
leaf_weight=29.5 34.5 32 25 37 29.5 25 32 23.5 40 29 21 24 20.5 27.5 30 36 23 34.5 39 21 31.5 20 24.5 35 30.5 232 20 57.5 3697 33
leaf_count=27 33 32 25 37 29 24 24 23 36 22 20 22 20 26 30 36 21 34 39 21 31 20 22 28 27 204 20 56 3219 27
internal_value=7.4804e-11 -0.00114418 3.6212e-05 0.139893 -0.00182215 -0.000379832 -0.00139976 -0.0928509 0.000420563 -0.00265908 0.111011 0.183382 0.108489 0.00246888 -0.000503274 0.0937527 -0.00376968 0.0213556 0.00643841 0.120096 -0.00518404 -0.091808 -0.00373564 -0.00486665 -0.117586 -0.00305194 0.100171 0.174805 -0.00582661 -0.0666462
internal_weight=4794.5 4760 4728 62 4666 4636.5 4611.5 90 4521.5 4399 122.5 93 72 51.5 4359 146 4213 58 110 51 4190 59 4158.5 4134 65.5 4068.5 106.5 77.5 3962 265
internal_count=4235 4202 4170 62 4108 4079 4055 81 3974 3859 115 88 68 48 3823 146 3677 57 110 51 3656 59 3625 3603 55 3548 98 76 3450 231
is_linear=0
shrinkage=0.03


Tree=164
num_leaves=31
num_cat=0
split_feature=0 2 6 2 3 9 14 9 12 7 11 11 9 11 5 15 13 4 13 15 19 6 9 18 0 2 18 0 12 11
split_gain=929.9 998.591 816.846 865.735 789.521 796.319 1202.8 1079.85 1747.51 3059.86 1880.72 2999.18 5007.26 1781.74 2095.64 1956.62 2360.97 2946.35 1467.4 1578.45 1409.84 1328.87 1569.19 1177.21 2680.71 2777.96 2051.77 2060.62 1390.24 1027.52
threshold=107.16198150924551 28.038784472619053 95.000000000000014 29.462917145259805 29445.000000000004 -13171.999999999998 87.500000000000014 -3697.9999999999995 33.500000000000007 12769.500000000002 43.944724492202305 38.773712489866362 -5498.4999999999991 34.468444484125456 -13.067639927359009 13850.166666666672 220.50000000000003 0.3732638888888889 283.50000000000006 8351.6666666666697 -0.014999999999999956 434.50000000000006 -4983.9999999999991 1.0000000180025095e-35 280.23157894736852 18.352412833309355 0.085000000000000006 269.45300751879705 36.500000000000007 17.243314794756753
decision_type=10 8 8 10 10 8 8 8 8 10 8 10 10 10 10 10 10 10 10 10 10 10 10 10 10 10 10 10 10 10
left_child=1 -1 3 -2 5 6 -4 8 9 -7 11 13 -13 14 18 21 17 -17 19 -10 -15 29 -23 24 -9 -26 28 -28 -25 -16
right_child=2 -3 4 -5 -6 7 -8 23 10 -11 -12 12 -14 20 15 16 -18 -19 -20 -21 -22 22 -24 26 25 -27 27 -29 -30 -31
leaf_value=-0.014304628420520472 -0.010283599935826801 -0.21633470515682271 -0.26725118204951287 -0.25088925665997447 -0.13388892679214479 0.38682583061131559 -0.013066348425439887 0.38625185772128723 0.15700635631205673 -0.050719203741344455 -0.19054720167232594 0.0046119216161555256 0.61288379030568263 -0.31973996836692092 0.13760096274573225 0.15078640988137984 -0.0043533555098942351 0.55055800650268794 -0.29546515806516011 -0.10407721465847022 0.0071589577324846949 0.035048228458924725 0.28841371434926988 -0.33255827269383842 -0.23822846188545227 0.16688044745188493 -0.0025119916830402913 0.23929617729038 -0.036194632258908496 -0.056074255784594178
leaf_weight=55.5 31.5 36.5 24 23.5 37.5 33 55.5 23 29.5 25.5 34.5 29 21 24 29 67.5 52.5 22 22.5 71 23.5 82.5 30 28 25 39 3593 32 29 164.5
leaf_count=39 27 29 21 20 28 31 47 23 28 22 30 26 20 21 24 57 44 22 21 63 21 71 28 28 25 39 3173 32 29 146
internal_value=7.74904e-12 -0.0944579 0.00184798 -0.113088 0.00320817 0.00432338 -0.0898014 0.00597506 0.0385594 0.196101 0.0254496 0.0365968 0.260086 0.0185297 0.0332157 0.0633302 0.155365 0.249054 -0.0764696 -0.0274407 -0.158011 0.0206213 0.102612 -0.000608375 0.108465 0.00863478 -0.0031856 -0.000377409 -0.181777 -0.027048
internal_weight=4794.5 92 4702.5 55 4647.5 4610 79.5 4530.5 761.5 58.5 703 668.5 50 618.5 571 448 142 89.5 123 100.5 47.5 306 112.5 3769 87 64 3682 3625 57 193.5
internal_count=4235 68 4167 47 4120 4092 68 4024 675 53 622 592 46 546 504 392 123 79 112 91 42 269 99 3349 87 64 3262 3205 57 170
is_linear=0
shrinkage=0.03


Tree=165
num_leaves=31
num_cat=0
split_feature=0 0 8 15 8 19 19 0 5 5 17 2 14 11 15 19 4 18 4 6 8 8 7 1 17 3 8 5 1 4
split_gain=941.653 1028.52 1273.53 1796.9 1612.43 939.454 789.227 2215.98 1614.21 2315.01 2113.96 1844.1 2128.8 2712.53 1422.69 1405.32 1372.26 4018.9 1264.67 1589.07 1238.51 1140.2 2929.89 2017.81 1758.73 1362.56 2079.07 1853.51 1774.61 3852.31
threshold=369.85918811163452 329.50443722943709 293.23821271929859 7557.3333333333348 280.60043859649153 0.48500000000000004 0.35500000000000015 146.87505910165501 -36.811925063350991 -34.242105263158486 355.50000000000006 24.615438086418553 112.50000000000001 30.951378255802354 8565.6666666666697 0.2950000000000001 0.79774305555555569 0.29500000000000004 0.92274305555555569 433.50000000000006 240.00555555555601 209.90919384057955 10277.000000000002 204.21996278575227 359.50000000000006 865.50000000000011 207.30630274261603 -27.619170303380994 142.38676900584781 0.26215277777777779
decision_type=8 10 10 8 10 10 10 10 8 8 8 10 10 10 8 10 10 10 10 8 10 10 8 10 10 8 10 8 10 10
left_child=1 2 4 -4 5 6 8 -8 10 -10 -1 -12 13 -13 -9 16 20 18 19 -18 21 25 23 -23 -24 28 27 -27 -11 -30
right_child=-2 -3 3 -5 -6 -7 7 14 9 15 11 12 -14 -15 -16 -17 17 -19 -20 -21 -22 22 24 -25 -26 26 -28 -29 29 -31
leaf_value=-0.11347485641301688 0.15616687059402465 -0.17063898839056491 -0.061393386983871451 0.2678435929240407 -0.22287194067138735 0.18303389963507652 -0.2897455624490976 0.13109348115921018 -0.2297946346979588 -0.08317594539551508 0.42534898383276804 -0.23013512089848517 0.36439539531382115 0.20632061398029328 -0.17971862111331485 0.17647904945164919 0.21354704370101291 0.39801130951195951 -0.17655193895101545 -0.05012279279297218 -0.19417518577268048 0.19058277933625503 0.38026545820917401 -0.088029715778498815 0.032992739900946616 -0.14911370012091427 -0.25872985732555387 -0.0049374548849287717 0.53879317080974576 0.042461850878439449
leaf_weight=29.5 34.5 32 25 37 29.5 25 32 37.5 40 31.5 21 24 20.5 27.5 20.5 40 36 30 26 48 31 32 35 87 21 82 30 3762 20 47.5
leaf_count=27 33 32 25 37 29 24 24 37 36 24 20 22 20 26 20 38 36 30 26 48 31 32 35 87 21 67 29 3253 20 46
internal_value=-3.80606e-11 -0.00113188 1.53745e-05 0.135087 -0.0017794 -0.000372688 -0.00136698 -0.0893343 0.000384003 -0.00260724 0.1078 0.177989 0.105843 0.00292377 0.0212375 -0.000522469 -0.00216175 0.0902271 0.0062859 0.0628786 -0.00525685 -0.00384498 0.0710983 -0.0131087 0.250038 -0.00714603 -0.00995455 -0.00801301 0.102755 0.189523
internal_weight=4794.5 4760 4728 62 4666 4636.5 4611.5 90 4521.5 4399 122.5 93 72 51.5 58 4359 4319 140 110 84 4179 4148 175 119 56 3973 3874 3844 99 67.5
internal_count=4235 4202 4170 62 4108 4079 4055 81 3974 3859 115 88 68 48 57 3823 3785 140 110 84 3645 3614 175 119 56 3439 3349 3320 90 66
is_linear=0
shrinkage=0.03


Tree=166
num_leaves=31
num_cat=0
split_feature=0 14 6 5 8 18 19 19 4 0 7 17 13 17 19 19 2 14 5 9 2 7 7 18 15 4 18 5 7 6
split_gain=901.896 1404.4 803.213 1447.79 999.583 1747.04 2845.89 3778.03 1249.55 1605.33 2778.81 1091.75 1440.77 882.155 1580.74 2172.83 1651.34 1214.5 1025.63 885.362 1171.97 1231.02 2116.9 877.011 2363.19 864.565 2008.71 3583.57 2292.2 1721.65
threshold=104.51049741602051 98.500000000000014 682.50000000000011 -82.299793377580997 333.52643948296105 1.0000000180025095e-35 -1.0000000180025095e-35 -0.16499999999999992 0.97048611111111127 269.45300751879705 8835.5000000000018 686.50000000000011 390.50000000000006 570.50000000000011 -0.12999999999999989 0.090000000000000011 32.104669429227307 178.50000000000003 3.0104606468095132 9564.0000000000018 19.566870825418953 2308.5000000000005 8716.5000000000018 0.095000000000000015 5743.8333333333348 0.81423611111111127 0.26500000000000007 -34.242105263158486 11722.000000000002 405.50000000000006
decision_type=10 8 10 8 10 10 10 10 10 10 8 10 10 10 8 10 10 10 8 10 10 10 10 10 10 10 10 10 8 8
left_child=1 -1 3 -2 5 6 7 -5 9 11 -11 12 13 17 -15 16 -16 19 -19 23 -21 -22 -23 24 -7 -25 29 -28 -29 -27
right_child=2 -3 -4 4 -6 8 -8 -9 -10 10 -12 -13 -14 14 15 -17 -18 18 -20 20 21 22 -24 25 -26 26 27 28 -30 -31
leaf_value=-0.2790947595632301 0.20515873434997739 0.0011283225547976609 -0.1680409769296646 0.20454849803769909 -0.16869725715729497 -0.35079632797024463 0.39128838294082213 -0.29189280233599924 -0.20378738615247938 0.44408766174316405 0.0008029436383928571 0.20974066452546553 -0.17196225096670428 0.32118481636047364 0.048378147722744354 0.26289406495935774 -0.27146971722443897 -0.005121961079145732 -0.25257716976106165 0.080406346275256224 0.086106352972984301 -0.23835944396818612 0.028495233422372399 0.0013481611981163032 0.088921503505923524 0.10036408789779828 -0.058935812980897964 0.14369539614021776 0.59789624440670019 -0.28021856054663657
leaf_weight=26.5 31.5 41 25 37 31 22 27 22 27 20 35 22 44.5 20.5 41 25.5 22.5 28.5 32 39 25 77 41 3895 22 23 31 20 20 20
leaf_count=19 31 32 23 37 31 22 27 22 27 20 35 21 37 20 33 24 20 24 26 33 23 63 35 3414 22 23 31 20 20 20
internal_value=-8.64297e-11 -0.108885 0.00155484 0.00245657 0.00108945 0.00222392 0.13618 0.0194348 -0.000306039 0.000907701 0.161997 -0.00107372 -0.00211607 -0.000400255 0.0836851 0.0289802 -0.0649538 -0.00254374 -0.136007 -0.000637119 -0.0653674 -0.105124 -0.145639 0.00226959 -0.130937 0.00373158 0.0851651 0.183167 0.370796 -0.0766511
internal_weight=4794.5 67.5 4727 4702 4670.5 4639.5 86 59 4553.5 4526.5 55 4471.5 4449.5 4405 109.5 89 63.5 4295.5 60.5 4235 182 143 118 4053 44 4009 114 71 40 43
internal_count=4235 51 4184 4161 4130 4099 86 59 4013 3986 55 3931 3910 3873 97 77 53 3776 50 3726 154 121 98 3572 44 3528 114 71 40 43
is_linear=0
shrinkage=0.03


Tree=167
num_leaves=31
num_cat=0
split_feature=0 0 8 15 8 8 0 18 9 7 1 17 13 17 19 19 2 14 5 13 6 12 1 10 3 16 6 1 3 1
split_gain=885.37 989.178 1173.35 1710.64 1529.85 883.707 1028.13 1437.41 1018.44 1482.91 1036.4 852.915 1099.68 999.912 1370.17 2117.75 1415.56 1102 866.723 742.669 990.166 701.528 1659.97 797.562 2646.81 2852.71 1405.27 1190.22 833.301 2836.24
threshold=369.85918811163452 329.50443722943709 293.23821271929859 7557.3333333333348 280.60043859649153 270.43178973717153 280.23157894736852 0.015000000000000001 11531.500000000002 2730.0000000000005 266.67371958967323 686.50000000000011 390.50000000000006 570.50000000000011 -0.12999999999999989 0.090000000000000011 27.797335797656903 178.50000000000003 3.0104606468095132 198.50000000000003 479.50000000000006 127.50000000000001 150.31271688968187 -15.733941055166499 5533.5000000000009 42.500000000000007 394.50000000000006 165.58827363547772 1271.5000000000002 142.38676900584781
decision_type=8 10 10 8 10 10 10 10 10 10 10 10 10 10 8 8 10 10 8 8 8 10 10 8 10 10 10 8 8 10
left_child=1 2 4 -4 5 6 7 -1 10 -10 11 12 13 17 -15 16 -16 21 -19 -11 -21 23 -23 24 27 26 -26 -9 29 -25
right_child=-2 -3 3 -5 -6 -7 -8 8 9 19 -12 -13 -14 14 15 -17 -18 18 -20 20 -22 22 -24 28 25 -27 -28 -29 -30 -31
leaf_value=0.23157907471060751 0.15142786601315375 -0.16733114172471686 -0.062028367853164679 0.25920881828746278 -0.21705111302214405 0.17755679630041121 -0.15466908555764419 -0.23755066689010709 0.10752504297022548 -0.26965092967450616 0.17393816090399219 0.18410039144257703 -0.14779767633794427 0.31154926675121958 0.05528468138667253 0.23738464536205414 -0.25227275385804798 -0.0075164068287069136 -0.23801367736998055 0.020561883591893891 -0.2289324501156807 0.24217496085522783 -0.075586832784256847 -0.15282170060169264 0.48789688653945923 -0.054400814119374974 0.15051462489366529 0.04605790166478408 -0.0067001160639091183 0.13355528550693788
leaf_weight=24 34.5 32 25 37 29.5 25 39 25 26.5 30 31 22.5 45.5 20.5 32.5 31 23 27.5 31.5 33.5 25 33.5 26.5 41.5 25 26.5 20 28.5 3817.5 124.5
leaf_count=24 33 32 25 37 29 25 39 20 24 24 31 21 38 20 25 29 21 23 26 29 20 29 25 30 25 23 20 28 3340 120
internal_value=-1.13632e-10 -0.00109753 2.75665e-05 0.129678 -0.00169517 -0.000324959 -0.0012893 1.89174e-05 -0.0012029 -0.0893444 0.00108339 -0.00013376 -0.00108017 0.000459951 0.0910296 0.0387677 -0.0721716 -0.00183241 -0.130579 -0.148294 -0.0860596 -1.01653e-05 0.10183 -0.00149743 0.0731198 0.192533 0.337949 -0.0864695 -0.00383888 0.061961
internal_weight=4794.5 4760 4728 62 4666 4636.5 4611.5 4572.5 4548.5 115 4433.5 4402.5 4380 4334.5 107 86.5 55.5 4227.5 59 88.5 58.5 4168.5 60 4108.5 125 71.5 45 53.5 3983.5 166
internal_count=4235 4202 4170 62 4108 4079 4054 4015 3991 97 3894 3863 3842 3804 95 75 46 3709 49 73 49 3660 54 3606 116 68 45 48 3490 150
is_linear=0
shrinkage=0.03


Tree=168
num_leaves=31
num_cat=0
split_feature=0 14 6 2 6 5 8 0 3 0 0 12 18 18 9 19 19 7 10 11 19 16 13 13 17 17 19 3 9 3
split_gain=865.253 1314.59 783.123 819.222 759.898 1381.3 1018.1 1652.27 2574.8 1097.71 3260.65 1937.99 1174.73 1338.4 2274.35 818.416 1421.94 1340.34 1015.67 956.714 1344.66 913.554 1897.02 1202.13 2142.21 1161.51 3744.04 1581.58 1239.82 1145.78
threshold=104.51049741602051 98.500000000000014 95.000000000000014 29.462917145259805 682.50000000000011 -82.299793377580997 333.52643948296105 299.13949897048752 7718.0000000000009 280.23157894736852 269.45300751879705 82.500000000000014 0.025000000000000005 0.10500000000000002 1220.0000000000002 0.41500000000000009 0.36500000000000005 6658.5000000000009 5.3371551589163522 53.729031279885305 0.33500000000000013 254.50000000000003 356.50000000000006 370.50000000000006 585.00000000000011 550.50000000000011 -0.12999999999999989 7493.5000000000009 -1290.4999999999998 10070.500000000002
decision_type=10 8 8 10 10 8 10 10 8 10 10 8 10 10 8 10 10 8 10 10 10 10 10 10 10 10 8 8 10 10
left_child=1 -1 3 -2 5 -4 7 9 -9 10 12 -11 -7 14 -14 16 19 -18 -17 20 21 23 29 25 -25 -15 -27 -28 -29 -23
right_child=2 -3 4 -5 -6 6 -8 8 -10 11 -12 -13 13 15 -16 18 17 -19 -20 -21 -22 22 -24 24 -26 26 27 28 -30 -31
leaf_value=-0.27132749359562713 -0.013097539540718902 -0.00021255097738126429 0.20498019954220192 -0.2448664942700812 -0.16208823130130767 0.21951895334503868 -0.17177317708730697 0.41839943293820731 -0.00059300753203305335 0.053934739172458647 0.3095844796588344 -0.36370091173052788 0.078569354116916651 -0.0014004702165665971 -0.32445475052979034 -0.0034594412410960478 -0.0020160501797993977 -0.32768663779548979 0.27474446556784893 -0.16977315671485046 0.19998489341428202 0.12713839847221969 0.32388876922428605 -0.33950915343486343 0.0094295761154757612 0.44602661132812499 -0.11616622971911585 0.29004342742588207 0.019786740387534047 -0.1079003187928881
leaf_weight=26.5 33 41 30.5 23.5 25 22 30 22 33 20 31 20 22 3930 29.5 25.5 22.5 23 22 29 31 40 24 26 40.5 22 46.5 23 45.5 35
leaf_count=19 28 32 30 20 23 22 30 22 33 20 31 20 22 3449 29 23 21 21 22 25 29 36 23 21 35 22 39 21 37 30
internal_value=-2.12259e-10 -0.10665 0.00152293 -0.109497 0.00286596 0.00375367 0.00242379 0.00356357 0.167004 0.0015792 0.00297307 -0.154883 0.000841436 -0.000242833 -0.152289 0.00154268 0.000186555 -0.166641 0.125393 0.0019549 0.00312299 0.00168111 0.091741 -0.000475877 -0.126998 0.00159289 0.087461 0.0188658 0.11053 0.0174537
internal_weight=4794.5 67.5 4727 56.5 4670.5 4645.5 4615 4585 55 4530 4490 40 4459 4437 51.5 4385.5 4338 45.5 47.5 4292.5 4263.5 4232.5 99 4133.5 66.5 4067 137 115 68.5 75
internal_count=4235 51 4184 48 4136 4113 4083 4053 55 3998 3958 40 3927 3905 51 3854 3809 42 45 3767 3742 3713 89 3624 56 3568 119 97 58 66
is_linear=0
shrinkage=0.03


Tree=169
num_leaves=31
num_cat=0
split_feature=0 0 8 12 4 6 1 15 7 10 6 8 8 15 12 7 7 11 3 4 10 0 13 0 0 0 8 3 1 14
split_gain=845.541 962.799 1087.57 2172.01 793.289 847.584 963.346 1815.21 2429.9 3360.3 2844.12 1741.59 1801.5 1477.37 1394.23 1367.04 3042.72 2121.17 1748.25 1504.64 1052.07 1030.87 2554.28 1524.54 1259.49 2813.12 4159.9 1284.56 1022.5 1816.18
threshold=369.85918811163452 329.50443722943709 300.12099479467906 38.500000000000007 0.97048611111111127 682.50000000000011 213.90954831269366 15377.166666666666 11670.000000000002 1.7021374070186506 258.50000000000006 211.87199197861003 218.92526595744704 12016.166666666666 69.500000000000014 3695.5000000000005 2207.5000000000005 33.054948084725659 12004.500000000002 0.84548611111111127 4.4360278443647507 247.29850361197103 238.50000000000003 236.87704918032804 221.68319838056655 214.65625000000003 182.08211891576801 8398.5000000000018 208.13199956946298 140.50000000000003
decision_type=8 10 10 10 10 10 10 10 8 10 10 10 10 10 10 10 10 10 10 10 10 10 10 10 10 10 10 8 10 8
left_child=1 2 4 -4 5 6 21 8 11 10 -10 14 -13 -11 20 16 -14 18 19 -17 -8 23 -23 24 25 28 -27 -26 -1 -30
right_child=-2 -3 3 -5 -6 -7 7 -9 9 13 -12 12 15 -15 -16 17 -18 -19 -20 -21 -22 22 -24 -25 27 26 -28 -29 29 -31
leaf_value=-0.0025017979430719214 0.1479827099520227 -0.16507464794442056 0.30650962216073069 -0.099874107599258424 -0.14581721132292466 -0.17286145455697002 -0.085309037342667565 -0.16735988127834656 0.55029941228883605 -0.10525419258286019 0.14464875074795314 -0.25127633841414199 0.097937942147254944 0.21477315902709959 0.3417908134785565 -0.046539178459267867 -0.41333251471817489 0.24121173674926943 -0.26518610852105279 0.22532898654540379 0.20545036375522613 0.021091976715968207 -0.38030056190490719 0.2315387128829956 -0.017005422910054524 0.45307964503765108 -0.038645869139581915 -0.27359731551139588 0.058026281374578291 -0.27836905620877556
leaf_weight=3906.5 34.5 32 29 20 34 25.5 24 34 28 37 35 28.5 22 20 22 57 20 38 21 27 21 39 22.5 25 40.5 30 32 31 26 32.5
leaf_count=3356 33 32 29 20 34 23 24 33 28 37 35 28 22 20 22 57 20 38 21 27 21 39 22 25 40 30 32 30 26 31
internal_value=-2.878e-10 -0.00107256 3.74331e-05 0.140639 -0.00143499 -0.000378155 0.000573967 0.0430915 0.0609575 0.173935 0.324938 0.0126251 -0.0292511 0.00703611 0.146066 0.00495282 -0.145524 0.0491489 -0.0203596 0.040847 0.0503787 -0.00384034 -0.125759 -0.00202198 -0.00344665 -0.00123066 0.199286 -0.128255 -0.0043661 -0.12886
internal_weight=4794.5 4760 4728 49 4679 4645 4619.5 434.5 400.5 120 63 280.5 213.5 57 67 185 42 143 105 84 45 4185 61.5 4123.5 4098.5 4027 62 71.5 3965 58.5
internal_count=4235 4202 4170 49 4121 4087 4064 433 400 120 63 280 213 57 67 185 42 143 105 84 45 3631 61 3570 3545 3475 62 70 3413 57
is_linear=0
shrinkage=0.03


Tree=170
num_leaves=31
num_cat=0
split_feature=0 14 6 2 9 9 19 16 2 12 11 19 11 6 3 6 7 8 0 3 2 1 3 13 3 7 10 17 17 8
split_gain=833.14 1231.12 729.127 773.517 727.725 1128.23 2015.15 1731.4 1749.6 3619.6 3157.66 1871.01 2392.85 1605.86 1348.28 1613.38 1357.15 1288.82 1144.03 2134.45 4743.78 3729.53 1520.21 3168.08 2522.68 2089.05 2681.42 2504.86 4609.96 5244.14
threshold=104.51049741602051 98.500000000000014 95.000000000000014 29.462917145259805 -13171.999999999998 -3780.9999999999995 -0.23499999999999999 -258.99999999999994 40.141422996556457 48.500000000000007 42.351064264213207 0.049999999999999968 38.384612854054254 370.50000000000006 10520.500000000002 389.50000000000006 20031.000000000004 140.49473684210503 209.88904840032805 4207.5000000000009 25.476903149343453 226.82571884903638 5447.5000000000009 232.50000000000003 6000.5000000000009 2207.5000000000005 0.23818597965799884 402.50000000000006 487.50000000000006 274.62807017543906
decision_type=10 8 8 10 8 8 10 8 10 10 10 10 10 10 10 10 10 10 10 8 10 8 8 10 8 8 8 10 10 8
left_child=1 -1 3 -2 -4 6 13 -8 10 -10 11 12 14 -6 15 -9 17 -16 -7 20 -20 -22 23 -21 -24 -26 -27 -28 29 -29
right_child=2 -3 4 -5 5 18 7 8 9 -11 -12 -13 -14 -15 16 -17 -18 -19 19 22 21 -23 24 -25 25 26 27 28 -30 -31
leaf_value=-0.26401585079588979 -0.0119579448483207 -0.0016493126531926597 -0.084187210289870987 -0.23716889893754997 0.42547581800392698 -0.0086881687650196965 0.27927662007352139 -0.05725910099177825 0.42048091858083547 -0.083696354068815704 -0.33754459908668027 -0.056673449389636511 0.35869462656026535 0.054470688338790624 0.11040929412245751 0.087847680504582512 0.029491423896380833 0.43351049852371215 -0.08258472130447625 0.066250689691967429 0.1222483679652214 0.66301514007828455 0.30687712520893129 -0.42840987385773077 0.29492420298894023 0.091700424433782179 -0.14859572925641862 -0.081695205509662625 -0.28062283788408549 0.59707959362438745
leaf_weight=26.5 33 41 85 23.5 21 3312.5 23.5 164 27.5 24 23.5 206 22 21 25 119 52.5 20 35 27 24 22 28 20.5 22 145 138.5 20 21 21
leaf_count=19 28 32 72 20 20 2878 22 142 27 22 20 182 20 20 20 104 45 20 35 27 24 22 28 20 22 145 138 20 20 21
internal_value=-1.7431e-10 -0.104652 0.0014944 -0.10563 0.00279031 0.00440258 0.0380811 0.0260875 0.0173824 0.185525 0.00368098 0.016859 0.0544929 0.239973 0.0369044 0.00375753 0.133115 0.25401 -0.00217248 0.0390168 0.180615 0.380876 0.0131264 -0.147234 0.0323859 0.0114723 -0.00657673 -0.07765 0.0808337 0.26597
internal_weight=4794.5 67.5 4727 56.5 4670.5 4585.5 749 707 683.5 51.5 632 608.5 402.5 42 380.5 283 97.5 45 3836.5 524 81 46 443 47.5 395.5 367.5 345.5 200.5 62 41
internal_count=4235 51 4184 48 4136 4064 664 624 602 49 553 533 351 40 331 246 85 40 3400 522 81 46 441 47 394 366 344 199 61 41
is_linear=0
shrinkage=0.03


Tree=171
num_leaves=31
num_cat=0
split_feature=13 14 0 10 0 17 0 4 14 4 2 16 14 2 14 10 17 17 10 10 19 17 10 14 19 5 10 4 4 16
split_gain=820.045 1524.74 1122.11 1769.9 1317.8 3082.36 2327.81 1105.9 2004 1824.49 1039.47 1029.92 899.077 2326.45 1457.7 2155.86 1596.47 2101.02 2778.05 1487.03 1304.18 1966.95 1248.6 2580.35 2618.83 1356.07 2271.24 2103.61 2623 1353.02
threshold=74.500000000000014 35.500000000000007 309.93329070758756 -9.5026637186826992 280.23157894736852 413.50000000000006 269.45300751879705 0.34201388888888895 25.500000000000004 0.25173611111111116 9.4497252235886471 -62.499999999999993 43.500000000000007 28.147307892611153 60.500000000000007 9.0835951701530515 241.50000000000003 273.50000000000006 0.52700488956480041 -0.73062044014740113 -0.085000000000000006 266.50000000000006 -1.1797850805678498 78.500000000000014 -0.18499999999999994 -27.619170303380994 -3.6914017956320992 0.41059027777777796 0.67100694444444453 99.500000000000014
decision_type=8 8 10 10 8 8 10 10 10 8 10 8 8 10 8 10 8 8 10 10 10 10 10 8 10 8 10 10 10 10
left_child=7 11 4 -4 6 -6 10 9 -9 -1 -3 -2 13 -12 15 19 -16 18 -18 20 -14 -22 23 24 -19 26 27 -25 -29 -26
right_child=1 2 3 -5 5 -7 -8 8 -10 -11 12 -13 14 -15 16 -17 17 22 -20 -21 21 -23 -24 25 29 -27 -28 28 -30 -31
leaf_value=-0.05200403650037267 0.054838364007043054 0.21762552249890108 0.35144154796642912 0.0082626419004641072 0.10230473795303932 -0.27767124440758784 0.25994951882670003 0.18766993815248662 -0.16263729336126795 -0.35293762696981429 -0.29853276870289785 0.32980577998045013 -0.044640273671401172 0.087705993560644291 -0.23410455644130707 0.31782910151728266 0.42360723259393124 -0.31261546297949189 -0.018087896769697017 -0.053665455124594946 0.34313993940750753 -0.0032470010161399841 0.010923931054784619 -0.16685544550975906 -0.02978980421714815 -0.0021424352151207604 -0.31257723843350127 0.27448278064141046 -0.13798146449789708 -0.27500408466826093
leaf_weight=66 30.5 19.5 21 38 32.5 47 31 33 26.5 25 30.5 20.5 28.5 26 27 29 24 49 27.5 82.5 36 25 2111.5 53.5 146.5 1593.5 34 32 24.5 23.5
leaf_count=53 28 17 21 38 32 46 31 33 26 21 24 20 26 25 25 27 22 43 24 72 33 20 1858 42 124 1399 31 31 24 19
internal_value=3.35393e-10 0.00223352 0.000422142 0.130411 -0.00126938 -0.122335 0.000891299 -0.0689202 0.0316508 -0.134678 -0.000924187 0.165364 -0.00189188 -0.120795 -0.000346624 0.0785535 -0.00417128 -0.00266425 0.187751 0.0382106 0.122901 0.201178 -0.00507486 -0.0223411 -0.119383 -0.0101096 -0.0982742 -0.0320351 0.0956266 -0.0636871
internal_weight=4794.5 4644 4593 59 4534 79.5 4454.5 150.5 59.5 91 4423.5 51 4404 56.5 4347.5 201 4146.5 4119.5 51.5 172 89.5 61 4068 1956.5 219 1737.5 144 110 56.5 170
internal_count=4235 4102 4054 59 3995 78 3917 133 59 74 3886 48 3869 49 3820 178 3642 3617 46 151 79 53 3571 1713 186 1527 128 97 55 143
is_linear=0
shrinkage=0.03


Tree=172
num_leaves=31
num_cat=0
split_feature=0 0 8 15 8 19 15 11 2 7 5 12 19 19 18 2 4 8 19 15 5 17 5 13 19 7 2 11 16 19
split_gain=787.193 946.886 1023.56 1589.95 1462.9 821.273 774.727 2341.78 821.935 3819.52 1996.61 1880.01 2458.2 2080.55 2317.59 1839.03 1519.74 1066.63 1215.99 1739.41 1574.5 2420.8 1724.47 1372.52 1242.12 1133.21 1127.95 927.122 1769.12 2668.42
threshold=369.85918811163452 329.50443722943709 293.23821271929859 7557.3333333333348 280.60043859649153 0.48500000000000004 1425.5000000000002 27.779880069652801 43.05852493485316 3347.5000000000005 -3.6360823128520106 61.500000000000007 -0.020000000000000007 -0.13999999999999996 0.56500000000000006 42.33247430326481 0.3732638888888889 270.43178973717153 0.35500000000000015 8025.3333333333348 -36.811925063350991 355.50000000000006 -34.242105263158486 252.50000000000003 0.31500000000000011 5133.5000000000009 41.428527528831907 34.133866044368155 125.50000000000001 -0.010000000000000004
decision_type=8 10 10 8 10 10 8 10 10 10 8 10 8 8 10 8 10 10 10 8 8 8 8 8 10 10 10 10 10 8
left_child=1 2 4 -4 5 6 7 -1 15 10 -10 13 -13 -11 -15 17 -16 18 20 -20 21 -8 -22 -23 26 -25 27 -24 -29 -30
right_child=-2 -3 3 -5 -6 -7 8 -9 9 11 -12 12 -14 14 16 -17 -18 -19 19 -21 22 23 24 25 -26 -27 -28 28 29 -31
leaf_value=-0.10887087141012036 0.14278554175211033 -0.16367605593055487 -0.063661501121520997 0.24603646031706716 -0.21213413107319401 0.17127972450256349 -0.15150071670179782 0.31813292183876035 -0.025837248741312231 -0.081156527306660106 -0.36902073116138062 0.12477058470587837 -0.2810489309352377 -0.052958175089894505 0.15826237229867413 0.21564810195439296 0.49718545452824653 0.2025824988795363 0.013276070131975062 -0.26704626710414886 -0.21259026356680052 0.3995119485529986 0.0050962852500709248 0.2841459862752394 0.20558606269267887 0.0044490560470148918 -0.1841842600458958 -0.053001952363263577 0.32397314283807399 -0.05522077286398256
leaf_weight=21.5 34.5 32 25 37 29.5 25 23 25 23.5 41.5 43.5 22 34.5 24.5 27.5 35.5 21 23 42.5 37.5 35 22 3385 22 26 32 30.5 545 29.5 38.5
leaf_count=20 33 32 25 37 29 24 21 23 20 36 36 20 29 24 26 33 21 23 39 32 32 22 2946 21 24 28 28 489 29 33
internal_value=-9.05701e-11 -0.0010349 6.58909e-05 0.121158 -0.00154314 -0.00020324 -0.00113289 0.120701 -0.00237391 -0.056652 -0.24865 0.0185755 -0.123031 0.088451 0.184872 0.000611569 0.305013 -0.00116725 -0.00226512 -0.118125 -5.22011e-05 0.118165 -0.00291404 0.199774 -0.00110404 0.1184 -0.00243802 -0.00105151 -0.0349998 0.109282
internal_weight=4794.5 4760 4728 62 4666 4636.5 4611.5 46.5 4565 238 67 171 56.5 114.5 73 4327 48.5 4291.5 4268.5 80 4188.5 99 4089.5 76 4054.5 54 4028.5 3998 613 68
internal_count=4235 4202 4170 62 4108 4079 4055 43 4012 212 56 156 49 107 71 3800 47 3767 3744 71 3673 92 3581 71 3549 49 3525 3497 551 62
is_linear=0
shrinkage=0.03


Tree=173
num_leaves=31
num_cat=0
split_feature=0 3 2 2 2 3 16 17 9 9 12 3 15 10 6 2 15 17 12 6 13 3 2 0 18 12 15 3 14 17
split_gain=784.961 1577.34 1669.99 1357.98 1046.91 2197.57 1035.28 956.794 827.681 820.065 2524.75 2432.43 3178.51 2793.97 2492.07 2424.75 1660.4 1475.82 1362.41 1348.22 1505.81 1481.05 2654.04 1445.53 2425.96 1635.2 2020.07 3984.94 2183.48 2585.21
threshold=126.20953947368402 18333.500000000004 37.424652631353204 24.443699283847902 11.853569291887402 6869.5000000000009 331.50000000000006 659.50000000000011 -774.99999999999989 -3780.9999999999995 21.500000000000004 5491.5000000000009 4463.8333333333348 -7.9414933733899522 566.50000000000011 39.871500889477254 6142.8333333333348 506.50000000000006 47.500000000000007 553.50000000000011 370.50000000000006 4433.0000000000009 27.797335797656903 212.76845878136254 0.24500000000000002 92.500000000000014 5024.0000000000009 4025.0000000000005 72.500000000000014 268.50000000000006
decision_type=10 8 10 8 10 8 10 10 8 8 8 10 10 10 10 8 10 10 8 10 10 10 10 10 10 10 8 8 8 10
left_child=1 2 -1 -3 5 -2 7 9 -8 10 -6 12 -12 -14 15 17 -15 18 -13 20 23 -21 -23 24 -11 26 -25 -28 29 -29
right_child=4 3 -4 -5 6 -7 8 -9 -10 19 11 14 13 16 -16 -17 -18 -19 -20 21 -22 22 -24 25 -26 -27 27 28 -30 -31
leaf_value=-0.02989672806793572 0.39044002954776469 -0.041045235890846743 0.18120290083427951 -0.30021839732709138 0.32560606283300059 -0.00045432110885521032 -0.2650556619076625 0.20627111537115914 -0.022173964242850029 -0.32555327653884886 0.30063311048175972 -0.14220617540677388 -0.26870268299290451 -0.21994707061283622 0.38742055088281629 0.33625570733757576 0.0073342016177638525 0.21067440936694273 0.037616349829059419 0.077361263754336454 -0.17293434025296434 0.010411498076834922 -0.26551724892054029 -0.059449203213654371 -0.0018693777207400043 -0.12646220046754289 0.42988034706923267 0.10330086275935173 0.11865136166139414 -0.26147623810698006
leaf_weight=444 19.5 38.5 36.5 34.5 25.5 38.5 23 21 28 21 23 45 50.5 33.5 21.5 25.5 212 37 241 38 44 59 67 83 2724 41 31 36 218.5 34
leaf_count=312 19 26 29 24 25 34 20 20 25 20 22 39 45 31 20 24 193 34 218 34 38 51 59 83 2430 41 31 36 218 34
internal_value=8.69396e-11 -0.0336008 -0.0138611 -0.163531 0.00438529 0.130967 0.00263015 0.00428826 -0.131709 0.00325648 0.0324702 0.0216212 -0.0390856 -0.0654826 0.0739602 0.0546219 -0.0236797 0.0323877 0.0093226 -0.00288902 0.00136832 -0.0868027 -0.136313 0.00377363 -0.00434565 0.0540271 0.0724123 0.106667 0.0719375 -0.0738766
internal_weight=4794.5 553.5 480.5 73 4241 58 4183 4132 51 4111 714.5 689 319 296 370 348.5 245.5 323 286 3396.5 3232.5 164 126 3188.5 2745 443.5 402.5 319.5 288.5 70
internal_count=4235 391 341 50 3844 53 3791 3746 45 3726 651 626 291 269 335 315 224 291 257 3075 2931 144 110 2893 2450 443 402 319 288 70
is_linear=0
shrinkage=0.03


Tree=174
num_leaves=31
num_cat=0
split_feature=13 17 8 0 10 0 17 0 1 14 10 14 17 10 19 0 2 5 13 3 8 3 3 17 16 17 10 7 7 8
split_gain=776.982 1481.08 2382.21 1066.08 1611.89 1314.42 2903.1 2127.13 1011.52 926.466 1879.58 3245.64 2069.69 1781.82 2302.96 2627.09 1441.33 1282.12 1313.16 1119.05 1577.89 982.192 1466.51 962.514 897.034 1180.19 2228.67 2474.04 1641.19 1876.58
threshold=67.500000000000014 132.50000000000003 194.33130081300803 309.93329070758756 -9.5026637186826992 280.23157894736852 413.50000000000006 269.45300751879705 166.89375482125783 60.500000000000007 9.0835951701530515 54.500000000000007 199.50000000000003 -0.73062044014740113 -0.090000000000000024 146.62897628687105 27.388280912221202 -6.3860745614030057 134.50000000000003 865.50000000000011 143.88592548787702 654.00000000000011 257.50000000000006 241.50000000000003 331.50000000000006 570.50000000000011 4.6523884004205494 9994.0000000000018 13589.000000000002 168.94107551487454
decision_type=8 10 10 10 10 8 8 10 8 8 8 10 10 10 8 10 10 10 10 8 8 10 10 8 10 10 8 8 8 10
left_child=1 2 8 5 -5 7 -7 9 -1 10 13 12 -12 14 -2 -16 -17 -15 -19 20 -11 22 -22 -21 25 -25 28 -28 29 -27
right_child=3 -3 -4 4 -6 6 -8 -9 -10 19 11 -13 -14 17 15 16 -18 18 -20 23 21 -23 -24 24 -26 26 27 -29 -30 -31
leaf_value=-0.025844376031951655 -0.17998543971776962 -0.29362306942542393 0.25250308241356501 0.339562451669148 0.01355892117206867 0.097466134126369772 -0.27129536599554915 0.25016095236424474 -0.24541060030460357 0.27638231027126309 0.24567355327606202 0.48830604379827325 -0.13845775071312397 -0.18889877401292324 0.00014149313070336165 0.44913661617981759 0.12378949600596759 0.12707062692177004 -0.10956033032515954 -0.17352087800620031 0.12346158297495409 0.19036769080421198 -0.17118116688640678 -0.0058615475601857476 -0.12467863237315957 -0.17424097845554351 0.47873841111858684 0.038610895948207123 0.21055370364189147 0.15318823596705561
leaf_weight=58 22.5 22.5 22 21 39 32.5 47 31 28 30 25 22 25.5 48 49 28.5 21.5 41 43.5 30.5 27.5 23 34 3823 55 50 22.5 23.5 25 23
leaf_count=47 22 20 22 21 39 32 46 31 26 24 24 20 23 40 37 28 21 39 37 28 27 23 31 3354 47 39 22 21 21 23
internal_value=-4.95193e-10 -0.0721986 -0.0260685 0.00202014 0.12766 0.000382778 -0.120544 0.00250758 -0.0973311 0.000799055 0.0494637 0.184192 0.0517063 0.0110079 0.0939846 0.156251 0.309237 -0.0650801 0.00525469 -0.003014 0.0894756 0.0231182 -0.0394303 -0.00562722 -0.00435403 -0.00268581 0.0816256 0.253891 0.000766562 -0.0710783
internal_weight=4794.5 130.5 108 4664 60 4604 79.5 4524.5 86 4493.5 326.5 72.5 50.5 254 121.5 99 50 132.5 84.5 4167 114.5 84.5 61.5 4052.5 4022 3967 144 46 98 73
internal_count=4235 115 95 4120 60 4060 78 3982 73 3951 291 67 47 224 108 86 49 116 76 3660 105 81 58 3555 3527 3480 126 43 83 62
is_linear=0
shrinkage=0.03


Tree=175
num_leaves=31
num_cat=0
split_feature=0 0 8 12 4 6 1 15 7 10 12 8 8 15 7 7 11 3 9 12 18 10 0 13 0 0 0 8 6 18
split_gain=746.132 953.166 965.516 1998.59 782.384 787.164 824.3 1692.21 2257.39 3024.74 2696.81 1626.28 1653.61 1394.03 1306.44 2734.89 1944.64 1649.3 1418.1 1296.28 1134.54 983.526 979.019 2318.66 1381.45 1223.51 2563.69 3809.36 1222.74 1176.44
threshold=369.85918811163452 329.50443722943709 300.12099479467906 38.500000000000007 0.97048611111111127 682.50000000000011 213.90954831269366 15377.166666666666 11670.000000000002 1.7021374070186506 58.500000000000007 211.87199197861003 218.92526595744704 12016.166666666666 3695.5000000000005 2207.5000000000005 33.054948084725659 10277.000000000002 812.00000000000011 69.500000000000014 0.24500000000000002 4.4360278443647507 247.29850361197103 238.50000000000003 236.87704918032804 221.68319838056655 214.65625000000003 182.08211891576801 566.50000000000011 0.25500000000000006
decision_type=8 10 10 10 10 10 10 10 8 10 10 10 10 10 10 10 10 10 10 10 10 10 10 10 10 10 10 10 8 10
left_child=1 2 4 -4 5 6 22 8 11 10 -10 19 -13 -11 15 -14 17 18 20 21 -16 -8 24 -24 25 26 -1 -28 -27 -30
right_child=-2 -3 3 -5 -6 -7 7 -9 9 13 -12 12 14 -15 16 -17 -18 -19 -20 -21 -22 -23 23 -25 -26 28 27 -29 29 -31
leaf_value=-0.0037999024635667045 0.13901172648305479 -0.16418707961216569 0.29168514423843084 -0.098137246549129489 -0.14467694085748756 -0.16646287450019051 -0.083839621320366847 -0.16318973582457094 0.46861879235819764 -0.10127456101211341 0.067424443531036368 -0.24251180435481823 0.086689418175003738 0.20959598565101623 0.14717870014054435 -0.3980289535559714 0.23007797083572334 -0.22246136665344238 0.26032491284821713 0.32834339813752605 -0.13028568307558697 0.19728900409170558 0.017694067129722008 -0.36473730762799578 0.22069525694847106 0.028628924912107844 0.43347947376966472 -0.037072168104350565 -0.071307117397134953 -0.38335375334634336
leaf_weight=3965 34.5 32 29 20 34 25.5 24 34 38 37 25 28.5 22 20 21 20 38 27 21 22 36 21 39 22.5 25 28 30 32 22 21.5
leaf_count=3413 33 32 29 20 34 23 24 33 38 37 25 28 22 20 21 20 38 27 21 22 36 21 39 22 25 28 30 32 22 20
internal_value=-3.54017e-11 -0.00100754 9.6887e-05 0.132574 -0.00129046 -0.00024091 0.000676648 0.0400062 0.0572563 0.166149 0.309415 0.0106712 -0.0297949 0.00780282 0.00297506 -0.144129 0.0461804 -0.020373 0.0495807 0.139619 -0.028062 0.0473537 -0.00340667 -0.12222 -0.00163463 -0.0029908 -0.000806689 0.190614 -0.126004 -0.225537
internal_weight=4794.5 4760 4728 49 4679 4645 4619.5 434.5 400.5 120 63 280.5 213.5 57 185 42 143 105 78 67 57 45 4185 61.5 4123.5 4098.5 4027 62 71.5 43.5
internal_count=4235 4202 4170 49 4121 4087 4064 433 400 120 63 280 213 57 185 42 143 105 78 67 57 45 3631 61 3570 3545 3475 62 70 42
is_linear=0
shrinkage=0.03


Tree=176
num_leaves=31
num_cat=0
split_feature=0 1 13 2 17 19 19 2 18 0 2 2 18 3 0 12 14 6 5 5 8 15 0 13 19 16 5 5 3 4
split_gain=752.184 1172.66 676.033 2466.99 984.305 2330.9 2134.22 1434.32 945.949 1760.33 2137.83 3319.8 1330.45 2303.57 2228.59 3031.83 1058.01 924.875 842.653 702.35 1156.92 824.287 2249.9 1034.2 1378.49 857.79 2093.55 2534.99 943.84 1832.55
threshold=104.51049741602051 148.19952006993216 390.50000000000006 28.435871896809406 570.50000000000011 0.13999999999999999 -0.070000000000000007 31.267176113415456 1.0000000180025095e-35 286.63013698630158 18.352412833309355 21.934531996283201 0.065000000000000016 7868.5000000000009 269.45300751879705 44.500000000000007 178.50000000000003 682.50000000000011 3.0104606468095132 -82.299793377580997 280.60043859649153 1631.5000000000002 178.21237675142703 49.500000000000007 0.034999999999999983 -258.99999999999994 -7.8298929995655007 6.4256425948590001 865.50000000000011 0.14756944444444448
decision_type=10 8 10 10 10 10 10 10 10 10 10 10 10 8 10 10 10 10 8 8 10 8 10 8 10 8 10 10 8 10
left_child=1 -1 4 -4 8 6 -6 -8 9 -2 -11 -12 13 -10 16 -16 17 19 -18 -14 21 22 -21 24 -23 26 -25 -28 29 -27
right_child=2 -3 3 -5 5 -7 7 -9 12 10 11 -13 14 -15 15 -17 18 -19 -20 20 -22 23 -24 25 -26 28 27 -29 -30 -31
leaf_value=-0.19534069221159991 0.2631605666194643 0.063596422576904302 -0.27185901214094721 0.095137902544811359 0.19026527218071812 0.37047485011954639 0.038332711810415435 -0.26291999652385711 -0.40417362284660341 -0.21389942497014999 0.37195080652832979 -0.13242808194264122 0.1547252252560882 0.02407784810433021 0.46057239499959074 -0.049781828999519349 -0.0060916230553074886 -0.18999063484046769 -0.22878320971673183 -0.074051539234139707 -0.19970523063953105 -0.1925201400907503 0.31147381191452345 -0.099949125685475079 0.082739931547895385 -0.11275885413432943 0.46086007345806468 0.0027989038201265554 -0.0026262154191005679 0.1685947014753883
leaf_weight=42.5 35 25 34 32 41.5 21.5 33 25 20 26 24 23 26.5 26 22 20 28.5 23 33 27.5 26 54 27 27.5 23.5 29 22 21.5 3901 74
leaf_count=29 35 22 29 29 39 21 26 22 20 26 24 23 26 26 22 20 24 21 27 24 26 44 27 23 21 22 20 20 3425 72
internal_value=4.50694e-11 -0.0994381 0.00141994 -0.0939211 0.00276998 0.0872165 0.0260099 -0.0915176 0.000519309 0.0882427 0.00437792 0.125127 -0.00161835 -0.162118 6.49578e-05 0.217547 -0.00203776 -0.000263536 -0.125585 0.000760932 -0.000202936 0.00103002 0.116943 -0.000491287 -0.109054 0.00157341 0.104937 0.234462 -0.000259457 0.0893787
internal_weight=4794.5 67.5 4727 66 4661 121 99.5 58 4540 108 73 47 4432 46 4386 42 4344 4282.5 61.5 4259.5 4233 4207 54.5 4152.5 77.5 4075 71 43.5 4004 103
internal_count=4235 51 4184 58 4126 108 87 48 4018 108 73 47 3910 46 3864 42 3822 3771 51 3750 3724 3698 51 3647 65 3582 63 40 3519 94
is_linear=0
shrinkage=0.03


Tree=177
num_leaves=31
num_cat=0
split_feature=9 8 6 2 7 1 8 1 5 8 16 6 2 6 16 18 4 13 6 18 0 3 8 9 12 18 19 16 9 4
split_gain=718.62 1303.93 1265.37 1959.94 1578.25 2353.96 1217.5 2266.92 1590.35 3557 3173.41 2213.35 1467.18 1367.96 3053.28 1604.8 2043.28 1491.09 1624.27 1412.34 1348.95 1321.79 1208.59 2247.37 1887.2 1877.05 1725.26 2026.29 1992.57 2501.47
threshold=-331.49999999999994 117.71925403225801 551.50000000000011 39.579617772439711 4760.5000000000009 172.83417429337678 156.98403890160202 151.19049241079219 -34.242105263158486 274.62807017543906 -34.499999999999993 358.50000000000006 34.582503033009957 190.50000000000003 290.00000000000006 0.22500000000000003 0.81857638888888895 188.50000000000003 348.50000000000006 0.30500000000000005 214.65625000000003 10599.000000000002 174.47444968553452 -12.499999999999998 52.500000000000007 0.50500000000000012 0.17500000000000007 40.500000000000007 3480.5000000000005 0.50434027777777779
decision_type=10 8 10 8 10 10 8 10 8 10 10 10 10 8 8 10 10 8 10 10 10 10 10 10 8 10 10 8 10 10
left_child=1 -1 6 4 -4 -6 -2 -8 10 13 12 -12 21 14 -10 17 19 -15 -19 -17 22 -9 -21 -24 25 -25 27 -26 29 -29
right_child=2 -3 3 -5 5 -7 7 8 9 -11 11 -13 -14 15 -16 16 -18 18 -20 20 -22 -23 23 24 26 -27 -28 28 -30 -31
leaf_value=-0.086513532962713205 -0.028306422925019521 0.015599327653870553 0.088786202654242516 -0.34158401198387145 -0.0037298677126063572 -0.38549684368721815 0.24777415288461219 -0.11933246953146798 0.42634073581207882 0.38463181883096692 0.3253421597480774 -0.060530635606158859 0.017764702181021372 0.059529636587415419 -0.073473383675922044 0.21523444682488155 0.31859617853164673 -0.33856270217720202 -0.00774164081974463 -0.033451008586827376 -0.20634691149824197 -0.38458201734987024 -0.25026951596504304 0.43404019910356267 -0.094856434972448778 0.098276832176502349 -0.1234736900573427 0.23195885338783262 0.31583283640444276 -0.10807578345691715
leaf_weight=118 1113 2435.5 45 25 39.5 23 37 31.5 22 24 22.5 33 22.5 28 22 29 20 34 22 286.5 27 36.5 20.5 23 44 43 49.5 37.5 40 40.5
leaf_count=83 876 2199 40 21 30 22 35 29 22 24 22 32 22 28 21 29 20 34 22 272 27 32 20 23 43 43 47 37 40 40
internal_value=4.41015e-10 0.0108806 -0.0123978 -0.102324 -0.0466826 -0.14422 -0.00674678 0.0173576 0.00846304 0.0248439 -0.0826974 0.0959043 -0.192227 0.0138928 0.176434 0.00428663 0.019994 -0.119222 -0.208597 0.0106699 0.000968591 -0.261709 0.0105452 0.0528435 0.0752357 0.215285 0.0315322 0.0788952 0.143684 0.0554024
internal_weight=4794.5 2553.5 2241 132.5 107.5 62.5 2108.5 995.5 958.5 812.5 146 55.5 90.5 788.5 44 744.5 660.5 84 56 640.5 611.5 68 584.5 298 277.5 66 211.5 162 118 78
internal_count=4235 2282 1953 113 92 52 1840 964 929 792 137 54 83 768 43 725 641 84 56 621 592 61 565 293 273 66 207 160 117 77
is_linear=0
shrinkage=0.03


Tree=178
num_leaves=31
num_cat=0
split_feature=13 14 14 2 0 14 15 19 4 7 17 17 10 14 5 16 6 11 11 11 8 8 19 11 9 16 2 13 11 5
split_gain=714.546 1348.3 1018.31 2195.56 1400.62 1250.31 1896.17 2220.79 2381.96 1522.67 1438.56 2386.81 2823.94 1188.5 2535.81 1911.93 1682.5 1663.61 988.537 1921.55 2778.78 2615.29 1705.54 2562.71 2009.82 3071.06 1627.31 3043.23 1662.25 2486.34
threshold=74.500000000000014 35.500000000000007 43.500000000000007 25.296186488793555 369.85918811163452 60.500000000000007 7312.5000000000009 -0.054999999999999986 0.49826388888888895 8354.5000000000018 241.50000000000003 273.50000000000006 0.52700488956480041 69.500000000000014 -16.988648694155 -136.49999999999997 358.50000000000006 25.896830393526752 39.848331793238906 42.351064264213207 153.16050254093702 168.57894736842152 -0.014999999999999956 44.568418633275357 877.50000000000011 148.50000000000003 46.884966843240953 257.50000000000006 34.133866044368155 -13.344462719298006
decision_type=8 8 8 10 8 8 8 10 10 8 8 8 10 8 10 10 10 10 10 10 10 10 10 10 10 8 10 10 10 10
left_child=-1 -2 3 -3 5 6 7 -4 -9 -8 -7 12 -12 14 16 -16 -13 -17 26 21 -21 -20 23 -22 25 -24 28 -28 -15 -30
right_child=1 2 4 -5 -6 10 9 8 -10 -11 11 13 -14 18 15 17 -18 -19 19 20 22 -23 24 -25 -26 -27 27 -29 29 -31
leaf_value=-0.064334305150069271 0.15548732484088224 -0.3102368826701723 -0.065508478727451594 0.051520239171527683 0.20297371848937001 -0.22119120385911731 -0.18370425641536711 0.11680227732658385 0.51777922943234445 0.057771426733188365 0.41367835508452522 -0.078503261947631825 -0.018237158496948805 0.0045833794442113329 0.13947938854044134 0.011707557665335164 -0.42004923436376784 -0.24905634639197829 0.012233453866762993 0.15926661937291384 -0.19499696516990661 0.30317314928432676 -0.02532533361514409 0.19508630489374135 0.015031467649474071 -0.49792471062053334 0.024452291910464947 -0.42096373373642565 0.064415463791361871 -0.10599896816816663
leaf_weight=150.5 51 29 21.5 31.5 31 27 30 30 24 108.5 27 25 27.5 3237.5 49.5 55.5 27 36.5 58.5 65.5 25 53 22.5 38.5 33.5 27.5 32.5 24 105 289.5
leaf_count=133 48 22 20 30 30 25 27 26 24 94 25 23 24 2850 44 46 22 31 51 55 23 53 20 37 31 22 30 20 92 257
internal_value=7.9573e-11 0.00208491 0.00038155 -0.121884 0.00201356 0.000629625 0.0713991 0.192349 0.295014 0.00546622 -0.00290266 -0.0015193 0.195739 -0.00407532 -0.0766949 -0.0108591 -0.255844 -0.0917477 -0.000573287 0.0496682 -0.00325333 0.150528 -0.0756687 0.0415102 -0.164781 -0.285255 -0.00498653 -0.164751 -0.00250121 -0.0606415
internal_weight=4794.5 4644 4593 60.5 4532.5 4501.5 214 75.5 54 138.5 4287.5 4260.5 54.5 4206 193.5 141.5 52 92 4012.5 324 212.5 111.5 147 63.5 83.5 50 3688.5 56.5 3632 394.5
internal_count=4235 4102 4054 52 4002 3972 191 70 50 121 3781 3756 49 3707 166 121 45 77 3541 292 188 104 133 60 73 42 3249 50 3199 349
is_linear=0
shrinkage=0.03


Tree=179
num_leaves=31
num_cat=0
split_feature=18 3 4 2 11 16 17 5 0 10 13 6 5 10 5 4 15 4 7 1 12 14 3 19 11 16 10 13 13 17
split_gain=707.857 1413.22 1959.15 1148.33 1118.85 817.093 1065.51 1701.3 1355.16 2134.26 898.794 875.264 1399.04 843.558 1091.98 1451.39 3164.72 3079.6 3116.29 2156.15 2249.71 1479.89 1075.51 1770.42 1200.33 1178.53 1002.19 875.962 1149.84 1086.21
threshold=0.9850000000000001 5204.0000000000009 0.074652777777777804 11.853569291887402 19.641244275601654 331.50000000000006 568.50000000000011 -15.565754067584491 137.55263741134755 7.0157521167929007 361.50000000000006 658.00000000000011 -82.299793377580997 22.938295014970802 76.31587752525202 0.97048611111111127 7811.166666666667 0.90104166666666685 5700.0000000000009 256.91485135802958 85.500000000000014 93.500000000000014 978.00000000000011 1.0000000180025095e-35 30.091634757658305 290.00000000000006 2.9582541713059016 334.50000000000006 319.50000000000006 510.50000000000006
decision_type=8 10 8 10 8 10 10 10 10 10 10 10 8 10 10 10 10 10 10 10 8 8 8 8 10 10 8 10 10 10
left_child=3 2 -2 -1 -3 6 10 -8 -9 -10 11 12 -5 14 15 17 -17 19 -19 22 -21 -20 23 24 -14 27 -25 28 -24 -30
right_child=1 4 -4 5 -6 -7 7 8 9 -11 -12 -13 13 -15 -16 16 -18 18 21 20 -22 -23 25 26 -26 -27 -28 -29 29 -31
leaf_value=0.18197990197688341 -0.059610486554247992 -0.016944819118827583 0.29017118760517663 0.21218631236176741 -0.15037020086128022 -0.11173804796111267 0.25360147945292588 0.20508408477089624 -0.13179365059437831 0.20508493704998748 -0.15331592796479954 -0.15858233279197428 0.094966031878310098 -0.17074072038426119 0.19614682344289927 -0.36886864142171266 0.078276197612285617 0.47917890742421149 -0.13612246227264405 0.043478023409843441 -0.35188419069562638 0.22043929740786553 0.00092495374083883457 -0.11872131323290837 0.37206832110881805 -0.2192347450960766 0.14075639980179921 -0.10123701499196121 0.29593279037786563 0.028994219297652734
leaf_weight=32 35 120 24.5 28.5 107 56.5 38.5 27.5 60.5 23.5 34 30.5 34 25.5 26 29 28 24 20 22 31.5 22 3679.5 37 24 22 21 74 23 34
leaf_count=32 24 83 22 28 75 49 37 21 53 22 30 28 31 23 26 29 28 24 20 22 31 22 3269 34 23 18 21 60 21 29
internal_value=-2.79484e-10 -0.0457248 0.0844173 0.00290598 -0.079837 0.00162574 0.00307501 0.081663 0.0222941 -0.0375479 0.000313984 0.00154723 0.00270869 0.00127924 0.00233598 0.00111438 -0.149219 0.00322082 0.206477 -0.000131243 -0.189305 0.050648 0.00243196 0.0924283 0.209629 -0.000291997 -0.0247725 0.000972073 0.00299629 0.136706
internal_weight=4794.5 286.5 59.5 4508 227 4476 4419.5 150 111.5 84 4269.5 4235.5 4205 4176.5 4151 4125 57 4068 66 4002 53.5 42 3948.5 116 58 3832.5 58 3810.5 3736.5 57
internal_count=4235 204 46 4031 158 3999 3950 133 96 75 3817 3787 3759 3731 3708 3682 57 3625 66 3559 53 42 3506 109 54 3397 55 3379 3319 50
is_linear=0
shrinkage=0.03


Tree=180
num_leaves=31
num_cat=0
split_feature=0 13 2 19 2 4 7 19 13 6 5 6 6 8 7 17 12 17 6 6 11 10 14 5 5 5 16 8 7 9
split_gain=707.669 664.216 2286.11 872.893 2949.16 1303.85 1442.91 1288.88 1639.14 954.497 1430.43 1116.81 2575.53 2065.62 1385.52 2663.67 1593.51 1523.11 1384.18 1417.58 2511.46 1303.47 1390.85 1793.86 1225.14 2097.5 1495.83 1208.18 1112.55 1055.26
threshold=102.0844086021505 390.50000000000006 28.435871896809406 -0.31499999999999989 30.247817622165453 0.64409722222222243 5700.0000000000009 -0.25499999999999995 271.50000000000006 682.50000000000011 -82.299793377580997 500.50000000000006 519.50000000000011 179.41666666666654 15208.500000000002 482.50000000000006 65.500000000000014 317.50000000000006 485.50000000000006 478.50000000000006 25.575956942045156 -10.129621958070599 116.50000000000001 17.391736114398487 -17.207837498620503 -4.9672913362590085 -62.499999999999993 333.52643948296105 8060.5000000000009 -13171.999999999998
decision_type=10 10 10 8 10 10 8 8 8 10 8 10 10 10 8 8 8 10 10 10 10 8 10 10 8 10 8 10 10 8
left_child=-1 3 -3 4 5 6 -2 8 -5 10 -9 18 13 28 16 -16 17 -14 19 27 -21 -18 23 -23 -20 -26 -27 29 -13 -12
right_child=1 2 -4 7 -6 -7 -8 9 -10 -11 11 12 14 -15 15 -17 21 -19 24 20 -22 22 -24 -25 25 26 -28 -29 -30 -31
leaf_value=-0.1204516178986122 -0.084540657162666316 -0.25809334637413561 0.091555941794067619 -0.24503911362830985 -0.15350488878431773 0.40037916748970742 0.24028650702908635 0.20841537339765517 0.024451586100962253 -0.18409632144533858 -0.11756122975018772 0.23229660007860753 0.041825645759508208 0.41848511664763743 0.36938304599593663 -0.025938883023215578 -0.17399347223037359 -0.19056409889219589 -0.27382910013198852 -0.072097816530026893 0.30371568208483801 -0.042219784456318701 0.20407295168115849 0.26495091868609916 0.19365517266253207 -0.31899743928909302 -0.022463744999487188 -0.19869822033814022 0.029085706329072702 0.0012816131214553848
leaf_weight=43.5 20 35.5 32 43 31.5 20 32 30.5 38.5 24.5 68.5 38.5 38.5 23 25.5 38.5 24.5 74.5 29 28.5 36.5 103.5 44.5 20.5 23.5 25 39.5 28 65.5 3668
leaf_count=34 20 30 29 39 29 20 32 30 38 22 57 34 34 23 22 32 20 63 25 26 34 87 41 20 20 20 33 28 54 3239
internal_value=2.58243e-11 0.00110285 -0.0923337 0.00244949 0.0886042 0.194527 0.115353 0.00050254 -0.117734 0.00264464 0.00366725 0.00226187 0.0446433 0.16121 0.00463253 0.131572 -0.0219169 -0.111387 -0.00307541 3.01076e-05 0.138936 0.0304671 0.0601958 0.00856247 -0.104721 -0.0489927 -0.137399 -0.00236832 0.104313 -0.000897093
internal_weight=4794.5 4751 67.5 4683.5 103.5 72 52 4580 81.5 4498.5 4474 4443.5 497 127 370 64 306 113 3946.5 3829.5 65 193 168.5 124 117 88 64.5 3764.5 104 3736.5
internal_count=4235 4201 59 4142 101 72 52 4041 77 3964 3942 3912 430 111 319 54 265 97 3482 3384 60 168 148 107 98 73 53 3324 88 3296
is_linear=0
shrinkage=0.03


Tree=181
num_leaves=31
num_cat=0
split_feature=18 14 6 2 6 6 3 11 6 2 10 8 10 10 16 2 7 0 15 1 5 4 0 14 6 6 13 14 14 14
split_gain=672.055 1308.64 963.316 1636.18 1014.85 3132.65 2430.17 1495.31 1659.56 1695.89 1358.01 1386.08 1162.07 1245.24 1086.52 1057.71 1922.83 2057.8 1721.85 1247.87 1157.29 1501.82 2433.65 2925.76 2205.99 1311.46 1700.39 1158.63 1253.56 1244.68
threshold=0.90500000000000014 43.500000000000007 605.00000000000011 28.147307892611153 500.50000000000006 519.50000000000011 12982.500000000002 37.543309249794206 527.50000000000011 32.494388485002609 -5.0507044494828497 155.00000000000003 3.2843424643292516 -3.7818286794767499 -28.499999999999996 16.483123996758653 12769.500000000002 247.29850361197103 6955.5000000000009 183.30214579517303 -82.299793377580997 0.96701388888888895 299.13949897048752 55.500000000000007 469.50000000000006 487.50000000000006 256.50000000000006 210.50000000000003 178.50000000000003 158.50000000000003
decision_type=8 8 10 10 10 10 10 10 10 10 10 10 10 10 8 10 10 10 10 10 8 10 10 10 8 10 8 10 10 10
left_child=2 -2 4 -4 15 6 10 8 -7 12 -6 -12 13 -10 -15 16 17 18 19 -1 -17 22 25 -24 -23 27 -27 28 29 -22
right_child=1 -3 3 -5 5 7 -8 -9 9 -11 11 -13 -14 14 -16 20 -18 -19 -20 -21 21 24 23 -25 -26 26 -28 -29 -30 -31
leaf_value=0.26478536986233142 -0.17494872463867067 -0.014309930918919697 0.086764369739426514 -0.20461448802775942 0.11070569660514593 -0.15651293105598704 -0.032276433521303639 -0.14482148847378351 0.11464748138966767 0.24824731665161939 0.2333623015150732 0.56141835012219166 0.17023691817278594 -0.20404293340444565 0.05472882676059785 0.2109303485310596 0.3028040343097278 -0.21629892028570175 -0.098677735239712155 0.033885302217677236 -0.0022444250844953035 -0.010326356996189463 -0.024030214190483092 0.48911505585908888 -0.40961702871322631 -0.26634090250188658 0.012958259001374244 0.21962515168844959 -0.16126555390399078 0.11920930584462788
leaf_weight=44.5 48 929 27 48.5 24 33.5 29 51 34.5 39 24.5 22 35.5 40 23 23 28 25 33.5 40 2877.5 33 20 20 20 38.5 40 21.5 43.5 78
leaf_count=44 33 684 25 43 23 30 25 44 32 37 22 22 33 36 21 23 28 25 31 40 2645 33 20 20 20 33 35 20 38 70
internal_value=8.20213e-11 -0.0222021 0.00568211 -0.100413 0.00782272 0.0560052 0.198889 0.000578404 0.036663 0.0742874 0.293979 0.388572 0.0232766 -0.030232 -0.109571 0.00275687 0.0754602 0.0309453 0.0833276 0.155484 -0.00111009 -0.00263795 3.593e-05 0.232542 -0.161002 -0.00296512 -0.124023 0.000181057 -0.00139215 0.000960918
internal_weight=4794.5 977 3817.5 75.5 3742 356 99.5 256.5 205.5 172 70.5 46.5 133 97.5 63 3386 171 143 118 84.5 3215 3192 3139 40 53 3099 78.5 3020.5 2999 2955.5
internal_count=4235 717 3518 68 3450 325 92 233 189 159 67 44 122 89 57 3125 168 140 115 84 2957 2934 2881 40 53 2841 68 2773 2753 2715
is_linear=0
shrinkage=0.03


Tree=182
num_leaves=31
num_cat=0
split_feature=2 7 12 5 13 11 15 4 2 15 16 2 10 8 0 8 8 0 13 0 9 11 2 17 10 13 9 2 8 7
split_gain=651.837 2422.37 2393.63 1940 2591.69 1828.38 1521.01 1415.51 1273.55 1139.78 1032.69 759.717 1898.33 1277.34 1751.17 1079.11 1157.24 703.909 2714.33 1181.93 950.503 1257.62 941.372 5216.41 2566.2 1925.09 1944.4 1403.65 2153.41 890.798
threshold=43.05852493485316 11115.500000000002 61.500000000000007 16.4722550301985 61.500000000000007 44.568418633275357 5623.5000000000009 0.32465277777777779 42.33247430326481 8142.3333333333348 -377.49999999999994 41.428527528831907 20.431302321364104 350.95188025729857 346.70101351351354 300.12099479467906 280.60043859649153 280.23157894736852 238.50000000000003 269.45300751879705 9564.0000000000018 27.986425935279403 38.833341514506209 546.50000000000011 5.6706190363106499 258.50000000000006 2548.5000000000005 38.261139461442703 167.71948488241904 3093.5000000000005
decision_type=8 10 10 8 10 10 8 10 10 8 8 10 10 10 10 10 10 10 8 10 10 10 10 8 10 10 10 10 8 10
left_child=8 2 3 5 -5 9 -4 -3 10 -2 -1 12 13 14 15 16 17 19 -19 20 22 29 27 25 -25 26 -24 -12 -29 -22
right_child=1 7 6 4 -6 -7 -8 -9 -10 -11 11 -13 -14 -15 -16 -17 -18 18 -20 -21 21 -23 23 24 -26 -27 -28 28 -30 -31
leaf_value=0.1591615237819182 -0.13553790817899045 -0.014436617787455169 -0.098162144172717541 -0.3528069256928007 0.05395826631122165 0.28393611130714413 -0.38089954251828395 0.26547636571526523 0.18562626873745636 0.14052756476402281 0.0020540518482357619 -0.14231315513155351 0.27292955797651541 -0.21415940344333648 0.26787273996932942 0.16310999472935994 -0.17002942689069328 0.12106386973857879 -0.30549683085803325 0.21091881569474935 0.16083478494830755 -0.16743064218716655 0.1643991325722011 0.52391070173846355 0.097563123106956473 -0.22893105615888323 -0.18235823197798295 0.018020633459091186 -0.38437570564968643 -0.046927717071740739
leaf_weight=37 33.5 35.5 34 29.5 27 25 34.5 30 34 22.5 3809.5 33.5 23 25 22 36 36.5 25 29 24 23 69.5 43 27 24 35 22 27 21.5 96.5
leaf_count=33 30 30 28 25 25 24 29 30 32 22 3337 31 21 25 22 36 36 25 29 24 21 58 41 26 21 30 20 23 21 80
internal_value=-2.59496e-11 -0.0451489 -0.0956783 -0.0234995 -0.158424 0.0706142 -0.240563 0.113768 0.00271013 -0.0246187 0.00132471 1.29525e-05 0.00109203 -0.000330389 0.000892749 -0.00045796 -0.0018234 -0.000387588 -0.108015 0.000988983 -0.000211188 -0.0659564 0.0028883 0.0763695 0.323277 -0.0495531 0.0470351 1.22836e-05 -0.160361 -0.00693996
internal_weight=4794.5 271.5 206 137.5 56.5 81 68.5 65.5 4523 56 4489 4452 4418.5 4395.5 4370.5 4348.5 4312.5 4276 54 4222 4198 189 4009 151 51 100 65 3858 48.5 119.5
internal_count=4235 243 183 126 50 76 57 60 3992 52 3960 3927 3896 3875 3850 3828 3792 3756 54 3702 3678 159 3519 138 47 91 61 3381 44 101
is_linear=0
shrinkage=0.03


Tree=183
num_leaves=31
num_cat=0
split_feature=0 0 8 15 8 8 8 1 0 17 13 19 2 14 19 17 9 19 3 9 7 11 14 7 5 15 0 5 0 7
split_gain=657.72 957.237 877.76 1375.63 1346.02 737.369 948.85 1866.23 893.01 747.62 877.926 726.479 1948.81 1597.23 1198.89 1331.05 1219.15 950.076 3280.32 688.675 1261.15 954.053 774.447 1783.03 1621.28 2100.47 2584.08 1644.99 1847.92 1551.4
threshold=369.85918811163452 329.50443722943709 293.23821271929859 7557.3333333333348 280.60043859649153 270.43178973717153 261.78494623655905 270.41253296640321 280.23157894736852 686.50000000000011 390.50000000000006 -0.3249999999999999 30.672878645766104 118.50000000000001 -0.25499999999999995 426.50000000000006 276.00000000000006 -0.23499999999999999 8291.5000000000018 11531.500000000002 2592.5000000000005 27.986425935279403 62.500000000000007 1919.0000000000002 -15.759938058686002 8715.6666666666697 176.33824117255202 -12.142483202687492 202.63715277777803 6216.5000000000009
decision_type=8 10 10 8 10 10 10 10 10 10 10 8 10 8 8 8 8 8 8 10 8 10 8 8 10 8 10 8 10 10
left_child=1 2 4 -4 5 6 7 8 9 10 11 12 13 -1 15 -13 -17 18 -16 22 -21 -22 23 -19 25 29 -27 -26 -29 -25
right_child=-2 -3 3 -5 -6 -7 -8 -9 -10 -11 -12 14 -14 -15 17 16 -18 19 -20 20 21 -23 -24 24 27 26 -28 28 -30 -31
leaf_value=0.018688994490075855 0.13051610008529996 -0.16447367367334664 -0.059614874553680412 0.22845418559538352 -0.20333297731512684 0.16244348875880241 -0.17198584975867437 0.26400813572108744 -0.15915420290082694 0.17238475479682286 -0.13208788926129814 -0.25298638884030594 -0.13375349778049397 0.31398804064182673 0.39457801868086273 0.13900269539988769 -0.15326962576972111 0.28268698089263017 -0.090928381480953904 0.10582973039375161 -0.061954702727104488 -0.27843971186214023 -0.0031637141360283108 0.11462836966491663 -0.22469892697819208 -0.16940766528693599 0.22918018657427566 0.041441697306946974 -0.19528231901281021 0.45692717195911842
leaf_weight=32 34.5 32 25 37 29.5 25 29 24 32 22.5 45.5 35.5 26.5 34 23 24.5 27 25.5 27.5 26.5 57 27 3688 26 29.5 33.5 26 233.5 34 22
leaf_count=32 33 32 25 37 29 25 29 24 32 21 38 32 24 34 22 24 26 24 25 24 47 22 3217 24 23 27 26 201 34 22
internal_value=3.47607e-10 -0.000945967 0.000160819 0.112297 -0.00132921 -4.39462e-05 -0.000924828 0.000157719 -0.00123142 -0.000114993 -0.000976726 0.000361294 0.0835586 0.170813 -0.00140136 -0.111652 -0.0142275 0.000840239 0.130193 -0.000704595 -0.0746136 -0.131539 0.00127864 0.0393795 0.0240412 0.123872 0.00476518 -0.0120929 0.0113534 0.271515
internal_weight=4794.5 4760 4728 62 4666 4636.5 4611.5 4582.5 4558.5 4526.5 4504 4458.5 92.5 66 4366 87 51.5 4279 50.5 4228.5 110.5 84 4118 430 404.5 107.5 59.5 297 267.5 48
internal_count=4235 4202 4170 62 4108 4079 4054 4025 4001 3969 3948 3910 90 66 3820 82 50 3738 47 3691 93 69 3598 381 357 99 53 258 235 46
is_linear=0
shrinkage=0.03


Tree=184
num_leaves=31
num_cat=0
split_feature=13 14 16 14 2 0 14 15 19 4 7 17 17 10 14 5 16 11 6 11 6 6 11 2 13 11 5 4 4 11
split_gain=656.251 1256.12 951.889 934.292 2004.46 1275.45 1125.1 1737.09 2064.08 2170.77 1417.87 1358.77 2255.17 2655.12 1107.13 2385.26 1809.12 1573.56 1522.52 943.035 1814.93 5471.13 1900.25 1446.3 2741.33 1543.5 2324.8 2357.8 4142.2 2268.35
threshold=74.500000000000014 35.500000000000007 -62.499999999999993 43.500000000000007 25.296186488793555 369.85918811163452 60.500000000000007 7312.5000000000009 -0.054999999999999986 0.49826388888888895 8354.5000000000018 241.50000000000003 273.50000000000006 0.52700488956480041 69.500000000000014 -16.988648694155 -136.49999999999997 25.896830393526752 358.50000000000006 39.848331793238906 382.50000000000006 233.50000000000003 42.351064264213207 46.884966843240953 257.50000000000006 34.133866044368155 -13.344462719298006 0.56857638888888906 0.41840277777777779 33.870655991709761
decision_type=8 8 8 8 10 8 8 8 10 10 8 8 8 10 8 10 10 10 10 10 8 8 10 10 10 10 10 10 10 10
left_child=-1 2 -2 4 -3 6 7 8 -5 -10 -9 -8 13 -13 15 18 -17 -18 -14 23 21 -21 -22 25 -25 29 27 28 -27 -16
right_child=1 3 -4 5 -6 -7 11 10 9 -11 -12 12 14 -15 19 16 17 -19 -20 20 22 -23 -24 24 -26 26 -28 -29 -30 -31
leaf_value=-0.061654190460708844 0.043807121573901563 -0.29672871301914083 0.30815304837575774 -0.065099331445472183 0.048927114009857171 0.19368750641422888 -0.21490322361389796 -0.17792178765684366 0.11234247148036956 0.49513106271624557 0.055095628065997 0.40165644538071421 -0.079034864330291749 -0.017150242587382142 0.0020638634500852794 0.13610872758157327 0.011800408427779739 -0.24180796890226128 -0.40393660866551928 -0.16217867875099182 0.12624488275142232 0.33834119175609784 -0.054244460696207607 0.02413156375518212 -0.39861360926181078 0.016410367278456687 -0.10236618142015266 -0.20979810159369056 0.51244144642353062 0.28076459722698854
leaf_weight=150.5 30.5 29 20.5 21.5 31.5 31 27 30 30 24 108.5 27 25 27.5 3211 49.5 55.5 36.5 27 30 78.5 57 158.5 32.5 24 62.5 289.5 22.5 20 26.5
leaf_count=133 28 22 20 20 30 30 25 27 26 24 94 25 23 24 2826 44 46 31 22 25 73 55 139 30 20 51 257 21 20 24
internal_value=-2.57909e-10 0.00199805 0.150064 0.000353952 -0.116759 0.00191718 0.000596538 0.067729 0.183494 0.282471 0.00462254 -0.00275421 -0.00140976 0.190332 -0.00389429 -0.0739837 -0.0101321 -0.088816 -0.247734 -0.00051428 0.0485573 0.165748 0.00553787 -0.00482476 -0.155442 -0.00248174 -0.0585069 0.0624192 0.13666 0.00434512
internal_weight=4794.5 4644 51 4593 60.5 4532.5 4501.5 214 75.5 54 138.5 4287.5 4260.5 54.5 4206 193.5 141.5 92 52 4012.5 324 87 237 3688.5 56.5 3632 394.5 105 82.5 3237.5
internal_count=4235 4102 48 4054 52 4002 3972 191 70 50 121 3781 3756 49 3707 166 121 77 45 3541 292 80 212 3249 50 3199 349 92 71 2850
is_linear=0
shrinkage=0.03


Tree=185
num_leaves=31
num_cat=0
split_feature=0 14 6 2 9 3 18 4 9 19 6 16 2 12 11 19 11 3 6 7 8 0 9 17 9 13 6 6 6 14
split_gain=654.321 1082.92 655.369 748.127 632.788 925.985 877.414 1084.35 831.86 1801.61 1501.72 1449.46 1505.16 3147.28 2803.06 1711.95 2189.65 1245.16 1458.66 1226.71 1134.12 976.556 890.677 860.239 1304.63 907.916 835.321 1524.49 1660.05 1827.32
threshold=104.51049741602051 98.500000000000014 95.000000000000014 29.462917145259805 -13171.999999999998 29445.000000000004 0.66500000000000015 0.16493055555555558 -3780.9999999999995 -0.23499999999999999 370.50000000000006 -258.99999999999994 40.141422996556457 48.500000000000007 42.351064264213207 0.049999999999999968 38.384612854054254 10520.500000000002 389.50000000000006 20031.000000000004 140.49473684210503 189.44477739726054 -5274.9999999999991 484.50000000000006 -6434.4999999999991 240.50000000000003 553.50000000000011 500.50000000000006 516.50000000000011 123.50000000000001
decision_type=10 8 8 10 8 10 10 10 8 10 10 8 10 10 10 10 8 10 10 10 10 10 10 10 10 8 10 10 10 8
left_child=1 -1 3 -2 6 8 -4 -8 9 10 -6 -11 14 -14 15 16 17 18 21 20 -19 -13 -17 24 -20 -26 27 -10 -29 -30
right_child=2 -3 4 -5 5 -7 7 -9 26 11 -12 12 13 -15 -16 22 -18 19 23 -21 -22 -23 -24 -25 25 -27 -28 28 29 -31
leaf_value=-0.24220769776488249 -0.0081154781038110906 0.0038604916595831149 -0.22176153551857428 -0.22959938566735449 0.4044656539495502 -0.14644528089729072 -0.11579082542409498 0.14969547988971074 -0.0025211992297189297 0.25448221206665039 0.045691971225397927 -0.019865282079712911 0.38988066725297404 -0.080251980572938905 -0.31936972952903581 -0.010496468706263435 0.34163597434759141 0.1065994822025299 0.0077849493298349495 0.026405801571467342 0.40968966794013978 -0.20459201630204915 -0.14175239786715574 -0.044169987595599633 0.10626234444704923 0.37583454408723371 -0.06378042580575502 0.18266505692837506 -0.062012461388521657 0.14766553083111431
leaf_weight=26.5 33 41 26.5 23.5 21 36.5 36 22.5 3380 23.5 21 132 27.5 24 23.5 135 22 25 39.5 51 20 32 71 34.5 22 23 178.5 84.5 98 60.5
leaf_count=19 28 32 24 20 20 27 27 21 3006 22 20 110 27 22 20 120 20 20 33 44 20 32 62 29 21 21 155 75 85 53
internal_value=4.94167e-12 -0.0927441 0.00132435 -0.100237 0.00255296 0.0040564 -0.078553 -0.0136807 0.00526399 0.0341948 0.225079 0.022831 0.0148489 0.17079 0.00211147 0.0145576 0.0506681 0.0337782 0.00210758 0.12714 0.241306 -0.0559095 -0.0557352 0.0820639 0.133603 0.244044 -0.000424758 0.00269668 0.0752747 0.0180224
internal_weight=4794.5 67.5 4727 56.5 4670.5 4585.5 85 58.5 4549 747.5 42 705.5 682 51.5 630.5 607 401 379 283 96 45 164 206 119 84.5 45 3801.5 3623 243 158.5
internal_count=4235 51 4184 48 4136 4064 72 48 4037 663 40 623 601 49 552 532 350 330 246 84 40 142 182 104 75 42 3374 3219 213 138
is_linear=0
shrinkage=0.03


Tree=186
num_leaves=31
num_cat=0
split_feature=18 12 16 8 1 14 3 13 12 9 12 11 11 6 9 12 7 0 11 6 13 14 17 0 2 8 2 13 17 7
split_gain=626.726 1203.66 938.935 1016.32 2666.08 1668.13 1961.07 1321.41 865.021 2667.42 1584.58 1482.82 2127.46 1449.36 1436.75 1404.96 2197.92 1292.1 920.032 1478.06 1488.42 1457.38 2409.52 1687.71 2066.57 1826.73 2633.92 2709.31 2517.39 2126.75
threshold=0.90500000000000014 25.500000000000004 -235.99999999999997 145.19901656314701 161.09804705812252 86.500000000000014 9581.5000000000018 170.50000000000003 23.500000000000004 -4292.9999999999991 19.500000000000004 20.073743119507004 34.133866044368155 317.50000000000006 3069.0000000000005 27.500000000000004 8309.5000000000018 346.70101351351354 22.000099593764354 609.50000000000011 287.50000000000006 92.500000000000014 348.50000000000006 137.27602339181303 35.686198003844204 174.47444968553452 39.871500889477254 230.50000000000003 478.50000000000006 3756.0000000000005
decision_type=8 8 8 10 10 10 8 10 8 8 10 10 10 10 8 8 8 10 8 10 8 10 10 10 8 8 10 10 10 8
left_child=8 -2 -3 -4 5 6 -5 -6 9 -1 11 -11 13 -13 -12 16 -10 18 -17 21 -21 -20 -23 24 -24 29 27 -27 -29 -25
right_child=1 2 3 4 7 -7 -8 -9 15 10 14 12 -14 -15 -16 17 -18 -19 19 20 -22 22 23 25 -26 26 -28 28 -30 -31
leaf_value=0.387529239995139 -0.17953744355454501 0.15827368055080826 -0.033294275926021445 0.076448144697480722 -0.28287552463765042 0.0020680683269733331 0.43972662975203319 0.035554555257161453 0.022246148115396498 -0.25941979050636288 0.0242206951734182 0.33394093684852122 -0.19325600571102566 -0.0086926770687103267 0.31522181497170376 0.031528562447194826 -0.3191633662485307 0.21561722424167853 -0.019145758991132477 -0.31747311731179556 0.014948404905470935 0.24889644186411583 0.044912540699044858 -0.22487323863208294 0.31944666282219042 -0.025371557988414697 -0.14361160534833159 0.27543622591845102 0.063481394750926332 -0.017067656975034408
leaf_weight=21 41.5 27.5 766.5 27 24.5 41 26.5 22.5 37.5 23 37 20 27 25 26 806 31 26 1675 27 22 42 90 50 34 138.5 56 82 131 390.5
leaf_count=21 30 20 545 23 20 34 25 20 35 21 35 20 24 23 25 749 26 26 1545 24 20 38 68 43 28 136 53 82 129 347
internal_value=1.87495e-10 -0.0214403 -0.0144269 -0.0196574 0.0542132 0.146049 0.25639 -0.130436 0.00548714 0.0698714 0.0276511 -0.0497165 0.0172721 0.143589 0.144316 0.00231969 -0.13226 0.00490197 0.00335609 -0.0049372 -0.168223 -0.00196175 0.0264241 0.0168111 0.120188 0.00169462 0.0474739 0.0779171 0.145079 -0.0406551
internal_weight=4794.5 977 935.5 908 141.5 94.5 53.5 47 3817.5 179 158 95 72 45 63 3638.5 68.5 3570 3544 2738 49 2689 1014 972 124 848 407.5 351.5 213 440.5
internal_count=4235 717 687 667 122 82 48 40 3518 169 148 88 67 43 60 3349 61 3288 3262 2513 44 2469 924 886 96 790 400 347 211 390
is_linear=0
shrinkage=0.03


Tree=187
num_leaves=31
num_cat=0
split_feature=13 14 16 4 14 4 14 2 0 14 10 13 17 17 17 10 6 10 14 19 5 13 9 9 18 16 16 10 11 17
split_gain=620.607 1158.84 881.643 861.17 1719.06 1580.9 860.254 1926.08 1175.97 1070.51 1681.48 2461.32 2689.79 1271.46 2101.51 2478.45 1176.77 1052.2 2381.45 2241.13 1574.35 2565.78 1596.65 1463.21 1773.12 2499.57 1262.82 2117.8 1956.67 1246.14
threshold=74.500000000000014 35.500000000000007 -62.499999999999993 0.34201388888888895 25.500000000000004 0.23090277777777782 43.500000000000007 28.147307892611153 369.85918811163452 60.500000000000007 9.0835951701530515 136.50000000000003 214.50000000000003 241.50000000000003 273.50000000000006 0.52700488956480041 585.00000000000011 -1.1797850805678498 78.500000000000014 -0.18499999999999994 -31.086720754262497 314.50000000000006 -5168.4999999999991 -331.49999999999994 0.24500000000000002 -73.499999999999986 99.500000000000014 -8.137969139279349 25.896830393526752 550.50000000000011
decision_type=8 8 8 10 10 8 8 10 8 8 10 10 10 8 8 10 8 10 8 10 8 8 10 8 10 10 10 10 10 8
left_child=3 2 -2 5 -5 -1 7 -3 9 10 11 12 -8 -11 15 -15 -13 18 19 -16 21 -20 -23 24 25 -19 27 -21 -29 -26
right_child=1 6 -4 4 -6 -7 8 -9 -10 13 -12 16 -14 14 17 -17 -18 23 20 26 -22 22 -24 -25 29 -27 -28 28 -30 -31
leaf_value=-0.024783889880547156 0.04189859800651425 -0.25895915280217707 0.29630371082119827 0.17329385304992848 -0.15115424881285092 -0.28574454501958996 -0.021106609089273802 0.08297288032678457 0.18600374164119843 -0.20789210470186337 0.27434098339080809 0.014226521725455918 0.34207038604899453 0.38789450076305204 -0.27986329224374557 -0.016738245866515417 -0.19124508884045982 0.44310427463572954 0.04340117322074042 0.13319492894634602 -0.00033604955800609982 -0.025235322316487632 -0.33308060059624334 -0.01053590055335283 -0.00012947608669551367 0.024317886706056266 -0.26216585504247786 0.0356485999834079 -0.23496713263147015 0.0729886397358014
leaf_weight=58.5 30.5 34.5 20.5 33 26.5 32.5 35.5 26 31 27 30 72 38 27 54 27.5 38.5 23 54 50 1699 22.5 46.5 1235 522.5 29 23.5 45.5 51 350.5
leaf_count=47 28 27 20 33 26 27 32 25 30 25 28 64 36 25 48 24 31 23 50 44 1500 20 40 1088 452 29 19 37 43 314
internal_value=3.61316e-10 0.00194303 0.144159 -0.0599564 0.0287918 -0.117984 0.000363883 -0.112013 0.0018639 0.0005958 0.0660794 0.0321237 0.166658 -0.00267265 -0.00137212 0.183722 -0.0573631 -0.00377051 -0.0191879 -0.111496 -0.00783937 -0.111483 -0.232696 0.0108332 0.0393638 0.20955 -0.0580145 -0.0252667 -0.107371 0.0292267
internal_weight=4794.5 4644 51 150.5 59.5 91 4593 60.5 4532.5 4501.5 214 184 73.5 4287.5 4260.5 54.5 110.5 4206 2046 224 1822 123 69 2160 925 52 170 146.5 96.5 873
internal_count=4235 4102 48 133 59 74 4054 52 4002 3972 191 163 68 3781 3756 49 95 3707 1801 191 1610 110 60 1906 818 52 143 124 80 766
is_linear=0
shrinkage=0.03


Tree=188
num_leaves=31
num_cat=0
split_feature=0 13 2 19 2 4 7 19 13 6 5 1 4 11 8 1 8 7 19 3 10 6 10 3 13 4 13 13 2 14
split_gain=630.877 606.505 2119.36 766.007 2597.07 1152.36 1410.35 1126.83 1435.8 816.062 1221.84 1060.29 1242.5 3701.22 1990.66 1836.13 1444.96 1338.34 871.239 3044.65 693.319 4510.62 729.111 663.42 779.645 2010.09 1016.12 993.57 808.413 3021.39
threshold=102.0844086021505 390.50000000000006 28.435871896809406 -0.31499999999999989 29.539980721820303 0.64409722222222243 5700.0000000000009 -0.25499999999999995 271.50000000000006 682.50000000000011 -82.299793377580997 324.97936323416303 0.90104166666666685 26.626775556857051 293.23821271929859 270.41253296640321 270.43178973717153 10650.000000000002 -0.23499999999999999 8291.5000000000018 19.314567779743353 406.50000000000006 17.241865415255628 29445.000000000004 356.50000000000006 0.22309027777777776 334.50000000000006 327.50000000000006 38.833341514506209 153.50000000000003
decision_type=10 10 10 8 10 10 8 8 8 10 8 10 10 8 10 10 10 8 8 8 10 8 10 10 10 10 10 10 8 8
left_child=-1 3 -3 4 5 6 -2 8 -5 10 -9 12 15 14 17 16 18 -14 19 -12 22 -22 23 24 26 -26 27 28 -20 -30
right_child=1 2 -4 7 -6 -7 -8 9 -10 -11 11 -13 13 -15 -16 -17 -18 -19 20 -21 21 -23 -24 -25 25 -27 -28 -29 29 -31
leaf_value=-0.11372867649999158 -0.08738863310962916 -0.24784391994207677 0.088812374653061854 -0.22919708440470141 -0.13908036311773153 0.37770856757462024 0.23573920966156067 0.19268371013344313 0.023024354027463244 -0.17016163233591586 0.37978980239642701 -0.16726361632347106 0.036228644985419049 0.44159603632014727 0.26503079950809477 -0.24123479614300386 0.23964157322178714 -0.24850361391901971 -0.0037522956612660711 -0.087951342783190986 -0.42569608363699402 0.10719049283902939 0.14497403508140927 -0.12903716175908775 -0.057787999795830769 0.26971416451714258 -0.10159840828350612 0.17375429767719469 -0.023727933576872161 0.16326070612887059
leaf_weight=43.5 20 35.5 32 43 32.5 20 31 30.5 38.5 24.5 23 33 39 23 21 28 23 24 3555.5 27.5 23.5 36.5 31.5 35.5 34.5 33 87.5 30 211.5 123
leaf_count=34 20 30 29 39 30 20 31 30 38 22 22 33 39 23 21 28 23 24 3101 25 20 33 30 26 29 33 71 26 191 114
internal_value=-1.47733e-10 0.0010413 -0.0882439 0.0023281 0.0830358 0.184709 0.109022 0.000504248 -0.11005 0.00250717 0.00345272 0.00215384 0.00342145 0.104404 0.0120771 0.000910681 0.00249648 -0.0722408 0.00121386 0.125079 -0.000274767 -0.101523 0.0011919 9.00504e-05 0.00121496 0.102324 -0.000488062 0.00176886 0.000442499 0.0450302
internal_weight=4794.5 4751 67.5 4683.5 103.5 71 51 4580 81.5 4498.5 4474 4443.5 4410.5 107 84 4303.5 4275.5 63 4252.5 50.5 4202 60 4142 4110.5 4075 67.5 4007.5 3920 3890 334.5
internal_count=4235 4201 59 4142 101 71 51 4041 77 3964 3942 3912 3879 107 84 3772 3744 63 3721 47 3674 53 3621 3591 3565 62 3503 3432 3406 305
is_linear=0
shrinkage=0.03


Tree=189
num_leaves=31
num_cat=0
split_feature=0 3 2 12 18 2 3 16 17 9 12 17 12 12 7 7 4 14 3 3 11 8 17 18 17 7 8 19 2 14
split_gain=594.721 1442.31 1496.22 2573.14 1346.51 915.287 1984.71 784.924 820.854 735.072 685.869 736.693 2594.42 1692.32 2247.6 1919.42 2096.18 1531.84 3042.75 2787.81 1817.32 1744.54 1849.27 1762.45 1575.81 1663.46 1532.31 1796.12 1593.2 2538.44
threshold=126.20953947368402 18333.500000000004 34.415491269907555 70.500000000000014 0.96500000000000008 11.853569291887402 6869.5000000000009 331.50000000000006 659.50000000000011 -774.99999999999989 141.50000000000003 392.50000000000006 101.50000000000001 96.500000000000014 3016.5000000000005 7173.0000000000009 0.36892361111111122 89.500000000000014 5165.5000000000009 3828.5000000000005 26.360303599066555 270.43178973717153 481.50000000000006 0.35500000000000004 443.50000000000006 5410.0000000000009 163.52204457364351 0.25500000000000012 22.460953229616052 122.50000000000001
decision_type=10 8 10 10 10 10 8 10 10 8 10 10 10 10 8 8 10 10 10 8 8 8 10 10 10 8 10 10 10 10
left_child=1 2 -1 -4 -3 6 -2 8 10 -9 11 12 -7 17 -15 16 -16 18 19 -13 -20 24 23 -23 25 -19 -26 28 -28 -30
right_child=5 4 3 -5 -6 7 -8 9 -10 -11 -12 13 -14 14 15 -17 -18 21 20 -21 -22 22 -24 -25 26 -27 27 -29 29 -31
leaf_value=-0.029598826017796783 0.36876064612315251 -0.26418481889380407 -0.040730410851538182 0.37019778966903688 -0.003520269259329765 0.014692602527163185 -0.0027196611057628286 -0.24046275662642944 0.19070439560072763 -0.011571950988311853 0.13888210971247067 -0.086300256490707397 -0.2924528130054474 -0.20970828706935302 0.048343911747778613 0.021694033206477174 0.3445449898838997 -0.21981735326865542 0.049160695701261255 -0.55855491367975874 -0.13683370274576273 0.34334591840996459 -0.07795558220064136 0.045098243999481202 -0.035911113280802966 -0.047690001218066866 -0.07017768889239856 -0.13706090211868285 0.30456754893064497 0.034861481429016503
leaf_weight=424.5 19.5 42 32 24 31 2486 38.5 23 21 28 33 22.5 25 29.5 46.5 254 40 65 90.5 22.5 99 34 35.5 37.5 370 227 35 32 58 68.5
leaf_count=297 19 29 24 20 21 2285 34 20 20 25 30 21 22 26 40 229 40 58 79 20 86 34 33 34 300 199 35 30 58 67
internal_value=9.00063e-11 -0.029247 -0.0103711 0.135382 -0.153492 0.00381708 0.122175 0.00217597 0.00361974 -0.114797 0.00266406 0.00156176 0.0116346 -0.0145792 0.0414964 0.0632601 0.185316 -0.0319125 -0.100668 -0.322428 -0.0480079 -0.0151611 0.0990423 0.186922 -0.0294449 -0.086006 -0.000135493 0.0682727 0.108958 0.158521
internal_weight=4794.5 553.5 480.5 56 73 4241 58 4183 4132 51 4111 4078 2511 1567 370 340.5 86.5 1197 234.5 45 189.5 962.5 107 71.5 855.5 292 563.5 193.5 161.5 126.5
internal_count=4235 391 341 44 50 3844 53 3791 3746 45 3726 3696 2307 1389 335 309 80 1054 206 41 165 848 101 68 747 257 490 190 160 125
is_linear=0
shrinkage=0.03


Tree=190
num_leaves=31
num_cat=0
split_feature=13 17 8 1 0 7 0 17 0 14 10 14 17 10 19 3 10 5 13 3 8 3 3 3 2 10 9 9 5 7
split_gain=584.016 1284.62 1934.31 917.051 788.065 1321.25 1263.75 2506.37 1772.24 686.621 1663.99 2788.38 1833.83 1702.73 2098.34 2355.84 1218.82 1202.14 1127.37 908.18 1521.02 850.473 1335.84 833.107 2286.38 1974.2 1380.63 2024.67 1564.42 983.459
threshold=67.500000000000014 132.50000000000003 194.33130081300803 166.89375482125783 309.93329070758756 6118.5000000000009 280.23157894736852 413.50000000000006 269.45300751879705 60.500000000000007 9.0835951701530515 54.500000000000007 199.50000000000003 -0.73062044014740113 -0.090000000000000024 10196.500000000002 -4.7749798755376025 -6.3860745614030057 134.50000000000003 865.50000000000011 143.88592548787702 654.00000000000011 257.50000000000006 2417.0000000000005 18.352412833309355 -16.329942524533994 -1832.4999999999998 -3162.4999999999995 6.66067215292101 1567.5000000000002
decision_type=8 10 10 8 10 10 8 8 10 8 8 10 10 10 8 10 10 8 10 8 8 10 10 8 10 10 8 10 10 8
left_child=1 2 3 -1 6 -6 8 -8 9 10 13 12 -12 14 -2 16 -16 -15 -19 20 -11 22 -22 24 -21 -26 27 -27 -28 -25
right_child=4 -3 -4 -5 5 -7 7 -9 -10 19 11 -13 -14 17 15 -17 -18 18 -20 23 21 -23 -24 29 25 26 28 -29 -30 -31
leaf_value=-0.015780861136214488 -0.17382258017857868 -0.26881111864248913 0.23138870175589216 -0.2248424719207521 0.25532682180404664 -0.02638804804894232 0.084336896126086885 -0.25830183007615676 0.2284791806436354 0.26441370558738703 0.22931026396751403 0.45140699841759419 -0.13227118113461664 -0.187695336882025 0.16657400115591581 -0.0052535400641591928 0.46355954783303399 0.11317455088219991 -0.10607912182807921 0.15850639575236553 0.11301705728335813 0.17138651816741279 -0.16819228190271293 -0.082589555288661395 -0.34751766729354855 -0.056268708425278438 -0.054559160839651046 -0.35511972990300922 0.2504486591301181 0.0015256547902460188
leaf_weight=58 22.5 22.5 22 28 29 31 32.5 47 31 30 25 22 25.5 48 30.5 47.5 21 41 43.5 37 27.5 23 34 129.5 25 83.5 48.5 27 22 3680
leaf_count=47 22 20 22 26 29 31 32 46 31 24 24 20 23 40 28 38 20 39 37 33 27 23 31 114 21 73 45 24 21 3224
internal_value=-7.27411e-11 -0.0625945 -0.0196327 -0.0838474 0.00175141 0.109774 0.000343642 -0.118229 0.00242709 0.000867589 0.0427621 0.169528 0.0467295 0.00657892 0.0876931 0.147128 0.287675 -0.0678012 0.000304317 -0.00241501 0.080906 0.0157553 -0.0424483 -0.00476917 -0.058626 -0.0976255 -0.06311 -0.129291 0.0406206 -0.00133375
internal_weight=4794.5 130.5 108 86 4664 60 4604 79.5 4524.5 4493.5 326.5 72.5 50.5 254 121.5 99 51.5 132.5 84.5 4167 114.5 84.5 61.5 4052.5 243 206 181 110.5 70.5 3809.5
internal_count=4235 115 95 73 4120 60 4060 78 3982 3951 291 67 47 224 108 86 48 116 76 3660 105 81 58 3555 217 184 163 97 66 3338
is_linear=0
shrinkage=0.03


Tree=191
num_leaves=31
num_cat=0
split_feature=6 2 18 14 12 5 3 11 3 10 12 6 0 14 5 3 2 5 17 10 8 18 10 10 3 1 7 12 5 15
split_gain=587.024 713.167 586.393 955.856 926.596 2588.34 1247.52 2333.67 1449.67 1379.55 1094.3 2242.28 1100.92 889.725 2617 1671.78 2054.32 1915.55 1595.05 1298.83 1222.7 2458.97 1120.26 1299.91 2143.08 1887.95 3840.9 1744.93 3647.92 1653.63
threshold=95.000000000000014 29.462917145259805 0.90500000000000014 43.500000000000007 23.500000000000004 18.822094298245492 6701.0000000000009 37.040143829560407 10945.000000000002 -2.6800141345787494 27.500000000000004 527.50000000000011 346.70101351351354 60.500000000000007 -14.811783307907502 10680.000000000002 25.823604525226155 -1.6355761563000042 241.50000000000003 4.4360278443647507 204.62835249042104 0.47500000000000003 -2.1039273136715475 -2.6800141345787494 10226.000000000002 256.91485135802958 9139.5000000000018 53.500000000000007 10.728655634869002 12354.500000000002
decision_type=8 10 8 8 8 10 10 8 10 10 8 8 10 8 10 10 10 10 8 10 8 10 8 10 8 10 8 8 10 10
left_child=1 -1 4 -4 5 6 9 8 -8 -2 11 -6 13 14 20 16 -16 -17 -15 -18 -12 -22 23 25 -25 27 -27 28 29 -20
right_child=2 -3 3 -5 10 -7 7 -9 -10 -11 12 -13 -14 18 15 17 19 -19 22 -21 21 -23 -24 24 -26 26 -28 -29 -30 -31
leaf_value=-0.0061847339976917612 0.28006451787619757 -0.22243183562096128 -0.15471477605899175 -0.013112557198828031 0.0544471425151647 0.353521719119128 -0.10518893626869702 -0.30899227682749425 0.17870253674362016 -0.012557329576590965 0.38644284009933472 -0.29531603028224068 0.20000217909996323 -0.21249229976286488 -0.23539223097091497 -0.09044205774431642 0.14259633584664419 0.25911345891756554 0.090723774068563884 -0.12251039610854511 0.31181173120728795 -0.12398697294839997 0.014336074402127067 0.021218775458957836 -0.30966400290528934 -0.49401554890843324 0.060854253210919959 0.0092379010812971164 -0.38463523177000192 -0.21522625727821951
leaf_weight=33 29 23.5 45 921 33.5 25.5 30.5 22.5 34.5 29 24 32.5 26 31.5 43 23 39 36.5 51.5 29 27 20.5 2176.5 34.5 36 21.5 23.5 836.5 32.5 23
leaf_count=28 29 20 31 678 31 25 29 19 33 27 22 28 26 29 39 20 38 36 47 26 27 20 1993 32 30 21 23 780 29 19
internal_value=-9.64704e-11 -0.0961282 0.00114632 -0.0197089 0.00648729 0.0747202 0.0258581 -0.0456612 0.0454919 0.133754 0.00324713 -0.117785 0.00550685 0.00406573 0.0595697 -0.00431634 -0.0730938 0.123991 -4.56772e-05 0.0295361 0.211913 0.12373 0.00202265 -0.0232844 -0.147743 -0.014408 -0.20425 -0.00535355 -0.119426 -0.0037306
internal_weight=4794.5 56.5 4738 966 3772 171 145.5 87.5 65 58 3601 66 3535 3509 242 170.5 111 59.5 3267 68 71.5 47.5 3235.5 1059 70.5 988.5 45 943.5 107 74.5
internal_count=4235 48 4187 709 3478 162 137 81 62 56 3316 59 3257 3231 228 159 103 56 3003 64 69 47 2974 981 62 919 44 875 95 66
is_linear=0
shrinkage=0.03


Tree=192
num_leaves=31
num_cat=0
split_feature=13 2 17 19 19 2 14 9 5 3 12 13 15 3 0 11 13 10 14 4 1 18 18 18 0 4 3 7 4 11
split_gain=562.852 1950.55 747.186 1568.76 1887.49 1298.5 756.109 916.912 738.717 793.736 2302.19 1791.73 963.487 896.211 3115.79 2910.77 2608.71 1968.52 2119.86 1584.72 1610.17 1443.37 1279.76 2131.68 2008.31 2004.05 1986.19 1306.85 1179.58 1540.88
threshold=390.50000000000006 28.435871896809406 570.50000000000011 0.13999999999999999 -0.070000000000000007 31.267176113415456 178.50000000000003 -805.99999999999989 76.31587752525202 865.50000000000011 53.500000000000007 210.50000000000003 1425.5000000000002 2417.0000000000005 264.21618920719504 29.508353552998802 147.50000000000003 -8.3563199618748492 67.500000000000014 0.25434027777777785 193.79783709496573 0.60500000000000009 1.0000000180025095e-35 0.065000000000000016 269.45300751879705 0.99826388888888895 8130.5000000000009 13367.500000000002 0.84548611111111127 17.919701957221552
decision_type=10 10 10 10 10 10 10 8 10 8 8 8 8 10 8 10 10 8 8 10 10 10 8 10 10 10 10 8 8 8
left_child=2 -2 6 4 -4 -6 8 -8 9 10 -1 -12 -11 14 15 17 19 -14 -19 -17 21 -21 25 27 -25 26 -15 -24 29 -20
right_child=1 -3 3 -5 5 -7 7 -9 -10 12 11 -13 13 22 -16 16 -18 18 28 20 -22 -23 23 24 -26 -27 -28 -29 -30 -31
leaf_value=0.36117607338087898 -0.23912945660578847 0.083840740439482031 0.17720662343932922 0.29764843276013497 0.035761484828862274 -0.25087337329387666 0.050364450613657637 -0.18797100453841975 0.15717323263486227 0.14156760493315845 -0.22000090255339938 0.08432032153494172 0.29500599620134932 0.43966082267139267 -0.39900336129324776 -0.0045775142468904191 0.065241701058719459 0.29356700686521309 0.14638046920103462 -0.54336037689701033 -0.11383544204326776 -0.22938697871565816 -0.34886388273239133 -0.00061970618885516136 0.23100688345292034 -0.097283370941877362 0.053366703093051908 -0.043625422505771415 -0.16004548468388788 -0.033598609134381591
leaf_weight=21 35.5 32 41.5 23 33 25 22.5 41 27 41.5 22.5 77 23 23 21 28.5 46 21.5 57 23.5 39 30 25 3691 34 24 25 25.5 43 172
leaf_count=20 30 29 39 22 26 22 19 34 27 39 18 73 22 23 21 23 42 21 53 21 38 26 24 3220 34 24 25 25 40 155
internal_value=1.65992e-10 -0.0860177 0.0012283 0.0743533 0.0227374 -0.087788 -0.000717144 -0.103521 0.000720441 -0.000215365 0.0757456 0.015504 -0.00229874 -0.00367062 -0.0412665 -0.0257289 -0.127063 0.0277396 0.00679544 -0.20017 -0.260434 -0.367301 0.00125911 -0.00113022 0.00149447 0.12655 0.238466 -0.194734 -0.0158722 0.0111997
internal_weight=4794.5 67.5 4727 122.5 99.5 58 4604.5 63.5 4541 4514 120.5 99.5 4393.5 4352 504.5 483.5 167 316.5 293.5 121 92.5 53.5 3847.5 3775.5 3725 72 48 50.5 272 229
internal_count=4235 59 4176 109 87 48 4067 53 4014 3987 111 91 3876 3837 462 441 150 291 269 108 85 47 3375 3303 3254 72 48 49 248 208
is_linear=0
shrinkage=0.03


Tree=193
num_leaves=31
num_cat=0
split_feature=13 14 14 2 0 14 15 19 4 7 17 17 10 14 5 16 11 6 11 6 6 11 8 11 2 13 11 5 14 4
split_gain=567.78 1042.28 802.812 1727.41 1092.61 944.662 1579.01 1876.52 1930.65 1290.92 1133.89 1925.87 2323.98 982.221 2193.34 1673.56 1452.73 1436.47 907.203 1678.95 4992.06 1713.13 1401.67 1287.65 1282.56 2479.04 1358.81 2154.43 2250.22 2249.42
threshold=74.500000000000014 35.500000000000007 43.500000000000007 28.147307892611153 369.85918811163452 60.500000000000007 7312.5000000000009 -0.054999999999999986 0.49826388888888895 8354.5000000000018 241.50000000000003 273.50000000000006 0.52700488956480041 69.500000000000014 -16.988648694155 -136.49999999999997 25.896830393526752 358.50000000000006 39.848331793238906 382.50000000000006 233.50000000000003 42.351064264213207 155.36003470214004 45.251541916957109 46.884966843240953 257.50000000000006 34.133866044368155 -13.344462719298006 152.50000000000003 0.56857638888888906
decision_type=8 8 8 10 8 8 8 10 10 8 8 8 10 8 10 10 10 10 10 8 10 10 10 10 10 10 10 10 10 10
left_child=-1 -2 3 -3 5 6 7 -4 -9 -8 -7 12 -12 14 17 -16 -17 -13 24 20 -20 -21 -23 -24 26 -26 -15 29 -29 -28
right_child=1 2 4 -5 -6 10 9 8 -10 -11 11 13 -14 18 15 16 -18 -19 19 21 -22 22 23 -25 25 -27 27 28 -30 -31
leaf_value=-0.057347907793284254 0.13673348742372848 -0.2473607482080874 -0.064555521219275727 0.076456852417725776 0.17930333644151686 -0.19628230632179314 -0.17224567484855652 0.10640374267101287 0.46740040078759187 0.050095856837962624 0.37364393889904018 -0.072318877887725827 -0.018176832131364128 0.0040171232376635998 0.13231604673645714 0.012658991169285131 -0.23101836772201811 -0.38790631858425006 -0.15276254808902739 0.12099701812692508 0.32534195289015772 0.06949285173838117 -0.24417389707905907 -0.027593237090855836 0.024336523752946121 -0.37767622634768483 0.1339707671593536 -0.12534943042824476 0.15112855856701476 -0.20443104798222581
leaf_weight=150.5 51 34.5 21.5 26 31 27 30 30 24 108.5 27 25 27.5 3237.5 49.5 55.5 36.5 27 30 78.5 57 56.5 42 60 32.5 24 82.5 260 29.5 22.5
leaf_count=133 48 27 20 25 30 25 27 26 24 94 25 23 24 2850 44 46 31 22 25 73 55 46 38 55 30 20 71 231 26 21
internal_value=3.84262e-10 0.0018585 0.000360865 -0.108199 0.00180993 0.000587608 0.0621019 0.172474 0.266847 0.00193524 -0.00248273 -0.00125456 0.175936 -0.00355054 -0.0695679 -0.00833888 -0.0840174 -0.236182 -0.000366903 0.0477634 0.160478 0.00638698 -0.0503757 -0.116774 -0.00459469 -0.14643 -0.00238828 -0.0549548 -0.0971764 0.0614561
internal_weight=4794.5 4644 4593 60.5 4532.5 4501.5 214 75.5 54 138.5 4287.5 4260.5 54.5 4206 193.5 141.5 92 52 4012.5 324 87 237 158.5 102 3688.5 56.5 3632 394.5 289.5 105
internal_count=4235 4102 4054 52 4002 3972 191 70 50 121 3781 3756 49 3707 166 121 77 45 3541 292 80 212 139 93 3249 50 3199 349 257 92
is_linear=0
shrinkage=0.03


Tree=194
num_leaves=31
num_cat=0
split_feature=18 3 4 11 2 7 2 16 17 5 0 10 13 16 6 8 13 19 2 19 19 3 14 6 17 19 5 4 8 17
split_gain=563.333 1295.86 1874.75 1047.22 968.929 782.013 707.611 648.375 911.579 1424.46 1224.26 1921.71 767.432 724.475 849.601 3992.57 877.215 845.846 1430.15 1277.58 1010.22 986.863 1003.76 827.423 823.211 2280.28 2193.08 1909.55 6434.05 2311.45
threshold=0.9850000000000001 5204.0000000000009 0.074652777777777804 19.641244275601654 11.853569291887402 9545.5000000000018 18.699555254776751 331.50000000000006 568.50000000000011 -15.565754067584491 137.55263741134755 7.0157521167929007 361.50000000000006 290.00000000000006 146.50000000000003 199.06000000000003 194.50000000000003 -0.31499999999999989 29.539980721820303 -0.25499999999999995 -0.27499999999999986 9888.0000000000018 102.50000000000001 658.00000000000011 371.50000000000006 0.38500000000000006 -8.1378931375639905 0.17534722222222224 141.59670329670351 341.50000000000006
decision_type=8 10 8 8 10 10 10 10 10 10 10 10 10 10 8 8 8 8 10 8 10 8 8 10 8 10 10 10 10 8
left_child=4 2 -2 5 -1 -3 -5 8 12 -10 -11 -12 13 14 15 16 -6 18 21 20 -19 22 -16 24 25 26 -21 -28 -29 -30
right_child=1 3 -4 6 7 -7 -8 -9 9 10 11 -13 -14 -15 17 -17 -18 19 -20 23 -22 -23 -24 -25 -26 -27 27 28 29 -31
leaf_value=0.16708459851332008 -0.057060765202556332 0.11305066911990826 0.28510340846314719 -0.19953163530704746 -0.17604152699734302 -0.059284155729838778 -0.038787613665902769 -0.099567358555783206 0.23272582033237854 0.19481117300553755 -0.12523492318785878 0.19442869663238524 -0.14180624479756634 -0.16306585006415841 -0.08292868718504906 0.4417674464529211 0.071540777745999776 -0.042381839068312388 -0.090189517861918395 -0.038652237475762963 -0.27357509729997165 0.29957101745264869 0.21763543598726393 -0.15765437594914838 -0.0061578806834187757 0.33852960714479774 -0.0091260230065754819 0.48208029008247483 0.011009807865912756 0.20114136359154783
leaf_weight=32 35 32.5 24.5 68.5 23.5 87.5 38.5 56.5 38.5 27.5 60.5 23.5 34 24 20 22 28.5 47.5 28.5 370.5 26.5 28 20 29.5 2942 20.5 251.5 35.5 242 75.5
leaf_count=32 24 23 22 48 20 60 27 49 37 21 53 22 30 20 20 22 26 46 27 335 24 28 20 27 2611 20 195 33 238 75
internal_value=4.1094e-10 -0.0407908 0.0838304 -0.0734558 0.0025924 -0.0126101 -0.141694 0.00141641 0.00270741 0.0753974 0.0210733 -0.0358052 0.000153598 0.00129316 0.00222979 0.102984 -0.0403474 0.000427785 0.0882044 -0.00166834 -0.125174 0.162972 0.0673534 0.000635522 0.00182144 0.0254027 0.018819 0.0540433 0.0990493 0.0562222
internal_weight=4794.5 286.5 59.5 227 4508 120 107 4476 4419.5 150 111.5 84 4269.5 4235.5 4211.5 74 52 4137.5 96.5 4041 74 68 40 3967 3937.5 995.5 975 604.5 353 317.5
internal_count=4235 204 46 158 4031 83 75 3999 3950 133 96 75 3817 3787 3767 68 46 3699 95 3604 70 68 40 3534 3507 896 876 541 346 313
is_linear=0
shrinkage=0.03


Tree=195
num_leaves=31
num_cat=0
split_feature=6 2 6 3 10 2 14 9 7 1 11 5 13 6 3 11 2 1 17 2 4 7 7 3 8 0 18 17 6 4
split_gain=555.747 680.908 567.54 2557.48 2532.5 2039.18 1136.02 935.544 1167.27 1501.65 1272.63 1810.73 1464.18 914.254 812.762 2363.75 1643.51 2986.53 2284.43 1786.54 1932.33 1853.38 2652.69 2249.4 1827.23 1554.33 2010.02 1586.17 1382.92 1326.31
threshold=95.000000000000014 29.462917145259805 268.50000000000006 4664.5000000000009 -3.3800863204016518 40.535006039930906 112.50000000000001 -4734.9999999999991 2523.5000000000005 229.33474658869397 34.959225361485359 -7.1899521531099841 243.50000000000003 225.50000000000003 3895.0000000000005 15.055772283604751 19.478066401714454 145.05520403608273 411.50000000000006 21.934531996283201 0.58159722222222243 9101.0000000000018 7801.5000000000009 3328.0000000000005 158.37622067216253 209.31052631578953 0.56500000000000006 534.50000000000011 340.50000000000006 0.63975694444444453
decision_type=8 10 8 8 10 10 8 8 8 10 10 10 8 10 8 10 8 10 8 10 10 10 8 10 10 10 10 8 10 10
left_child=1 -1 3 4 -2 7 -6 -5 -9 10 11 12 -10 -13 15 25 17 -17 -19 -18 21 22 23 -21 -25 26 -4 -28 -20 -22
right_child=2 -3 14 5 6 -7 -8 8 9 -11 -12 13 -14 -15 -16 16 19 18 28 20 29 -23 -24 24 -26 -27 27 -29 -30 -31
leaf_value=-0.0056465847383845936 -0.36565338238477707 -0.21694621811521814 -0.12507044566714245 0.22301204323768614 -0.12673107680465492 0.32779567608293497 0.15615054069681369 0.22362678329531963 0.082233386080840534 -0.23018434677805216 -0.14132565472946793 -0.06377581350372305 0.41115690401622229 0.10896343809890223 -0.0075015368261634532 -0.092513272232479515 -0.17737638426088803 0.50224499076604845 0.28306054092943667 0.0001076871600399538 -0.2895787448318381 -0.10104624142038061 0.39136394461920093 0.051093793031573298 0.42160782648169476 0.40461574459075927 0.39521951063819549 0.046580508500337604 -0.037345876365291825 -0.041683763638444123
leaf_weight=33 25 23.5 23 26 28 26.5 23.5 26 29 21 30.5 70 21 45.5 3680.5 40.5 55.5 20 24 201.5 28.5 70.5 21.5 25 23 20 23 24 24.5 61
leaf_count=28 20 20 22 23 25 26 21 24 27 21 27 60 20 39 3226 29 47 20 24 183 28 63 21 21 23 20 22 20 24 61
internal_value=-1.14521e-10 -0.0935323 0.00111536 0.0366861 -0.117912 0.0767089 0.00235083 0.0519736 0.0336732 0.0109138 0.0367457 0.0695625 0.220381 0.00427298 -0.0019154 0.028077 0.00641996 0.111712 0.232458 -0.0171706 0.00345913 0.0359783 0.0716249 0.0440722 0.228632 0.171374 0.104734 0.217191 0.121206 -0.120622
internal_weight=4794.5 56.5 4738 372 76.5 295.5 51.5 269 243 217 196 165.5 50 115.5 4366 685.5 595.5 109 68.5 486.5 431 341.5 271 249.5 48 90 70 47 48.5 89.5
internal_count=4235 48 4187 333 66 267 46 241 218 194 173 146 47 99 3854 628 544 97 68 447 400 311 248 227 44 84 64 42 48 89
is_linear=0
shrinkage=0.03


Tree=196
num_leaves=31
num_cat=0
split_feature=14 8 13 2 4 2 10 10 14 6 0 0 8 15 2 6 14 8 17 10 2 19 1 8 2 17 12 7 14 15
split_gain=553.5 616.286 920.623 1923.89 906.626 1614.58 1330.29 1266.6 2397.41 921.637 806.468 957.653 1073.66 1669.62 1013.08 987.088 951.469 1263.18 816.537 1904.88 1562.98 2020.32 1409.88 1398.17 2147.55 1957.78 1483.85 1176.68 2402.56 1905.49
threshold=223.50000000000003 128.57380660954752 390.50000000000006 28.964458990947403 0.10243055555555562 32.895120961280057 5.4039679314576512 0.10104029190910159 138.50000000000003 361.50000000000006 369.85918811163452 329.50443722943709 300.12099479467906 7557.3333333333348 9.4497252235886471 84.500000000000014 179.50000000000003 177.59795026881702 461.50000000000006 -20.042325761884999 39.871500889477254 0.059999999999999977 287.93872749590855 178.56562109862702 29.274666840605654 494.50000000000006 73.500000000000014 1919.0000000000002 58.500000000000007 2225.3333333333339
decision_type=10 8 10 10 10 10 8 10 8 10 8 10 10 8 10 8 10 8 10 8 10 8 10 8 10 10 10 8 8 8
left_child=1 4 10 -4 5 -1 7 8 -6 -8 11 12 14 -14 -3 -16 18 -18 19 -17 23 -22 27 -20 25 -25 -26 28 -21 -29
right_child=-2 2 3 -5 6 -7 9 -9 -10 -11 -12 -13 13 -15 15 16 17 -19 20 22 21 -23 -24 24 26 -27 -28 29 -30 -31
leaf_value=-0.023859733964456484 0.14370925736147908 0.23107568386622837 -0.29857295483350754 0.061245252782443776 -0.23390581495976179 0.19034584203492039 -0.084202585751360109 0.15928987244367598 0.090544302181193692 -0.32765072621797259 0.15261736178939991 -0.16239430644819813 -0.060216704070568089 0.30142767323387992 -0.1598429809399505 0.22556520128791982 -0.0087293736439730436 -0.30303845133100232 0.01817548300377083 0.34053978147752145 0.044475243003280075 -0.27174569129943849 -0.2235562296097095 -0.07285952947214698 0.4454378002104552 0.14683841604387984 0.15084794824161837 0.19906303960829971 0.028960015375421127 -0.0094326072638296586
leaf_weight=386 24 17.5 27 26.5 44.5 34.5 27.5 25 38 28.5 33 31 20 27 33.5 33 35 21 451 25.5 40.5 33 26 67.5 23 79.5 46.5 40 176 2873.5
leaf_count=264 22 16 23 24 32 26 21 20 29 21 32 31 20 27 29 32 29 20 386 25 37 29 26 66 23 76 46 38 166 2599
internal_value=1.58354e-10 -0.00072299 0.00330429 -0.120345 -0.0295932 -0.0062852 -0.0895382 -0.0277756 -0.0844621 -0.2081 0.00490488 0.00371597 0.0049815 0.147536 0.00331564 0.00232031 0.00368835 -0.119095 0.00544464 -0.00117522 0.0338002 -0.0975015 -0.00355741 0.0482581 0.110924 0.0459567 0.248338 -0.00172114 0.0683907 -0.00657013
internal_weight=4794.5 4770.5 4186.5 53.5 584 420.5 163.5 107.5 82.5 56 4133 4100 4069 47 4022 4004.5 3971 56 3915 3174 741 73.5 3141 667.5 216.5 147 69.5 3115 201.5 2913.5
internal_count=4235 4213 3800 47 413 290 123 81 61 42 3753 3721 3690 47 3643 3627 3598 49 3549 2886 663 66 2854 597 211 142 69 2828 191 2637
is_linear=0
shrinkage=0.03


Tree=197
num_leaves=31
num_cat=0
split_feature=0 10 1 3 3 6 3 9 18 7 4 7 11 11 3 19 5 7 18 12 3 12 7 18 8 8 19 7 16 5
split_gain=548.165 520.592 1711.28 3219.99 2984.91 2483.25 745.992 738.589 878.355 821.494 1700.22 1946.82 2390.45 1671.96 1741.41 2069.1 1865.84 1580.29 1871.25 1598.2 1335 2182.13 1227.01 1686.01 1192.84 1821.35 1802.93 1197.97 2194.26 1959.66
threshold=102.0844086021505 -15.733941055166499 217.66594982078854 5695.0000000000009 8563.5000000000018 383.50000000000006 29445.000000000004 -13171.999999999998 0.82500000000000007 13515.000000000002 0.32725694444444448 15363.000000000002 31.093727180967655 17.803309088239605 11373.500000000002 -0.014999999999999956 -32.609039333193998 16162.500000000002 0.41500000000000004 69.500000000000014 3895.0000000000005 105.50000000000001 12540.500000000002 0.62500000000000011 350.95188025729857 293.23821271929859 1.0000000180025095e-35 11115.500000000002 24.500000000000004 -0.96862093241550429
decision_type=10 8 10 8 8 10 10 8 10 8 10 8 10 10 8 10 10 10 10 10 8 8 10 10 10 8 8 10 8 10
left_child=-1 2 3 -2 -5 -6 7 8 -3 22 20 12 -12 -13 15 -15 -16 18 -18 -19 21 -11 24 -24 25 27 -27 -9 -29 -30
right_child=1 6 -4 4 5 -7 -8 9 -10 10 11 13 -14 14 16 -17 17 19 -20 -21 -22 -23 23 -25 -26 26 -28 28 29 -31
leaf_value=-0.10601155519485472 -0.21657698553103902 -0.17783375763893128 0.2940099069994429 0.38602649450302123 0.14830280806124208 -0.23522633372520912 -0.1359181459146003 -0.010840139792655476 0.021753930113684962 0.27185048474205858 0.10831320550197208 -0.12335858754421535 0.48144042503088713 0.11983823799317883 0.32396693020600542 -0.21346246445015685 0.13857240269261023 0.26717169378610217 -0.17644566328525543 0.0081758875782425335 -0.0087400873730667916 -0.054116129752467657 -0.25106978493609594 -0.029488785175176765 -0.22249564751305362 0.39537604025378825 0.046523930221796038 -0.045391847694120489 0.22572527488427502 0.022578508412015849
leaf_weight=43.5 38.5 45 23 25.5 40 24.5 36.5 2533 35.5 40.5 58.5 47.5 21 31 32.5 36.5 31 51 37.5 37 960.5 34 42 117 22 20 40 119 84 87
leaf_count=34 34 40 23 24 38 22 27 2244 28 39 58 47 21 31 32 35 31 51 36 36 805 30 41 96 22 20 39 100 74 77
internal_value=-1.58793e-10 0.000970638 0.0556882 0.0130314 0.111253 0.0026212 -0.000831668 0.000248906 -0.0898168 0.00186637 0.0207416 0.0746985 0.206875 0.0401325 0.0704087 -0.060391 0.117123 0.074168 -0.0338827 0.158276 0.00074893 0.123087 -0.00687206 -0.0880196 -0.00243059 -0.000751291 0.162808 -0.00422758 0.0535297 0.12237
internal_weight=4794.5 4751 151.5 128.5 90 64.5 4599.5 4563 80.5 4482.5 1418.5 383.5 79.5 304 256.5 67.5 189 156.5 68.5 88 1035 74.5 3064 159 2905 2883 60 2823 290 171
internal_count=4235 4201 141 118 84 60 4060 4033 68 3965 1252 378 79 299 252 66 186 154 67 87 874 69 2713 137 2576 2554 59 2495 251 151
is_linear=0
shrinkage=0.03


Tree=198
num_leaves=31
num_cat=0
split_feature=13 14 14 2 0 14 15 7 11 7 17 17 10 14 5 16 11 6 11 6 6 11 8 8 4 8 2 13 11 11
split_gain=526.95 939.337 767.166 1593.08 997.685 872.361 1470.46 1841.43 1471.67 1190.46 1079.52 1794.9 2154.11 931.229 2062.95 1553.68 1387 1330.41 830.572 1599.2 4559.78 1605.61 1293.74 1271.53 1816.2 2712.81 1169.45 2279.76 1281.11 2065.06
threshold=74.500000000000014 35.500000000000007 43.500000000000007 25.296186488793555 369.85918811163452 60.500000000000007 7312.5000000000009 3893.0000000000005 27.841925925148203 8354.5000000000018 241.50000000000003 273.50000000000006 0.52700488956480041 69.500000000000014 -16.988648694155 -136.49999999999997 25.896830393526752 358.50000000000006 39.848331793238906 382.50000000000006 233.50000000000003 42.351064264213207 155.36003470214004 171.44333022388051 0.41840277777777779 200.79911223842751 46.884966843240953 257.50000000000006 34.133866044368155 33.870655991709761
decision_type=8 8 8 10 8 8 8 10 10 8 8 8 10 8 10 10 10 10 10 8 10 10 10 10 10 8 10 10 10 10
left_child=-1 -2 3 -3 5 6 7 -4 -9 -8 -7 12 -12 14 17 -16 -17 -13 26 20 -20 -21 -23 -24 -25 -26 28 -28 29 -15
right_child=1 2 4 -5 -6 10 9 8 -10 -11 11 13 -14 18 15 16 -18 -19 19 21 -22 22 23 24 25 -27 27 -29 -30 -31
leaf_value=-0.055247443326659179 0.12983140892842235 -0.26619629341980505 -0.013721122052825866 0.041954412573859803 0.17139344861430506 -0.19142991214990615 -0.16559725660085675 0.4636329873041673 0.12042458497959634 0.047917661546012777 0.36026979400051962 -0.071520006179809567 -0.016959398486397482 0.0018529125564618251 0.12727235057137229 0.013294998117395349 -0.22480578560535219 -0.3752336208025614 -0.14356498813629148 0.11637426703978496 0.31337057283050135 0.065627939258001547 -0.26998349390923976 0.16015884085613138 -0.38900083128611246 0.07949812132187864 0.024026069145936232 -0.36149063095450401 -0.053231372214586403 0.26777167405722274
leaf_weight=150.5 51 29 30.5 31.5 31 27 30 22 23 108.5 27 25 27.5 3211 49.5 55.5 36.5 27 30 78.5 57 56.5 32 25.5 22.5 22 32.5 24 394.5 26.5
leaf_count=133 48 22 28 30 30 25 27 20 22 94 25 23 24 2826 44 46 31 22 25 73 55 46 26 25 20 22 30 20 349 24
internal_value=2.20548e-10 0.00179043 0.000368678 -0.105754 0.00178521 0.000617188 0.0597306 0.166241 0.288215 0.00166894 -0.00233331 -0.00113495 0.169925 -0.00335149 -0.0676324 -0.00825129 -0.0811689 -0.229217 -0.000251589 0.0458011 0.155807 0.00541931 -0.0495331 -0.113323 -0.0417073 -0.157383 -0.00429688 -0.139733 -0.00219001 0.00402954
internal_weight=4794.5 4644 4593 60.5 4532.5 4501.5 214 75.5 45 138.5 4287.5 4260.5 54.5 4206 193.5 141.5 92 52 4012.5 324 87 237 158.5 102 70 44.5 3688.5 56.5 3632 3237.5
internal_count=4235 4102 4054 52 4002 3972 191 70 42 121 3781 3756 49 3707 166 121 77 45 3541 292 80 212 139 93 67 42 3249 50 3199 2850
is_linear=0
shrinkage=0.03


Tree=199
num_leaves=31
num_cat=0
split_feature=0 3 2 18 2 3 11 6 2 19 10 16 17 10 11 6 9 12 3 15 10 6 2 15 17 12 5 11 6 7
split_gain=528.794 1330.65 1401.24 1299.19 780.705 1795.87 673.338 1281.28 1377.78 920.509 1022.83 646.817 732.386 705.782 618.322 617.212 587.364 2129.11 2101.86 2708.24 2291.49 2102.33 2057.77 1466.16 1232.56 1216.39 1182.47 1174.34 1238.2 1481.08
threshold=126.20953947368402 18333.500000000004 37.424652631353204 0.96500000000000008 11.853569291887402 6869.5000000000009 27.403676187026054 486.50000000000006 30.350367252454554 0.070000000000000048 -5.2414429582226498 331.50000000000006 659.50000000000011 -2.8882033524916504 38.195160295903811 228.50000000000003 -3780.9999999999995 21.500000000000004 5491.5000000000009 4463.8333333333348 -7.9414933733899522 566.50000000000011 39.871500889477254 6142.8333333333348 506.50000000000006 47.500000000000007 -19.759351129814487 19.072785221838753 465.50000000000006 9660.5000000000018
decision_type=10 8 10 10 10 8 8 8 8 10 8 10 10 10 8 10 8 8 10 10 10 10 10 10 10 8 10 10 8 10
left_child=1 2 6 -3 5 -2 9 8 -8 10 -1 12 16 -13 -9 -12 17 -6 19 -19 -21 22 24 -22 25 -20 -25 -28 -29 -30
right_child=4 3 -4 -5 11 -7 7 14 -10 -11 15 13 -14 -15 -16 -17 -18 18 21 20 23 -23 -24 26 -26 -27 27 28 29 -31
leaf_value=-0.1833423919522244 0.34747131810738491 -0.255647628562791 0.1692319996716225 0.00039602811057721414 0.29640542584307056 -0.0058945742210784521 0.27977381354570385 -0.12026369762420655 -0.017086399636178647 -0.19676847107270184 0.070566738843917842 0.0053332953613538011 0.18010992748396737 -0.21791335201263429 0.03882137617399526 -0.038742624904524098 -0.002709453648471612 0.27440366786459219 -0.13659569185972212 -0.24758576068547694 -0.21011723489570083 0.35381325313518214 0.30759128374211925 0.19723171441555021 0.1905926146378388 0.033316753637432063 0.15303027742895586 -0.16127118933299356 0.18479580226491707 -0.067392420005887299
leaf_weight=34.5 19.5 42 36.5 31 25.5 38.5 30 45 26.5 34 64.5 26 21 25 43 166.5 3396.5 23 45 50.5 33.5 21.5 25.5 25 37 241 29 60.5 30.5 67
leaf_count=23 19 29 29 21 25 34 23 31 20 24 45 23 20 22 34 112 3075 22 39 45 31 20 24 24 34 218 26 55 28 60
internal_value=-2.31202e-10 -0.0275783 -0.00944784 -0.146917 0.00359929 0.112909 -0.0241366 0.0290511 0.140538 -0.0497981 -0.030977 0.00208364 0.00339425 -0.104101 -0.0425289 -0.00822118 0.00249154 0.0272154 0.0172526 -0.0391786 -0.0635448 0.0659055 0.0481436 -0.0256871 0.0276609 0.00658228 0.00345634 -0.0224495 -0.0546578 0.0114972
internal_weight=4794.5 553.5 480.5 73 4241 58 444 144.5 56.5 299.5 265.5 4183 4132 51 88 231 4111 714.5 689 319 296 370 348.5 245.5 323 286 212 187 158 97.5
internal_count=4235 391 341 50 3844 53 312 108 43 204 180 3791 3746 45 65 157 3726 651 626 291 269 335 315 224 291 257 193 169 143 88
is_linear=0
shrinkage=0.03


Tree=200
num_leaves=31
num_cat=0
split_feature=0 14 6 6 8 15 2 11 2 8 10 8 12 4 2 6 6 11 5 5 16 6 14 13 19 2 6 14 9 12
split_gain=519.531 508.525 606.18 3058.22 2433.23 1336.44 1305.04 2478.88 2171.55 2308.09 1584.12 1397.67 1191.19 2035.94 1126.27 1084.8 1718.61 1923.48 1228.47 1674.52 1587.87 1004.2 953.891 884.208 958.557 1966.64 1511.46 866.594 746.601 1235.08
threshold=102.0844086021505 223.50000000000003 500.50000000000006 519.50000000000011 138.40312500000002 9601.1666666666679 38.445244448557659 40.532776705766757 32.494388485002609 218.92526595744704 11.316233861833402 182.08211891576801 40.500000000000007 0.38715277777777779 26.869405428338002 485.50000000000006 478.50000000000006 25.575956942045156 -17.207837498620503 -4.9672913362590085 -62.499999999999993 475.50000000000006 178.50000000000003 411.50000000000006 -0.3249999999999999 29.539980721820303 391.50000000000006 184.50000000000003 -11009.499999999998 58.500000000000007
decision_type=10 10 10 10 10 10 10 10 10 10 10 10 8 10 10 10 10 10 8 8 8 10 10 10 8 10 8 10 8 10
left_child=-1 2 15 4 -4 14 7 8 9 11 -8 12 -5 -14 -6 16 21 -18 -17 -20 -21 22 23 24 25 26 -2 -24 29 -26
right_child=1 -3 3 6 5 -7 10 -9 -10 -11 -12 -13 13 -15 -16 18 17 -19 19 20 -22 -23 27 -25 28 -27 -28 -29 -30 -31
leaf_value=-0.10320560233346347 -0.0011093501422716225 0.13868869462050498 -0.0088649651201644745 -0.1678076623860052 0.22847500084614264 0.12326803412437437 -0.029159797733469352 -0.28765911993773086 0.25968920053347294 0.29680532929689984 -0.33579502264658606 -0.18891279120967813 0.0018860239181362215 0.29575796671211718 0.52983715103893747 -0.26206090376294888 -0.030521923811709293 0.28841858769392037 0.1870582689444224 -0.2913226012057728 -0.00031296573082605994 -0.17796000577635684 -0.254694651889801 -0.18382178253315865 -0.17379513255481063 -0.1504845745970563 0.30858311639041514 -0.030072649086101185 0.00090009866184857725 0.026059903040110508
leaf_weight=43.5 23 24 50.5 29.5 24.5 37.5 46.5 23 34.5 23 22.5 36.5 183 24 20.5 29 30.5 38.5 22.5 27 45 29.5 25 23.5 58 20.5 37 40.5 3668.5 53.5
leaf_count=34 23 22 38 23 23 35 41 20 32 23 20 36 148 24 20 25 28 36 19 22 38 26 20 21 48 19 37 36 3252 46
internal_value=-1.84672e-11 0.000944947 0.000245592 0.0296853 0.155144 0.255538 -0.00980825 0.0134861 0.0344432 0.00818991 -0.12915 -0.0161257 0.0105413 0.0359581 0.365762 -0.00367476 -0.0010026 0.147438 -0.0912611 -0.0388464 -0.109442 -0.00357671 -0.00227419 -0.000359574 0.000757214 0.103194 0.189868 -0.115806 -0.00142431 -0.0779006
internal_weight=4794.5 4751 4727 555.5 133 82.5 422.5 353.5 330.5 296 69 273 236.5 207 45 4171.5 4048 69 123.5 94.5 72 3979 3949.5 3884 3860.5 80.5 60 65.5 3780 111.5
internal_count=4235 4201 4179 483 116 78 367 306 286 254 61 231 195 172 43 3696 3592 64 104 79 60 3528 3502 3446 3425 79 60 56 3346 94
is_linear=0
shrinkage=0.03


Tree=201
num_leaves=31
num_cat=0
split_feature=13 14 16 15 3 8 14 2 0 14 10 13 17 6 17 17 10 10 14 19 5 13 9 9 18 16 0 3 0 11
split_gain=509.351 886.292 761.842 759.344 1271.06 1162.74 704.901 1502.29 967.858 809.779 1429.75 2269.3 2367.86 1027.47 1015.44 1694.2 2011.62 908.773 2077.32 2037.87 1495.53 2339.06 1492.81 1322.43 1638.15 2296.53 1215.04 3477.87 2586.91 1165.38
threshold=74.500000000000014 35.500000000000007 -62.499999999999993 6888.8333333333348 11618.500000000002 194.33130081300803 43.500000000000007 28.147307892611153 369.85918811163452 60.500000000000007 9.0835951701530515 136.50000000000003 214.50000000000003 593.50000000000011 241.50000000000003 273.50000000000006 0.52700488956480041 -1.1797850805678498 78.500000000000014 -0.18499999999999994 -31.086720754262497 314.50000000000006 -5168.4999999999991 -331.49999999999994 0.24500000000000002 -73.499999999999986 280.23157894736852 5636.5000000000009 259.90432254802857 36.849919774554508
decision_type=8 8 8 8 8 10 8 10 8 8 10 10 10 8 8 8 10 10 8 10 8 8 10 8 10 10 10 10 10 10
left_child=3 2 -2 5 -5 -1 7 -3 9 10 11 12 -8 -13 -11 16 -16 18 19 -17 21 -20 -23 24 25 -19 28 -28 -22 -26
right_child=1 6 -4 4 -6 -7 8 -9 -10 14 -12 13 -14 -15 15 17 -18 23 20 -21 26 22 -24 -25 29 -27 27 -29 -30 -31
leaf_value=-0.061097532679205348 0.031073956255052909 -0.23112291025078815 0.26756348481992392 -0.22418455513675561 0.0088513860851526256 0.21289662265777587 -0.020761074986256341 0.070858224722055288 0.16879074770116037 -0.18565370344453386 0.2495808571577072 0.0052096352041984088 0.31998948083112116 -0.18862989666494165 0.34904023796319961 -0.2643389936288198 -0.015499389475042168 0.42489642690057339 0.039890600707795883 -0.052789324370815474 -0.00026973408661514186 -0.023124363263448078 -0.32079158592608664 -0.0099904008788256494 0.018162231775837329 0.023478923889583555 -0.43800698859351023 0.076755891905890564 0.2905656172973769 0.15361260335256413
leaf_weight=46 30.5 34.5 20.5 44.5 40 20 35.5 26 31 27 30 73.5 38 37 27 54 27.5 23 54 170 1623 22.5 46.5 1235 811.5 29 21 27 28 61.5
leaf_count=40 28 27 20 39 34 20 32 25 30 25 28 65 36 30 25 48 24 23 50 143 1424 20 40 1088 709 29 21 27 28 57
internal_value=-1.8975e-10 0.00176027 0.126133 -0.054317 -0.113872 0.021931 0.000379252 -0.101346 0.00173708 0.000586653 0.0575402 0.0262293 0.155409 -0.0596959 -0.00225605 -0.0010938 0.165098 -0.00324726 -0.0175754 -0.103788 -0.00697623 -0.107992 -0.223726 0.0103246 0.0374479 0.201029 0.000336858 -0.148453 0.00466266 0.0277043
internal_weight=4794.5 4644 51 150.5 84.5 66 4593 60.5 4532.5 4501.5 214 184 73.5 110.5 4287.5 4260.5 54.5 4206 2046 224 1822 123 69 2160 925 52 1699 48 1651 873
internal_count=4235 4102 48 133 73 60 4054 52 4002 3972 191 163 68 95 3781 3756 49 3707 1801 191 1610 110 60 1906 818 52 1500 48 1452 766
is_linear=0
shrinkage=0.03


Tree=202
num_leaves=31
num_cat=0
split_feature=2 7 12 12 3 5 15 2 4 7 16 18 2 10 8 0 8 1 19 6 1 5 17 5 14 19 4 0 18 0
split_gain=502.213 1987.82 2029.15 1838.48 1835.37 1354.39 1329.66 1244.08 1200.91 1028.37 872.874 750.352 706.256 1662.02 1212.47 1236.83 812.05 1025.86 1046.48 1957.39 1327.77 1509.96 2134.06 1864.04 1186.77 1146.2 1078.06 1059.49 859.912 630.166
threshold=43.05852493485316 11115.500000000002 61.500000000000007 53.500000000000007 9347.5000000000018 17.766994876779012 5623.5000000000009 42.33247430326481 0.32465277777777779 5410.0000000000009 -377.49999999999994 0.55500000000000016 41.428527528831907 20.431302321364104 350.95188025729857 346.70101351351354 300.12099479467906 287.93872749590855 0.35500000000000015 448.50000000000006 270.41253296640321 -36.811925063350991 355.50000000000006 -34.242105263158486 172.50000000000003 0.31500000000000011 0.5746527777777779 165.17936132466005 0.71500000000000008 280.23157894736852
decision_type=8 10 10 10 10 10 8 10 10 8 8 10 10 10 10 10 10 10 10 8 10 8 8 8 8 10 10 10 10 10
left_child=7 2 3 4 5 9 -4 10 -3 -2 -1 -11 13 14 15 16 17 18 20 26 21 22 -12 -23 27 29 -20 -24 -21 -25
right_child=1 8 6 -5 -6 -7 -8 -9 -10 11 12 -13 -14 -15 -16 -17 -18 -19 19 28 -22 23 24 25 -26 -27 -28 -29 -30 -31
leaf_value=0.14612009684781771 -0.088201118608315782 -0.013758305563053614 -0.08565907811417299 0.23942982080791675 -0.30890526445706684 -0.20733959042507669 -0.3500145028985065 0.18316567056319291 0.24406555521488191 0.27087498087774625 -0.14149965522081953 0.023100092370401726 -0.13742354806679399 0.25519980338604553 -0.20881557011827825 0.22507661071690643 0.1414609976609548 -0.16824009679935195 -0.095082413500005541 -0.070096329620906284 0.20794435166820349 -0.21420370947670292 0.43845661737702107 -0.00026426680160169158 0.060718292362258043 0.19825425253464626 0.17436027783613939 0.1440325266122818 -0.31566815755584021 -0.10962590260431171
leaf_weight=37 27 35.5 34 21 22.5 23 34.5 34 30 22 23 22 33.5 23 25 22 36 33 27.5 21 28 37 22 3929 37 26 26 22 33 48
leaf_count=33 24 30 28 20 20 20 29 32 30 22 21 20 31 21 25 22 36 33 22 21 28 34 21 3431 33 24 26 22 28 48
internal_value=1.13271e-10 -0.0396298 -0.0854031 -0.0189464 -0.0655207 -0.00726371 -0.218802 0.00237884 0.104329 0.0575496 0.00100955 0.146988 -0.000196447 0.000843976 -0.000486973 0.000704702 -0.000430444 -0.00161493 -0.000330052 -0.0927486 0.0020513 0.000660128 0.113527 -0.00224536 0.185942 -0.00028622 0.0358617 0.291245 -0.220168 -0.0015842
internal_weight=4794.5 271.5 206 137.5 116.5 94 68.5 4523 65.5 71 4489 44 4452 4418.5 4395.5 4370.5 4348.5 4312.5 4279.5 107.5 4172 4144 104 4040 81 4003 53.5 44 54 3977
internal_count=4235 243 183 126 106 86 57 3992 60 66 3960 42 3927 3896 3875 3850 3828 3792 3759 97 3662 3634 97 3537 76 3503 48 43 49 3479
is_linear=0
shrinkage=0.03


Tree=203
num_leaves=31
num_cat=0
split_feature=0 19 19 11 2 19 7 19 3 2 6 5 1 4 11 8 1 7 10 6 8 6 6 4 8 18 14 11 15 4
split_gain=499.326 500.354 942.837 2825.26 2287.17 1496.3 1374.42 914.317 2263.19 858.453 659.966 782.423 1059.09 1010.52 3442.63 1573.6 1538.22 1232.45 701.642 3830.55 706.248 1443.65 849.054 1754.23 1969.2 2615.71 2390.6 1700.35 1693.21 1454.23
threshold=102.0844086021505 -0.50499999999999989 -0.29499999999999987 28.603293986939104 29.143076497543454 -0.25499999999999995 8354.5000000000018 -0.23499999999999999 8291.5000000000018 27.936130832165404 682.50000000000011 -82.299793377580997 324.97936323416303 0.90104166666666685 26.626775556857051 293.23821271929859 270.41253296640321 10650.000000000002 19.314567779743353 406.50000000000006 253.85263157894752 369.50000000000006 320.50000000000006 0.62673611111111127 190.90506822612102 0.58500000000000008 102.50000000000001 33.709078824855304 10578.000000000002 0.39409722222222232
decision_type=10 8 8 10 10 8 10 8 8 10 10 8 10 10 8 10 10 8 10 8 10 8 8 10 8 10 8 8 10 10
left_child=-1 -2 3 6 -5 9 -3 8 -7 -4 11 -9 13 16 15 17 18 -15 20 -20 22 -22 23 24 25 26 -13 -26 -25 -27
right_child=1 2 5 4 -6 7 -8 10 -10 -11 -12 12 -14 14 -16 -17 -18 -19 19 -21 21 -23 -24 28 27 29 -28 -29 -30 -31
leaf_value=-0.10117881470713122 -0.14696533441543577 0.12692525743476804 -0.28199771193897022 0.10606051258418871 -0.27077286586761473 0.34104696671944112 0.44591055341809988 0.14980428963899611 -0.051274315856270875 -0.050242059014060279 -0.15531381146031983 0.015114083576202392 -0.16703470850692076 0.02890916022285819 0.40853066563606261 0.22104934004220095 -0.22697552926010553 -0.24302302807569504 -0.40149848577824043 0.085765037711121539 -0.092807517573237422 0.22840649380403408 -0.0050883137863454754 0.065829992115497588 -0.017657789991747948 0.030999958430113921 0.41084656254189911 -0.31697098731994627 0.38886788917624432 -0.17231427738496236
leaf_weight=43.5 20.5 31 25.5 34.5 25 24 20 31.5 29.5 33 24.5 25 34 40 24 22 27 24 23.5 38 20 34 3606.5 40 46.5 332 30.5 27 23 35
leaf_count=34 20 31 25 34 22 23 20 31 27 30 22 25 34 40 24 22 27 24 20 34 20 34 3146 40 45 273 30 24 23 31
internal_value=-2.23512e-11 0.00092639 0.00156729 0.0881689 -0.0522728 -0.000504024 0.252018 0.00142943 0.12472 -0.151264 -3.37617e-05 0.000814763 -0.000239408 0.00104421 0.090833 0.00217325 -0.00124844 -0.0730654 0.000175202 -0.100425 0.00164147 0.109438 0.000244031 0.0346467 0.0157064 0.0406382 0.232589 -0.12761 0.183764 0.0116103
internal_weight=4794.5 4751 4730.5 110.5 59.5 4620 51 4561.5 53.5 58.5 4508 4483.5 4452 4418 110 86 4308 64 4281 61.5 4219.5 54 4165.5 559 496 422.5 55.5 73.5 63 367
internal_count=4235 4201 4181 107 56 4074 51 4019 50 55 3969 3947 3916 3882 110 86 3772 64 3745 54 3691 54 3637 491 428 359 55 69 63 304
is_linear=0
shrinkage=0.03


Tree=204
num_leaves=31
num_cat=0
split_feature=7 3 11 1 16 16 2 10 6 6 17 6 0 6 0 18 7 9 13 14 17 17 14 19 7 10 8 10 3 18
split_gain=491.804 1532.5 2507.66 1277.44 1099.61 1195.14 1250.45 1289.18 1405.54 1098.93 1073.06 2265.91 2856.33 1344.79 1243.57 1819.4 1537.52 1377.1 1306.15 1373.54 1239.12 1889.52 1331.8 1073.1 1165.62 997.271 2480.46 1312.44 1259.31 1200.14
threshold=11115.500000000002 22480.000000000004 28.874829224237001 151.88533802333563 295.00000000000006 259.50000000000006 10.651184748750602 -20.042325761884999 421.50000000000006 596.50000000000011 504.50000000000006 324.50000000000006 169.30099444958401 558.50000000000011 280.23157894736852 0.075000000000000025 12027.500000000002 -1969.4999999999998 308.50000000000006 173.50000000000003 477.50000000000006 482.50000000000006 119.50000000000001 0.3050000000000001 13515.000000000002 -3.3800863204016518 178.93717105263153 -8.7218555752139491 14694.500000000002 0.40500000000000008
decision_type=8 8 10 8 10 10 10 10 8 10 8 8 10 10 10 10 8 8 8 10 10 10 10 10 8 10 10 8 10 10
left_child=1 4 3 -3 5 6 -1 8 -8 10 20 12 -12 14 15 -13 17 -17 19 -18 -2 -22 -23 24 -20 26 27 -26 -29 -27
right_child=9 2 -4 -5 -6 -7 7 -9 -10 -11 11 13 -14 -15 -16 16 18 -19 23 -21 21 22 -24 -25 25 29 -28 28 -30 -31
leaf_value=-0.25585630590575081 -0.00024225342316702944 -0.15716638690775089 -0.31968671500682827 0.11968472068960016 -0.13800459817051886 0.21647090323766074 -0.0060978454893285579 -0.0041951304618269205 0.33703014305659701 0.18833885215943857 0.035903411640765819 0.26893684508545057 0.40003998111594807 -0.21559883428174395 -0.19711494306271726 0.36171377335275923 0.20335224558372755 0.064761434439350576 -0.16967784251793319 -0.072367019394169688 -0.34450725043073616 0.069302051339460449 -0.16660581380680756 0.19012364866885731 0.14169541868272345 0.16588296778061809 -0.33262521522603927 -0.015402208777860952 -0.24231027744851025 0.0040103466510772699
leaf_weight=17.5 1074.5 27.5 37 33 54 22.5 22 2500 21 31 47 28 33 21.5 22 21 55.5 42.5 41.5 23 23.5 46 40.5 23.5 38.5 51 25 130 26.5 215
leaf_count=13 933 21 31 33 46 21 20 2225 20 27 37 28 33 20 22 20 49 36 37 19 19 42 32 23 33 51 23 114 21 186
internal_value=4.93701e-11 -0.0083395 -0.125137 -0.00615669 -0.00402104 -0.00121999 -0.00313292 -0.00139377 0.161476 0.0110701 0.00836169 0.0341998 0.18611 0.0183034 0.0250718 0.0318514 0.0222722 0.162966 0.00807986 0.122568 -0.0100598 -0.10596 -0.0411519 -0.0082311 -0.0170678 -0.00403624 -0.0512903 -0.0152217 -0.0538243 0.0350461
internal_weight=4794.5 2734.5 97.5 60.5 2637 2583 2560.5 2543 43 2060 2029 844.5 80 764.5 743 721 693 63.5 629.5 78.5 1184.5 110 86.5 551 527.5 486 220 195 156.5 266
internal_count=4235 2430 85 54 2345 2299 2278 2265 40 1805 1778 752 70 682 662 640 612 56 556 68 1026 93 74 488 465 428 191 168 135 237
is_linear=0
shrinkage=0.03


Tree=205
num_leaves=31
num_cat=0
split_feature=14 13 2 8 10 1 18 11 2 11 7 10 17 9 5 5 7 9 12 11 11 15 13 19 15 12 9 4 9 10
split_gain=484.836 538.157 1602.75 619.282 988.67 928.351 1529.04 757.464 968.504 841.4 841.001 842.139 746.38 775.29 731.163 1041.02 1382.03 779.14 2082.65 1360.17 2679.83 1358.97 2502.85 1441.7 1282.56 1199.24 1513.59 2013.24 1868 1514.1
threshold=223.50000000000003 390.50000000000006 28.435871896809406 128.57380660954752 -12.395070418575452 141.48235133949422 0.70500000000000007 31.401958893068354 31.832699636974603 22.305162776387654 5133.5000000000009 1.4880807270642491 563.50000000000011 -56.499999999999993 76.31587752525202 50.899311709796002 10013.000000000002 -3780.9999999999995 32.500000000000007 42.351064264213207 38.384612854054254 13485.500000000002 201.50000000000003 -0.085000000000000006 12584.833333333338 45.500000000000007 -8614.9999999999982 0.25868055555555558 -4983.9999999999991 3.0407277070647027
decision_type=10 10 10 8 10 10 10 10 10 10 10 10 8 8 10 10 8 8 8 10 10 10 10 10 10 8 10 10 10 10
left_child=1 3 -3 4 -1 6 -6 9 -9 -8 -11 12 13 -12 15 17 -17 18 -5 20 21 24 23 -23 25 -20 29 -28 -29 -27
right_child=-2 2 -4 14 5 -7 7 8 -10 10 11 -13 -14 -15 -16 16 -18 -19 19 -21 -22 22 -24 -25 -26 26 27 28 -30 -31
leaf_value=-0.22362053012847899 0.13450037822127342 -0.234088667172652 0.069993683427572256 0.24166577437301962 0.18490383170106831 -0.1546073503757632 -0.0015249523587372836 0.19656555974483489 -0.051100711714890265 -0.23232579761743544 -0.25953381389379498 0.043256265292970504 0.016706426311926596 -0.052084625413862322 0.16629139308929441 0.0085938737609169702 -0.310416050824252 -0.00071259547114491616 0.17961174394263596 -0.1554352487663965 0.25880934260014826 0.39448892456033957 -0.027499131773683155 0.12233461005214069 -0.17750877203010931 -0.00036276184994241464 0.058124801620604502 -0.20489458822210629 0.012303230840775926 0.32038513665975527
leaf_weight=22.5 24 32.5 30 41 34 43 245 30 27 30 36 49 29 29.5 25 27.5 22 3370.5 30.5 37 43.5 23 99 73.5 41 34.5 94.5 90 59 21.5
leaf_count=16 22 27 27 39 28 33 167 23 20 20 24 35 20 20 25 27 22 3052 28 33 39 23 86 67 36 31 82 84 58 21
internal_value=-1.15695e-10 -0.000676661 -0.0881291 0.000484295 -0.0286864 -0.0207479 -0.0094506 -0.0233477 0.07925 -0.0373215 -0.08787 -0.0576702 -0.110002 -0.166102 0.00454264 0.00355828 -0.133188 0.00522613 0.0343199 0.0211805 0.0318932 0.014469 0.0784779 0.1872 -0.0192608 0.000400287 -0.01785 -0.0501923 -0.11889 0.122782
internal_weight=4794.5 4770.5 62.5 4708 575 552.5 509.5 475.5 57 418.5 173.5 143.5 94.5 65.5 4133 4108 49.5 4058.5 688 647 610 566.5 195.5 96.5 371 330 299.5 243.5 149 56
internal_count=4235 4213 54 4159 406 390 357 329 43 286 119 99 64 44 3753 3728 49 3679 627 588 555 516 176 90 340 304 276 224 142 52
is_linear=0
shrinkage=0.03


Tree=206
num_leaves=31
num_cat=0
split_feature=13 14 15 3 8 16 14 14 10 13 5 10 17 17 17 10 5 19 17 5 0 6 0 5 0 0 13 3 10 1
split_gain=495.853 841.433 722.161 1191.11 1093.92 702.448 674.271 1594.99 2799.85 1333.49 1612.73 1154.39 1216.92 977.049 1560.34 1892.18 885.717 1019.21 873.423 1887.63 865.295 818.643 813.554 2962.68 1172.36 2255.92 1762.36 754.311 682.059 1469.75
threshold=74.500000000000014 35.500000000000007 6888.8333333333348 11618.500000000002 194.33130081300803 -62.499999999999993 49.500000000000007 60.500000000000007 9.0835951701530515 157.50000000000003 15.561219815940499 -0.65645589536154947 266.50000000000006 241.50000000000003 273.50000000000006 0.52700488956480041 -15.759938058686002 -1.0000000180025095e-35 304.50000000000006 -14.811783307907502 169.30099444958401 351.50000000000006 309.93329070758756 66.201571780662036 280.23157894736852 269.45300751879705 267.50000000000006 29445.000000000004 -1.1797850805678498 256.91485135802958
decision_type=8 8 8 8 10 8 8 8 10 10 8 10 10 8 8 10 10 10 8 10 10 8 10 8 10 10 8 10 8 10
left_child=2 5 4 -4 -1 -2 9 8 11 10 16 12 -8 -9 15 -15 -3 -18 19 -16 -13 -21 24 -24 25 27 -26 28 29 -20
right_child=1 6 3 -5 -6 -7 7 13 -10 -11 -12 20 -14 14 18 -17 17 -19 22 21 -22 -23 23 -25 26 -27 -28 -29 -30 -31
leaf_value=-0.059768586255933925 0.03164267027964357 0.073689185435121707 -0.21845796416984514 0.0071299724075943229 0.20599311916530133 0.25872671057538288 0.24325878423529784 -0.18099040693706936 0.42366937358204909 -0.26961469098925589 0.20282074260711669 0.036029352483811311 -0.0030337950762580421 0.33793934149874577 -0.28758695006370544 -0.015611602956598455 -0.027479983781065257 -0.28964812895830938 -0.011607246182406536 -0.14914088493899294 -0.19982255710796876 0.043034199675671139 -0.075871244149989095 0.39201469557625906 0.048876174762845039 0.26907745395387922 -0.29866185942600509 -0.13980612653706756 0.010401909907717185 -0.25851396495645695
leaf_weight=46 30.5 22 44.5 40 20 20.5 38.5 27 20.5 24 22.5 38.5 34 27 30 27.5 28 25.5 1581 28.5 22 66.5 29 21 24 28 29 35 2342 22
leaf_count=40 28 21 39 34 20 20 36 25 20 20 21 32 28 25 26 24 24 20 1379 25 22 57 29 21 24 28 29 26 2071 21
internal_value=-2.57041e-10 0.00173679 -0.0535925 -0.111671 0.0207653 0.122922 0.000391176 0.00228993 0.0973197 -0.0691934 -0.0201106 0.0470177 0.127756 -0.00108866 4.34528e-05 0.159542 -0.0865471 -0.152439 -0.00200864 -0.0801308 -0.049735 -0.0146183 0.000366758 0.120641 -0.00111409 0.000739487 -0.141286 -0.00114832 8.18529e-05 -0.0149959
internal_weight=4794.5 4644 150.5 84.5 66 51 4593 4471 153.5 122 98 133 72.5 4317.5 4290.5 54.5 75.5 53.5 4236 125 60.5 95 4111 50 4061 4008 53 3980 3945 1603
internal_count=4235 4102 133 73 60 48 4054 3948 138 106 86 118 64 3810 3785 49 65 44 3736 108 54 82 3628 50 3578 3525 53 3497 3471 1400
is_linear=0
shrinkage=0.03


Tree=207
num_leaves=31
num_cat=0
split_feature=19 19 11 2 19 7 19 3 2 6 5 1 5 17 5 5 9 18 13 18 14 0 14 1 0 12 0 18 2 0
split_gain=478.506 827.58 2665.72 2114.61 1384.74 1259.54 857.641 2124.92 790.916 612.29 756.931 954.642 994.447 2338.56 2049.73 741.827 1137.93 833.351 1956 1801.11 2007.97 1206.58 5020.29 4008.12 966.405 1095.7 819.454 1188.07 1873.75 1818.45
threshold=-0.50499999999999989 -0.29499999999999987 28.603293986939104 29.143076497543454 -0.25499999999999995 8354.5000000000018 -0.23499999999999999 8291.5000000000018 27.936130832165404 682.50000000000011 -82.299793377580997 324.97936323416303 36.079966044142516 353.50000000000006 43.055420853680012 30.685129458515515 -1748.4999999999998 0.025000000000000005 148.50000000000003 0.085000000000000006 48.500000000000007 242.08421052631553 86.500000000000014 234.46071428571454 228.80672626649604 87.500000000000014 226.14748040313552 0.30500000000000005 23.738088420195155 209.88904840032805
decision_type=8 8 10 10 8 10 8 8 10 10 8 10 10 8 10 10 8 8 10 10 10 10 10 10 10 8 10 10 10 10
left_child=-1 2 5 -4 8 -2 7 -6 -3 10 -8 12 15 -14 -15 17 -17 18 -12 20 -19 24 23 -23 26 -26 27 28 -21 -29
right_child=1 4 3 -5 6 -7 9 -9 -10 -11 11 -13 13 14 -16 16 -18 19 -20 21 -22 22 -24 -25 25 -27 -28 29 -30 -31
leaf_value=-0.14462969035637088 0.12152360053793075 -0.27184032973121192 0.10218669404154239 -0.25415682887131313 0.32955751579254866 0.42688627801090478 0.14648090136193095 -0.050590609414976534 -0.049387781620025634 -0.15044592941902121 -0.10516985282301902 -0.1594560944332796 -0.1580105703270861 0.45077469348907467 0.066539058946073051 -0.26557622440159318 0.020889426951224987 -0.34440785297032056 0.23905141876294062 -0.019401654730672423 0.013406869736584748 0.62681821310520169 -0.18866712622104154 0.08543677252717316 -0.24978344160318372 0.0045426079775056534 0.17640538961329358 -0.0019136501436070189 -0.30678864545188844 0.13026961233466863
leaf_weight=20.5 31 25.5 34.5 26.5 24 20 31.5 29.5 33 24.5 24 34 21 20.5 32 24 26 29 39 69 27.5 20 31 32 30 31 23.5 3855.5 29 96
leaf_count=20 31 25 34 23 23 20 31 27 30 22 24 34 20 20 31 22 25 28 39 69 27 20 31 32 30 31 23 3319 28 96
internal_value=1.22604e-10 0.000621053 0.0812075 -0.0526183 -0.00131496 0.241274 0.000528162 0.119943 -0.146354 -0.000875948 -6.62114e-05 -0.00109341 0.000113838 0.10955 0.216574 -0.00171987 -0.116614 -0.000395131 0.10792 -0.00199191 -0.17025 0.000262443 0.113514 0.29366 -0.00201135 -0.120536 -0.000236252 -0.00126134 -0.104445 0.00129769
internal_weight=4794.5 4774 112 61 4662 51 4603.5 53.5 58.5 4550 4525.5 4494 4460 73.5 52.5 4386.5 50 4336.5 63 4273.5 56.5 4217 83 52 4134 61 4073 4049.5 98 3951.5
internal_count=4235 4215 108 57 4107 51 4052 50 55 4002 3980 3949 3915 71 51 3844 47 3797 63 3734 55 3679 83 52 3596 61 3535 3512 97 3415
is_linear=0
shrinkage=0.03


Tree=208
num_leaves=31
num_cat=0
split_feature=13 17 6 17 13 13 11 3 14 6 0 5 0 17 0 10 19 10 5 5 12 19 2 6 0 8 3 3 2 6
split_gain=465.681 989.159 1635.36 913.997 936.24 2201.44 2269.42 1967.59 1246.92 2117.52 891.069 2350.07 1092.02 2158.52 1268.54 785.215 1545.13 1311.58 2490.01 1782.82 1342.57 2267.19 1634.94 1334.88 1554.05 1251.47 1171.65 1103.86 1234.95 1058.57
threshold=81.500000000000014 199.50000000000003 546.50000000000011 214.50000000000003 132.50000000000003 122.50000000000001 25.148912790825154 9533.5000000000018 48.500000000000007 484.50000000000006 309.93329070758756 76.31587752525202 280.23157894736852 413.50000000000006 269.45300751879705 -1.1797850805678498 0.35500000000000015 -3.6914017956320992 -27.619170303380994 -44.537465641860983 48.500000000000007 -0.14999999999999991 43.944724492202305 473.50000000000006 161.54701518288502 132.53969764837601 3895.0000000000005 7131.5000000000009 24.615438086418553 268.50000000000006
decision_type=8 8 8 8 8 8 8 10 8 8 10 8 10 8 10 10 10 10 8 8 8 8 10 8 8 8 8 10 10 8
left_child=-1 2 -2 -3 5 7 -7 -5 9 -6 12 -12 14 -14 15 16 17 19 -19 -10 21 -21 25 24 -23 26 -22 -25 -29 -17
right_child=1 3 -4 4 8 6 -8 -9 10 -11 11 -13 13 -15 -16 29 -18 18 -20 20 22 23 -24 27 -26 -27 -28 28 -30 -31
leaf_value=-0.048690093699351081 -0.00041006136199702386 -0.15269556978770665 0.28879450835679704 -0.16862562350079982 0.079293125705285503 0.028417676735897453 0.43081416871685246 0.12547969076913945 0.25502888975143428 -0.30554770784993324 -0.027656904535634175 0.37999899208545684 0.092349177934229379 -0.2749485658605893 0.19524876555055379 0.082402462092236145 -0.19088333524506668 -0.31777906608581541 -0.035550806743540483 -0.3436597711699349 0.11876250538482981 -0.023599031396648464 -0.24858426082965937 0.0035714712838331854 0.28842132760584349 0.02677742168310733 -0.099755812156312865 -0.061906861537381223 -0.34928256722057566 0.005751745064511783
leaf_weight=170.5 46 35 28.5 39.5 22 24.5 26 42.5 25 31 35 20 24 36 30 176.5 43.5 30 452.5 24.5 26.5 51 21.5 45 20 1086.5 132.5 28.5 25.5 1995
leaf_count=151 41 31 27 35 20 21 24 39 24 26 35 20 24 36 30 157 36 27 385 22 20 42 17 40 20 994 93 23 21 1754
internal_value=-3.36826e-12 0.00179534 0.110225 1.97561e-05 0.00120373 0.0797704 0.235592 -0.016193 -0.00117192 -0.145802 0.000598794 0.120582 -0.000945206 -0.128029 0.000864252 -0.000529518 -0.0140295 -0.0101223 -0.0530987 0.00382729 -0.000469692 -0.0738567 0.0107961 -0.0349733 0.064294 0.0152736 -0.0633361 -0.106165 -0.197612 0.0119819
internal_weight=4794.5 4624 74.5 4549.5 4514.5 132.5 50.5 82 4382 53 4329 55 4274 60 4214 4184 2012.5 1969 482.5 1486.5 1461.5 194.5 1267 170 71 1245.5 159 99 54 2171.5
internal_count=4235 4084 68 4016 3985 119 45 74 3866 46 3820 55 3765 60 3705 3675 1764 1728 412 1316 1292 168 1124 146 62 1107 113 84 44 1911
is_linear=0
shrinkage=0.03


Tree=209
num_leaves=31
num_cat=0
split_feature=6 2 6 3 10 2 14 18 0 15 11 12 3 11 10 2 13 19 12 2 1 2 9 7 14 7 0 19 3 5
split_gain=460.032 597.889 474.574 2286.07 2264.96 1857.2 1009.18 882.503 4675.75 1469.98 833.045 1223.83 715.166 2082.83 1523.8 1386.82 3042.53 1311.15 1308.72 1054.37 2351.72 2030.61 1943.37 2988.46 4224.94 3235.21 2341.44 1735.95 1580.77 1257.53
threshold=95.000000000000014 29.462917145259805 268.50000000000006 4664.5000000000009 -3.3800863204016518 40.535006039930906 112.50000000000001 0.43500000000000005 179.54641148325402 8351.6666666666697 24.477203642866105 35.500000000000007 3895.0000000000005 15.055772283604751 11.118322337296604 23.161966840536405 106.50000000000001 0.034999999999999983 22.500000000000004 19.478066401714454 145.05520403608273 21.934531996283201 -4152.9999999999991 4242.5000000000009 110.50000000000001 3695.5000000000005 166.19991818606852 0.070000000000000048 1537.5000000000002 9.946319530312012
decision_type=8 10 8 8 10 10 8 10 10 10 8 10 8 10 8 8 10 10 8 10 10 10 8 10 8 10 8 10 10 8
left_child=1 -1 3 4 -2 7 -6 9 10 -5 11 -9 13 15 18 -4 -17 -16 -15 20 -20 -21 26 25 -25 29 -23 -22 -28 -24
right_child=2 -3 12 5 6 -7 -8 8 -10 -11 -12 -13 -14 14 17 16 -18 -19 19 21 27 22 23 24 -26 -27 28 -29 -30 -31
leaf_value=-0.0027436002818020905 -0.34691303184628486 -0.2007434557853861 0.014977588116283146 -0.17873924810120037 -0.12055202823132276 0.3110027811662206 0.14606965389657528 0.23873582745056884 0.45315944834397387 0.1260942916572094 -0.03018292102548811 -0.0045982731210774388 -0.0069966834983811836 0.25452898016997744 -0.24436303496360778 0.053370368719100947 0.50397224358149928 0.038871300518512723 -0.083557775108902541 -0.1832864999771118 0.10409841643565375 0.030897703026974949 -0.0092063731003192168 -0.017165217591019775 0.4516282255585129 -0.32427761174738406 -0.027231432884931565 0.43602670329373056 -0.36932478319252687 0.18545215496878054
leaf_weight=33 25 23.5 35.5 35 28 26.5 23.5 32.5 26 24 108 43.5 3680.5 21 38 30 24.5 24 40.5 52.5 46 71.5 93 32.5 37 24 20 20.5 31 44
leaf_count=28 20 20 32 35 25 26 21 28 26 24 94 34 3226 20 33 28 24 24 29 44 46 62 87 31 36 21 20 20 29 42
internal_value=-6.08269e-11 -0.0850975 0.00101478 0.0335419 -0.112623 0.0713815 0.00111029 0.0477757 0.0765775 -0.0547392 0.0233649 0.0994591 -0.00175666 0.0263774 0.00604798 0.16089 0.255935 -0.134724 0.0224076 0.0128963 0.0966634 -0.00920749 0.0166824 0.0679975 0.232408 -0.00297491 -0.0798736 0.206422 -0.235171 0.0533117
internal_weight=4794.5 56.5 4738 372 76.5 295.5 51.5 269 210 59 184 76 4366 685.5 595.5 90 54.5 62 533.5 512.5 107 405.5 353 230.5 69.5 161 122.5 66.5 51 137
internal_count=4235 48 4187 333 66 267 46 241 182 59 156 62 3854 628 544 84 52 57 487 467 95 372 328 217 67 150 111 66 49 129
is_linear=0
shrinkage=0.03


Tree=210
num_leaves=31
num_cat=0
split_feature=2 7 12 12 3 11 5 15 2 4 16 2 10 8 0 8 8 0 13 4 2 16 1 9 1 17 2 13 14 5
split_gain=453.411 1807.31 1885.56 1715.15 1733.21 1285.28 2133.37 1203.39 1186.51 1103.55 821.681 660.413 1527.22 1039.49 978.043 753.766 967.359 606.893 2077.09 880.982 2391.4 1535.09 1339.33 1164.63 1128.03 765.349 2407.39 1421.89 975.162 843.265
threshold=43.05852493485316 11115.500000000002 61.500000000000007 53.500000000000007 9347.5000000000018 45.930039875972859 12.445400563606997 5623.5000000000009 42.33247430326481 0.32465277777777779 -377.49999999999994 41.428527528831907 20.431302321364104 350.95188025729857 346.70101351351354 300.12099479467906 280.60043859649153 280.23157894736852 238.50000000000003 0.81423611111111127 32.993483932408004 -2.4999999999999996 266.67371958967323 -1696.9999999999998 242.02487511389268 570.50000000000011 34.185201558445804 394.50000000000006 178.50000000000003 3.0104606468095132
decision_type=8 10 10 10 10 8 8 8 10 10 8 10 10 10 10 10 10 10 8 10 10 8 8 10 10 10 10 10 10 8
left_child=8 2 3 4 5 6 -2 -4 10 -3 -1 12 13 14 15 16 17 19 -19 24 21 -21 23 -23 25 28 27 -27 -12 -30
right_child=1 9 7 -5 -6 -7 -8 -9 -10 -11 11 -13 -14 -15 -16 -17 -18 18 -20 20 -22 22 -24 -25 -26 26 -28 -29 29 -31
leaf_value=0.14171406945666751 0.051197323941936088 -0.013587726237068713 -0.083229947826441594 0.23232109091111591 -0.29873699386914571 0.13679248285965179 -0.32118558533986408 -0.33471952728603199 0.17881493578938876 0.23356402587890626 -0.00088811056822774297 -0.13294571992176682 0.24458236568647881 -0.19341272445917129 0.20010966047644616 0.13628175251185892 -0.15535215789732867 0.10020506413578986 -0.27293877667394173 -0.16341336679458618 0.36965597987174986 -0.10497190444810051 0.2820480829809347 0.13643336454758773 -0.18184501307625922 0.083888139919204227 0.3601647960862448 -0.13257746945830839 -0.0033712964057922364 -0.23158099925325762
leaf_weight=37 36 35.5 34 21 22.5 35.5 22.5 34.5 34 30 3837 33.5 23 25 22 36 36.5 25 29 30 21 35 23 37 31 88.5 21.5 39.5 27.5 31
leaf_count=33 33 30 28 20 20 33 20 29 32 30 3347 31 21 25 22 36 36 25 29 30 21 35 23 37 30 78 20 33 23 25
internal_value=-4.69275e-10 -0.0376551 -0.0813006 -0.0172384 -0.0622234 -0.00561105 -0.0920269 -0.209893 0.00226031 0.0996115 0.000923068 -0.000247028 0.000759062 -0.000516774 0.000586624 -0.000422807 -0.00156399 -0.000251254 -0.100187 0.00102694 0.0734349 0.0236698 0.0827487 0.0190836 -0.00156667 -0.00018506 0.066427 0.0170882 -0.00274147 -0.124303
internal_weight=4794.5 271.5 206 137.5 116.5 94 58.5 68.5 4523 65.5 4489 4452 4418.5 4395.5 4370.5 4348.5 4312.5 4276 54 4222 146 125 95 72 4076 4045 149.5 128 3895.5 58.5
internal_count=4235 243 183 126 106 86 53 57 3992 60 3960 3927 3896 3875 3850 3828 3792 3756 54 3702 146 125 95 72 3556 3526 131 111 3395 48
is_linear=0
shrinkage=0.03


Tree=211
num_leaves=31
num_cat=0
split_feature=13 17 6 17 13 13 3 3 14 6 0 7 15 15 15 13 10 19 17 9 0 0 15 14 6 17 11 5 12 15
split_gain=451.322 921.154 1513.4 857.062 866.857 2053.29 2179.4 1872.56 1177.25 2004.21 850.687 755.247 699.515 1085.5 952.124 775.836 693.468 1456.68 1693.37 1254.76 1368.86 1306.41 2380.32 1230.81 2119.1 1313.08 1459 2900.56 2390.91 1876.24
threshold=81.500000000000014 199.50000000000003 546.50000000000011 214.50000000000003 132.50000000000003 122.50000000000001 9684.0000000000018 7131.5000000000009 48.500000000000007 484.50000000000006 369.85918811163452 9660.5000000000018 6888.8333333333348 7782.8333333333348 4108.3333333333339 54.500000000000007 -1.1797850805678498 0.35500000000000015 273.50000000000006 -331.49999999999994 251.63747139588102 247.29850361197103 8077.166666666667 80.500000000000014 324.50000000000006 439.50000000000006 30.391537365130553 -10.880524380804486 106.50000000000001 2952.0000000000005
decision_type=8 8 8 8 8 10 10 10 8 8 8 10 8 10 10 10 10 10 8 8 10 10 10 8 8 8 10 10 8 8
left_child=12 2 -2 -3 5 7 -7 -5 9 -6 16 -9 14 -14 -1 -16 17 18 -10 20 -18 23 -23 24 -21 -25 29 -28 -29 -27
right_child=1 3 -4 4 8 6 -8 11 10 -11 -12 -13 13 -15 15 -17 19 -19 -20 21 -22 22 -24 25 -26 26 27 28 -30 -31
leaf_value=-0.11697515855232873 -2.6235677625821983e-05 -0.14782835769653319 0.2781853974492926 -0.21496822925550596 0.077372415499253694 0.41115084891517956 0.016039399441252364 0.22266451461748643 0.24121088989078998 -0.29702979078215941 0.15722532550173421 -0.0056724864710122344 -0.28015093371919964 -0.044926193619244978 -0.0069272555783390991 0.24437914592463794 0.029985429047405039 -0.18474403134707748 -0.012286463448275243 0.29929337565589226 0.2185585419088602 0.010659771807053509 -0.38449987960898357 -0.075127105194510838 0.024998239500260134 0.22747072231459925 0.11121958269747262 0.053966087728738781 -0.26513038921502086 0.011209239435865897
leaf_weight=27 46 35 28.5 28 22 27 23.5 22 24 31 31 32 23 76 24 20.5 920.5 43.5 2007 30 36 34 23 247.5 163.5 38.5 48.5 30 71.5 580.5
leaf_count=24 41 31 27 24 20 26 19 22 23 26 30 28 20 66 21 20 809 36 1768 28 36 34 23 213 143 36 45 25 62 509
internal_value=-2.54208e-10 0.00176745 0.106404 5.39828e-05 0.00120048 0.0767999 0.227287 -0.0158782 -0.00108544 -0.141618 0.000635096 0.0873537 -0.0479336 -0.0995744 0.0235691 0.108843 -0.000494336 -0.01297 -0.00929093 0.0111453 0.0370828 -0.00843576 -0.148791 -0.00182401 0.0675246 -0.0150251 0.00431846 -0.0796246 -0.170816 0.0246601
internal_weight=4794.5 4624 74.5 4549.5 4514.5 132.5 50.5 82 4382 53 4329 54 170.5 99 71.5 44.5 4298 2074.5 2031 2223.5 956.5 1267 57 1210 193.5 1016.5 769 150 101.5 619
internal_count=4235 4084 68 4016 3985 119 45 74 3866 46 3820 50 151 86 65 41 3790 1827 1791 1963 845 1118 57 1061 171 890 677 132 87 545
is_linear=0
shrinkage=0.03


Tree=212
num_leaves=31
num_cat=0
split_feature=14 16 13 16 13 16 16 7 4 19 2 19 7 19 13 19 3 13 6 11 6 6 6 8 10 10 10 17 18 11
split_gain=443.016 510.689 951.913 695.449 2554.11 1133.22 1059.16 1013.03 767.622 694.636 1305.13 1006.81 1273.97 901.725 1005.13 744.784 2095.47 860.211 737.811 2500.3 566.235 736.24 2511.18 2036.68 1768.37 1305.45 2308.56 1752.39 1925.45 1412.76
threshold=223.50000000000003 331.50000000000006 290.50000000000006 241.50000000000003 325.50000000000006 290.00000000000006 207.50000000000003 7400.5000000000009 0.34201388888888895 -0.31499999999999989 29.539980721820303 -0.35499999999999993 5747.5000000000009 -0.25499999999999995 271.50000000000006 -0.23499999999999999 8291.5000000000018 385.00000000000006 146.50000000000003 27.898097281659155 682.50000000000011 500.50000000000006 519.50000000000011 179.41666666666654 -11.443714709230846 8.235081486458899 6.02664390878095 314.50000000000006 0.52500000000000013 21.778865218436653
decision_type=10 10 10 10 10 10 10 10 10 8 10 10 10 8 8 8 8 10 8 8 10 10 10 10 10 10 10 8 10 10
left_child=1 3 -3 6 5 7 9 -5 -8 10 11 12 -1 14 -11 16 -15 18 19 -17 21 -20 23 -23 -24 26 27 -26 -29 -27
right_child=-2 2 -4 4 -6 -7 8 -9 -10 13 -12 -13 -14 15 -16 17 -18 -19 20 -21 -22 22 24 -25 25 29 -28 28 -30 -31
leaf_value=-0.087755265611669284 0.12856881501968018 0.048210578015510076 -0.20869093598990604 0.22310083278020224 0.34128230402357879 -0.17375542430877683 -0.029178108687096454 -0.047237416058778764 -0.278770478112357 -0.2027049315401486 -0.084886560305472342 0.32882617655396457 0.21357560877289089 0.31843350004404786 0.0081036442329611956 -0.048089457218711433 -0.065179972486739804 -0.137933284494935 -0.0051001860069276213 0.35022700745126473 -0.14515042209655654 0.094150376160746632 -0.19779354096233071 0.41213616707700895 0.19893240067693921 0.058733725696802137 0.33482815750439959 -0.21979283136555125 0.023337318382517451 -0.24575356481596827
leaf_weight=23 24 23.5 29 22.5 25 25 23.5 28 21 42 31 20 28 24 39.5 37 27.5 41 3714.5 23 24.5 103 38.5 22 40.5 24 22.5 35 180.5 32
leaf_count=23 22 20 25 21 23 20 20 25 20 38 29 20 28 23 39 31 25 34 3275 22 22 87 31 22 37 21 20 33 151 28
internal_value=-9.01039e-11 -0.000646819 -0.0936969 0.000388605 0.0784606 -0.00856642 -0.00131063 0.0732103 -0.146963 0.000106715 0.0775175 0.148426 0.0776813 -0.00165931 -0.100534 0.000176498 0.113591 -0.00116994 0.000134989 0.104599 -0.00134432 -0.000507936 0.0337449 0.150116 -0.00525341 0.0169074 0.0434831 0.0178766 -0.0161502 -0.115259
internal_weight=4794.5 4770.5 52.5 4718 100.5 75.5 4617.5 50.5 44.5 4573 102 71 51 4471 81.5 4389.5 51.5 4338 4297 60 4237 4212.5 498 125 373 334.5 278.5 256 215.5 56
internal_count=4235 4213 45 4168 89 66 4079 46 40 4039 100 71 51 3939 77 3862 48 3814 3780 53 3727 3705 430 109 321 290 241 221 184 49
is_linear=0
shrinkage=0.03


Tree=213
num_leaves=31
num_cat=0
split_feature=6 2 19 19 11 2 16 14 13 6 16 9 14 13 17 11 19 13 19 6 9 15 9 1 11 16 13 5 6 9
split_gain=442.397 577.905 447.637 905.588 2084.95 1319.2 656.012 2385.47 1744.53 1528.78 998.493 916.298 844.092 914.839 1126.28 861.297 775.828 824.059 803.254 1862.26 2720.43 1845.19 2053.99 2009.83 1696.52 1323.97 1117.92 966.424 1586.41 2238.15
threshold=95.000000000000014 29.462917145259805 -0.50499999999999989 -0.31499999999999989 28.603293986939104 30.672878645766104 241.50000000000003 128.50000000000003 348.50000000000006 146.50000000000003 207.50000000000003 -662.99999999999989 193.00000000000003 370.50000000000006 576.50000000000011 26.166006661515656 -0.25499999999999995 271.50000000000006 -0.16999999999999993 436.50000000000006 -1832.4999999999998 4949.8333333333348 -6277.4999999999991 192.29962755181552 29.595345343471653 52.500000000000007 185.50000000000003 29.686116888041017 415.50000000000006 1464.5000000000002
decision_type=8 10 8 8 10 10 10 10 10 8 10 10 10 10 10 8 8 8 8 8 10 8 10 10 10 8 10 10 10 8
left_child=1 -1 -2 4 -4 -6 9 8 11 -5 12 -8 13 16 -15 -14 17 -11 19 20 -18 -21 -23 24 26 -22 -24 -20 29 -29
right_child=2 -3 3 6 5 -7 7 -9 -10 10 -12 -13 15 14 -16 -17 18 -19 27 21 25 22 23 -25 -26 -27 -28 28 -30 -31
leaf_value=-0.0024846335974606599 -0.13888808978040043 -0.1971473602538413 0.27206369275848069 0.20134013956243341 0.10772121454456023 -0.20472877280656682 -0.057311016162236529 -0.076925633184868711 0.4079165364420691 -0.189404350121816 -0.1491892086608069 0.19979666363980086 -0.0042018695672353112 -0.27063165825956009 -0.015500114813446998 0.25829344415664673 -0.30071936044199715 0.0071451117200394196 -0.0013060615731301413 -0.062852666511793026 -0.097338635176420205 0.38704817665250674 0.0075554727105533381 0.35542060944167048 -0.12818130598767943 0.19110580848865821 0.29282407693564894 -0.35061393949038844 0.063486088899465706 0.046255638468556286
leaf_weight=33 20.5 23.5 36 33 28 21.5 22.5 58 21.5 40.5 42 28 22.5 25.5 40 22.5 29 36.5 3887.5 44 27 28.5 25.5 22 34.5 30.5 24 34 32.5 20.5
leaf_count=28 20 20 36 29 28 19 20 50 20 37 38 26 20 21 35 20 27 36 3401 41 26 28 24 22 29 30 23 31 30 20
internal_value=2.47317e-11 -0.0834505 0.000995136 0.001603 0.0983488 -0.0279894 -0.000182784 0.0662564 0.181597 -0.00210128 -0.00360354 0.0852437 -0.00222233 -0.00354982 -0.114826 0.127046 -0.00186128 -0.0962348 -0.000147218 0.0504246 -0.0638182 0.105786 0.160954 0.100165 0.0333118 0.0556623 0.145868 -0.0035191 -0.102406 -0.201333
internal_weight=4794.5 56.5 4738 4717.5 85.5 49.5 4632 130 72 4502 4469 50.5 4427 4382 65.5 45 4316.5 77 4239.5 265 86.5 178.5 134.5 106 84 57.5 49.5 3974.5 87 54.5
internal_count=4235 48 4187 4167 83 47 4084 116 66 3968 3939 46 3901 3861 56 40 3805 73 3732 250 83 167 126 98 76 56 47 3482 81 51
is_linear=0
shrinkage=0.03


Tree=214
num_leaves=31
num_cat=0
split_feature=13 17 9 14 10 14 10 6 13 15 1 5 6 3 14 0 5 0 17 0 17 17 14 10 10 19 6 7 5 10
split_gain=434.34 1422.72 1602.06 977.569 2349.15 1282.02 2395.75 1196.73 1000.42 965.447 1241.75 1450.42 1227.36 827.401 785.188 709.694 2426.98 870.737 2162.15 1193.58 1100.25 1584.66 751.844 2522.85 1886.63 1996.4 1654.36 1453.72 1437.73 1673.03
threshold=95.500000000000014 205.50000000000003 731.00000000000011 48.500000000000007 5.0817828283734992 60.500000000000007 8.9526816753336522 485.50000000000006 140.50000000000003 6888.8333333333348 167.65115728024395 -2.6132317887110044 498.50000000000006 9533.5000000000018 35.500000000000007 309.93329070758756 66.201571780662036 280.23157894736852 413.50000000000006 269.45300751879705 251.50000000000003 273.50000000000006 91.500000000000014 12.767669945457053 -1.1085809208167505 -0.059999999999999963 408.50000000000006 5293.5000000000009 -9.1570358187130108 -3.2673131202834997
decision_type=8 8 8 8 8 8 8 8 10 8 8 10 8 10 10 10 8 8 8 10 8 8 8 8 10 10 8 8 10 10
left_child=9 2 -2 4 7 6 8 -3 -5 12 -11 -12 14 -10 -1 17 -17 19 -19 20 -7 -22 23 24 25 27 -25 -23 29 -27
right_child=1 3 -4 5 -6 15 -8 -9 13 10 11 -13 -14 -15 -16 16 -18 18 -20 -21 21 22 -24 26 -26 28 -28 -29 -30 -31
leaf_value=0.047882228744657418 -0.022286208068782634 0.16566504676291283 0.32711670286515182 0.15500099389520408 -0.35200745910406112 -0.19825086432344771 0.3164082817664513 -0.11819393121427106 -0.12969126458521241 -0.0044826975420339784 -0.084358345896005632 -0.38988976501448208 0.17288892496270791 0.063907693807895363 -0.18774491903574569 -0.069901902449542072 0.34795670433477921 0.11456910857787499 -0.22638035028538805 0.18811270793527363 0.18275002175143787 -0.3791168292045593 0.0046477227779082968 -0.35683438884360447 0.035839923866837362 -0.04227090381846136 -0.092962960455957686 -0.1015925564265476 0.028929166583852334 -0.30521684538040839
leaf_weight=28.5 22 23.5 25.5 36.5 24 25.5 32.5 31 40.5 67 40 21.5 35 39 23 29 22 26 47 30 42 25 3127.5 28 435.5 98 90.5 53 198 28
leaf_count=26 20 22 24 34 20 23 30 26 36 55 37 20 33 33 20 29 22 26 46 30 38 22 2753 25 383 84 81 51 164 22
internal_value=-1.91432e-11 0.00195648 0.165288 0.000244595 -0.104701 0.00209443 0.088759 0.00420398 0.0249779 -0.0416729 -0.0938312 -0.19117 0.0358107 -0.0347182 -0.0573493 -0.000895039 0.110351 -0.00222873 -0.104946 -0.000435292 -0.00179796 -0.000583673 -0.00246931 -0.0257523 -0.00742052 -0.054286 -0.155312 -0.190543 -0.0214835 -0.100703
internal_weight=4794.5 4579.5 47.5 4532 78.5 4453.5 148.5 54.5 116 215 128.5 61.5 86.5 79.5 51.5 4305 51 4254 73 4181 4151 4125.5 4083.5 956 837.5 402 118.5 78 324 126
internal_count=4235 4044 44 4000 68 3932 133 48 103 191 112 57 79 69 46 3799 51 3748 72 3676 3646 3623 3585 832 726 343 106 73 270 106
is_linear=0
shrinkage=0.03


Tree=215
num_leaves=31
num_cat=0
split_feature=7 5 19 16 3 11 15 15 16 7 1 2 10 13 19 7 11 12 1 3 14 14 18 18 0 12 3 14 3 18
split_gain=425.18 1339.4 1815.28 1434.68 1332.44 2379.41 1391.82 1189.4 1155.66 1119.71 1845.98 1379.73 1319.98 1975.36 1090.39 1704.75 1586.04 1280.08 1169.04 1268.12 2084.64 1249.7 2506.32 4690.04 2748.12 2286.84 1697.58 1496.05 1159.58 1082.01
threshold=14185.500000000002 -32.609039333193998 0.28500000000000009 -208.49999999999997 20174.500000000004 28.874829224237001 7157.666666666667 14560.333333333338 44.500000000000007 14926.000000000002 169.30148708922619 44.568418633275357 10.860532384662852 157.50000000000003 -0.010000000000000004 16101.500000000002 28.702585895823756 54.500000000000007 127.67483402078936 3895.0000000000005 40.500000000000007 93.500000000000014 0.30500000000000005 0.115 168.51635338345903 65.500000000000014 9347.5000000000018 70.500000000000014 13141.500000000002 0.065000000000000016
decision_type=8 8 10 8 8 10 10 10 10 8 10 10 10 10 10 8 10 8 10 8 10 8 8 8 8 10 8 10 10 10
left_child=4 2 -2 -3 7 -6 -7 29 -9 10 -5 12 14 -14 15 16 -11 28 19 20 -17 25 23 -23 -24 27 -26 -21 -16 -1
right_child=1 3 -4 9 5 6 -8 8 -10 11 -12 -13 13 -15 17 18 -18 -19 -20 21 -22 22 24 -25 26 -27 -28 -29 -30 -31
leaf_value=-0.10008346434969169 0.29412530836851702 0.20771617580027807 -0.039676657213884241 0.023554727457519759 -0.0041647748152414954 -0.41020053930142347 -0.11310130373574794 -0.15353359871959113 0.077375554267097926 -0.010659082384734619 0.33048680324107405 -0.18864947500363199 0.34497530090565581 -0.023885375420962061 -0.26670244354468126 -0.088129335971588785 -0.31018682225965533 -0.01758098074522528 0.079780022957830474 -0.10652163699521856 0.27932012568501863 0.097476405572891237 -0.018276564971316012 -0.51067085913249421 0.086128423499024429 -0.23482055636552665 0.3990061170176456 0.21245183741673826 -0.045952504183116707 0.004938413981517893
leaf_weight=91 34.5 31.5 25.5 66.5 103.5 25.5 32 83 25.5 41 24 35.5 24.5 28 39 23.5 26 379 271.5 29.5 34 25 116.5 21 34.5 58.5 28.5 24 47.5 2965
leaf_count=90 34 28 24 55 90 21 28 68 21 34 24 30 24 25 31 22 23 319 252 25 33 25 92 20 34 52 28 22 38 2623
internal_value=-1.42306e-11 0.0134417 0.152259 0.00753034 -0.0059377 -0.0901268 -0.244858 -0.00165442 -0.0992646 0.00295259 0.104951 -0.0042198 0.00101173 0.14825 -0.0054353 0.0173557 -0.126894 -0.0413476 0.0318564 -0.00108353 0.129145 -0.0232706 0.0174133 -0.180156 0.0680439 -0.105183 0.227668 0.0365693 -0.145481 0.00181113
internal_weight=4794.5 1469 60 1409 3325.5 161 57.5 3164.5 108.5 1377.5 90.5 1287 1251.5 52.5 1199 733.5 67 465.5 666.5 395 57.5 337.5 225.5 46 179.5 112 63 53.5 86.5 3056
internal_count=4235 1294 58 1236 2941 139 49 2802 89 1208 79 1129 1099 49 1050 662 57 388 605 353 55 298 199 45 154 99 62 47 69 2713
is_linear=0
shrinkage=0.03


Tree=216
num_leaves=31
num_cat=0
split_feature=13 2 17 19 19 2 14 9 15 11 6 5 4 15 4 0 10 1 8 2 7 4 4 18 13 1 5 13 10 16
split_gain=423.233 1419.85 559.878 1294.44 1592.64 1171.2 643.789 775.626 544.297 2229.48 714.92 848.317 781.155 1952.15 1661.71 2703.83 1252.62 1004.31 1166.15 681.646 1326.81 628.132 1177.85 2707.31 1751.72 1242.01 1020.94 951.06 1097.92 949.956
threshold=390.50000000000006 28.435871896809406 570.50000000000011 0.13999999999999999 -0.070000000000000007 31.267176113415456 178.50000000000003 95.000000000000014 1425.5000000000002 27.779880069652801 682.50000000000011 -82.299793377580997 0.97048611111111127 7811.166666666667 0.90104166666666685 264.21618920719504 3.820074191371797 270.41253296640321 270.43178973717153 53.623136828768402 9909.0000000000018 0.85590277777777801 0.77604166666666685 0.47500000000000003 197.50000000000003 239.02734110885723 17.391736114398487 334.50000000000006 9.7001495249943535 52.500000000000007
decision_type=10 10 10 10 10 10 10 8 8 10 10 8 10 10 10 10 8 10 10 8 8 10 10 8 10 10 10 10 8 10
left_child=2 -2 6 4 -4 -6 8 -8 9 -1 11 -10 14 -14 17 16 -16 18 19 21 -21 22 25 24 26 27 -24 -13 29 -29
right_child=1 -3 3 -5 5 -7 7 -9 10 -11 -12 12 13 -15 15 -17 -18 -19 -20 20 -22 -23 23 -25 -26 -27 -28 28 -30 -31
leaf_value=-0.12450027516910007 -0.205222540976296 0.07033068207325413 0.15937043675457138 0.26719858934050023 0.033288818435235457 -0.23893350369930266 0.024481960399584338 -0.18711857743561269 0.16086796044924501 0.29479762980937957 -0.16537874902816527 0.0025404704757717653 -0.25247043064484992 0.072305182410824675 -0.13449928273325382 0.43178609016750541 0.19012849456071854 -0.16867758855689316 0.21787122846665705 -0.27019494525023868 0.028500152967743952 -0.1321568618528545 0.20383777715467116 0.41543543080240486 -0.21002793652670723 -0.21416268314634052 -0.062199474692344658 -0.12971751700276912 -0.26125719594955443 0.068240896858364708
leaf_weight=21 35.5 32 41.5 23 33 25 27.5 36 29.5 25 23.5 3936 36 31 23 21 20 32 22 24.5 29.5 32 37 20 21 24.5 20 46 25 41.5
leaf_count=20 30 29 39 22 26 22 23 30 29 23 21 3443 36 31 23 21 20 32 22 20 27 32 37 20 21 24 20 37 20 35
internal_value=5.07716e-11 -0.0745899 0.00106512 0.0643644 0.0174781 -0.0840484 -0.00061892 -0.0954805 0.000707597 0.103379 -0.0003431 0.000524246 -0.000540621 -0.102201 0.00101624 0.152759 0.0164904 -0.0012365 1.56868e-05 -0.00111018 -0.107019 0.00025053 0.00126636 0.104042 0.0241977 -0.00120651 0.110491 8.22165e-05 -0.0859239 -0.0358287
internal_weight=4794.5 67.5 4727 122.5 99.5 58 4604.5 63.5 4541 46 4495 4471.5 4442 67 4375 64 43 4311 4279 4257 54 4203 4171 98 78 4073 57 4048.5 112.5 87.5
internal_count=4235 59 4176 109 87 48 4067 53 4014 43 3971 3950 3921 67 3854 64 43 3790 3758 3736 47 3689 3657 98 78 3559 57 3535 92 72
is_linear=0
shrinkage=0.03


Tree=217
num_leaves=31
num_cat=0
split_feature=19 19 11 2 7 19 13 19 3 6 5 1 5 17 5 10 6 10 2 11 11 15 0 7 11 18 4 2 13 0
split_gain=409.907 741.501 2334.42 1788.02 1132.01 1118.85 764.543 726.855 1859.51 502.434 648.434 817.346 939.341 2235.95 1814.46 686.188 3310.4 653.133 779.533 617.428 870.105 2653.66 1964.17 1611.75 1234.73 3254.52 4273.75 1996.5 997.983 3019.16
threshold=-0.50499999999999989 -0.29499999999999987 28.603293986939104 29.143076497543454 8354.5000000000018 -0.25499999999999995 157.50000000000003 -0.23499999999999999 8291.5000000000018 682.50000000000011 -82.299793377580997 324.97936323416303 36.079966044142516 353.50000000000006 43.055420853680012 19.314567779743353 406.50000000000006 17.241865415255628 52.093222919556105 53.729031279885305 39.848331793238906 12845.666666666666 154.05263157894703 13822.000000000002 36.161790983171009 0.57500000000000007 0.40451388888888895 33.405344062913706 199.50000000000003 164.72085549645405
decision_type=8 8 10 10 10 8 10 8 8 10 8 10 10 8 10 10 8 10 10 10 10 8 10 8 10 10 10 8 8 10
left_child=-1 2 4 -4 -2 6 -3 8 -7 10 -9 12 15 -14 -15 17 -17 18 19 20 24 23 -23 28 -12 27 -27 -26 29 -22
right_child=1 5 3 -5 -6 7 -8 9 -10 -11 11 -13 13 14 -16 16 -18 -19 -20 -21 21 22 -24 -25 25 26 -28 -29 -30 -31
leaf_value=-0.13386174667535758 0.11311855345003066 -0.24677933536876331 0.093971029545949852 -0.23370166155948954 0.40261027890443801 0.30641941808164119 -0.029482695289677188 0.13547807753795668 -0.049195973529654033 -0.13638296583477333 0.00098101124762158855 -0.14764393739840562 -0.15525787381721393 0.43136711265982652 0.06985475418856367 -0.37959035868340352 0.079438091785135403 0.13359054053746738 -0.17190111246891318 -0.1307071603995103 0.38245296114582128 0.033459722623229028 -0.33048784410252285 0.32701080128550525 -0.10875226326818976 -0.064814416619784682 0.36063334025004329 -0.43406710875661753 0.030041567095608082 -0.073329553020761357
leaf_weight=20.5 31 27.5 34.5 26.5 20 24 31 31.5 29.5 24.5 3725.5 34 21 20.5 32 23.5 35.5 32.5 24 32.5 29.5 28 25.5 24 42 127.5 25.5 28.5 159 23.5
leaf_count=20 31 25 34 23 20 23 30 31 27 22 3253 34 20 20 31 20 32 31 21 27 27 24 22 22 41 106 25 26 144 23
internal_value=-2.69152e-10 0.000574815 0.0768552 -0.0483786 0.226645 -0.00125775 -0.131631 0.000398995 0.110332 -0.000893629 -0.000160121 -0.00111086 6.21185e-06 0.106367 0.211017 -0.00177596 -0.103395 -0.000390511 -0.00140434 -0.000446266 0.000552549 0.0507545 -0.140011 0.0939999 -0.00312774 -0.0716161 0.00609354 -0.240263 0.0676214 0.180361
internal_weight=4794.5 4774 112 61 51 4662 58.5 4603.5 53.5 4550 4525.5 4494 4460 73.5 52.5 4386.5 59 4327.5 4295 4271 4238.5 289.5 53.5 236 3949 223.5 153 70.5 212 53
internal_count=4235 4215 108 57 51 4107 55 4052 50 4002 3980 3949 3915 71 51 3844 52 3792 3761 3740 3713 262 46 216 3451 198 131 67 194 50
is_linear=0
shrinkage=0.03


Tree=218
num_leaves=31
num_cat=0
split_feature=14 16 13 16 13 3 16 9 6 19 9 2 11 3 19 5 1 11 9 0 5 6 15 10 4 2 2 18 0 1
split_gain=405.861 458.676 889.568 596.084 2243.91 1032.44 939.33 675.828 967.971 1021.11 771.267 1612.3 2333.67 2090.85 1554.07 1932.38 1567.34 1546.95 1864.66 1968.42 1780.61 1464.38 1198.85 1072.78 1155.71 1932.33 869.021 849.037 1420.42 1205.46
threshold=223.50000000000003 331.50000000000006 290.50000000000006 241.50000000000003 323.50000000000006 10070.500000000002 202.00000000000003 -13171.999999999998 481.50000000000006 0.010000000000000007 -3697.9999999999995 39.871500889477254 43.576229702157406 4433.0000000000009 0.17500000000000007 -20.565526597099502 175.11631739141967 38.999286983256859 -4152.9999999999991 239.40361842105253 28.470427660045988 408.50000000000006 8938.1666666666697 2.6180090884565499 0.25868055555555558 20.430310388559452 17.434769919617256 0.58500000000000008 162.80109890109904 139.4515018607124
decision_type=10 10 10 10 8 10 10 8 8 10 8 10 10 10 10 8 10 8 10 10 10 10 10 10 10 8 8 10 10 10
left_child=1 3 -3 6 5 -5 7 8 9 -1 11 12 14 -13 15 22 -16 18 19 20 23 -20 -9 24 26 -26 -17 -25 29 -29
right_child=-2 2 -4 4 -6 -7 -8 10 -10 -11 -12 13 -14 -15 16 17 -18 -19 21 -21 -22 -23 -24 27 25 -27 -28 28 -30 -31
leaf_value=-0.29475922337118182 0.1230592909641564 0.048378196980090854 -0.1999679502947577 0.098393835838024427 0.31898728766441342 -0.12360362805732307 -0.12924743645331438 0.4064454560279846 0.042429675023947185 -0.028830122737323535 -0.0037268366377285859 -0.026689357709884644 -0.27694455811317931 0.33586096521633774 -0.27144599645584822 -0.09904072497572218 0.030384705752658191 0.26548705557559399 0.049266356695443388 -0.2296699974266812 0.26527599230408666 0.36114456257921584 0.085521973046389491 0.22196553672061248 0.11298262844377376 -0.20199094910336576 0.049208753809332852 -0.0059336869096755975 -0.19959697383642194 0.20417686237229241
leaf_weight=26.5 24 23.5 29 39 25 36.5 51 20 33.5 25.5 3740 25 23.5 33.5 30 49 32 23.5 32 32 24 23.5 22 25.5 23.5 69 130 62.5 20 40.5
leaf_count=22 22 20 25 35 23 31 46 20 30 20 3305 24 20 32 23 34 31 22 29 32 23 22 21 25 23 65 107 44 20 39
internal_value=1.01617e-10 -0.000619101 -0.0888035 0.000362179 0.0726419 -0.00892944 -0.00121099 0.000218958 -0.0833321 -0.164352 0.00181316 0.0297748 0.0168191 0.180925 0.0272947 0.0421412 -0.115662 0.0272935 0.0167619 -0.00242535 0.0139526 0.181323 0.238343 -0.000408695 -0.0358679 -0.121971 0.00862649 0.0644208 0.0317591 0.0766826
internal_weight=4794.5 4770.5 52.5 4718 100.5 75.5 4617.5 4566.5 85.5 52 4481 741 682.5 58.5 659 597 62 555 531.5 476 444 55.5 42 420 271.5 92.5 179 148.5 123 103
internal_count=4235 4213 45 4168 89 66 4079 4033 72 42 3961 656 600 56 580 526 54 485 463 412 380 51 41 357 229 88 141 128 103 83
is_linear=0
shrinkage=0.03


Tree=219
num_leaves=31
num_cat=0
split_feature=13 2 17 19 19 2 9 3 1 4 7 5 4 12 4 17 9 4 16 4 6 11 13 10 16 6 6 8 7 17
split_gain=406.842 1321.79 524.184 1140.97 1461.53 888.018 545.45 542.611 1823.86 2749.73 711.556 770.217 646.325 3134.75 1643.43 3645.17 993.14 877.858 2989.14 862.907 1248.69 701.209 696.862 1074.84 1011.45 789.363 2197.1 1942.86 1457.19 2124.92
threshold=390.50000000000006 28.435871896809406 568.50000000000011 0.13999999999999999 -0.070000000000000007 31.267176113415456 -530.99999999999989 865.50000000000011 142.38676900584781 0.26215277777777779 272.50000000000006 76.31587752525202 0.97048611111111127 64.500000000000014 0.90104166666666685 491.50000000000006 1220.0000000000002 0.85243055555555569 -91.499999999999986 0.81423611111111127 276.50000000000006 25.394643943053605 334.50000000000006 9.7001495249943535 52.500000000000007 500.50000000000006 519.50000000000011 179.41666666666654 15208.500000000002 482.50000000000006
decision_type=10 10 10 10 10 10 10 8 10 10 8 10 10 8 10 8 10 10 10 10 10 8 10 8 10 10 10 10 8 8
left_child=2 -2 7 4 6 -6 -4 8 -1 -10 -9 12 14 -14 17 16 -16 19 21 22 -21 -19 25 24 -24 -12 27 -27 -28 -30
right_child=1 -3 3 -5 5 -7 -8 10 9 -11 11 -13 13 -15 15 -17 -18 18 -20 20 -22 -23 23 -25 -26 26 28 -29 29 -31
leaf_value=-0.14619307076108867 -0.19917221339655594 0.066695351656526319 0.051195450186729427 0.24262781923413276 0.025491063180177107 -0.20304358516362581 0.26651672780513763 0.13862133395508863 0.42384728509326314 0.037224994671220576 -0.007847181739732239 0.16269477939605712 0.12848736044860654 -0.27802565640524812 -0.17989826984183732 0.39931971473940486 0.10681025757031007 -0.14670142744268688 0.16569480722600763 0.24420116300112565 -0.049605520341707315 -0.39490738315880297 -0.12749106111151448 -0.25253890600204465 0.079712082412507809 0.086827914874945109 -0.033549039433809352 0.39808256608518683 0.33645573783446758 -0.030641513478476552
leaf_weight=29 35.5 32 22.5 25 34.5 27.5 20 32 21.5 72 3588.5 25 31 38 21.5 29 22 21 22 30 23 20 44.5 25 40.5 100.5 282 22 25.5 32
leaf_count=22 30 29 20 24 27 24 20 29 21 70 3150 25 31 38 21 29 22 21 22 30 23 20 36 20 34 85 241 22 22 27
internal_value=2.46545e-11 -0.0731313 0.00104429 0.0605689 0.0170141 -0.0758751 0.152523 -0.000632367 0.0616597 0.126127 -0.00233757 -0.0033528 -0.00429241 -0.0953894 -0.00284709 0.13879 -0.0348963 -0.00524829 -0.116406 -0.00358626 0.1167 -0.267778 -0.00511857 -0.0796226 -0.0287649 -0.00309525 0.0338145 0.142727 -0.00548376 0.132158
internal_weight=4794.5 67.5 4727 129.5 104.5 62 42.5 4597.5 122.5 93.5 4475 4443 4418 69 4349 72.5 43.5 4276.5 63 4213.5 53 41 4160.5 110 85 4050.5 462 122.5 339.5 57.5
internal_count=4235 59 4176 115 91 51 40 4061 113 91 3948 3919 3894 69 3825 72 43 3753 63 3690 53 41 3637 90 70 3547 397 107 290 49
is_linear=0
shrinkage=0.03


Tree=220
num_leaves=31
num_cat=0
split_feature=13 14 11 11 15 16 14 12 12 4 9 12 7 0 5 0 12 0 4 16 18 18 11 17 2 13 11 1 7 1
split_gain=408.43 762.32 656.207 1529.11 863.153 620.649 591.743 622.634 1518.56 2252.04 1550.23 625.273 1592.28 1108.73 2139.67 767.19 1550.93 1164.28 902.899 1050.61 686.065 1444.56 2321.99 1585.06 1505.76 1640.92 1918.81 2366.08 2346.55 1657.35
threshold=74.500000000000014 35.500000000000007 26.739017635404103 33.339452897166659 4655.8333333333348 -62.499999999999993 39.500000000000007 14.500000000000002 23.500000000000004 0.35243055555555564 -486.99999999999994 27.500000000000004 8644.5000000000018 309.93329070758756 55.454910714285525 280.23157894736852 82.500000000000014 269.45300751879705 0.92534722222222243 339.50000000000006 0.39500000000000007 0.37500000000000006 28.989495157066305 527.50000000000011 36.565354351321858 263.50000000000006 27.898097281659155 191.13417363701572 9188.5000000000018 247.43098546064655
decision_type=8 8 10 10 10 8 8 8 8 8 10 8 8 10 8 8 8 10 10 8 10 10 8 10 8 10 10 10 10 10
left_child=2 5 4 -4 -1 -2 -3 -8 9 -9 -11 12 -10 15 -15 17 -17 18 20 -20 21 23 -23 24 25 26 29 -28 -29 -13
right_child=1 6 3 -5 -6 -7 7 8 11 10 -12 13 -14 14 -16 16 -18 -19 19 -21 -22 22 -24 -25 -26 -27 27 28 -30 -31
leaf_value=-0.25856837985308273 0.031123687634702586 -0.13973605725500318 0.23089587005071863 -0.084217366209396946 -0.045565726841563604 0.24457677178266568 -0.12773588648482934 0.29320627294009244 0.06467502618240098 -0.1967383552681316 0.16146845224291778 0.026683989988183075 -0.23974602204102735 -0.035982285655778032 0.34695483350020367 0.055362740443713622 -0.21979505521222586 0.1904806422724806 -0.019264851987361907 -0.28767089911869592 -0.0029744267718506902 -0.011012063580565154 0.41319761466979982 -0.18321098517454587 0.26253484980488312 0.21805079810321329 -0.35805166351551909 0.048083558592658775 -0.30273111084645443 0.30787851316588266
leaf_weight=23 30.5 27 21.5 39 67 20.5 33.5 39.5 29.5 22 21.5 185.5 32.5 29 24 33.5 41 29 35 21 3706.5 24 22.5 32.5 24.5 34 24.5 78 22 21
leaf_count=20 28 24 21 35 57 20 30 36 28 20 21 185 26 29 24 33 40 29 35 21 3193 24 22 31 24 34 24 78 22 21
internal_value=-6.7307e-11 0.00157627 -0.0486392 0.027765 -0.0999997 0.116923 0.00029547 0.00112351 0.00207592 0.129217 -0.0196936 -0.000295731 -0.0949005 0.00104113 0.137423 -0.000626474 -0.0960664 0.0010426 -0.000255837 -0.119917 0.0013492 0.0355552 0.194251 0.0180686 0.0348635 0.0195814 -0.000805147 -0.09383 -0.0290957 0.05528
internal_weight=4794.5 4644 150.5 60.5 90 51 4593 4566 4532.5 83 43.5 4449.5 62 4387.5 53 4334.5 74.5 4260 4231 56 4175 468.5 46.5 422 389.5 365 331 124.5 100 206.5
internal_count=4235 4102 133 56 77 48 4054 4030 4000 77 41 3923 54 3869 53 3816 73 3743 3714 56 3658 465 46 419 388 364 330 124 100 206
is_linear=0
shrinkage=0.03


Tree=221
num_leaves=31
num_cat=0
split_feature=19 19 11 2 7 19 2 19 3 6 2 4 18 6 8 10 4 15 15 4 6 6 11 12 5 5 5 16 6 7
split_gain=394.13 683.492 2164.33 1709.7 1046.92 1042.6 714.129 664.016 1737.38 485.512 2184.71 1514.59 1443.83 1433.9 2401.88 2126.77 1545.97 1249.86 1363.13 1980.85 1243.39 1624.48 1566.73 1191.6 1656.88 990.346 1647.87 1174.94 987.527 801.653
threshold=-0.50499999999999989 -0.29499999999999987 28.603293986939104 29.143076497543454 8354.5000000000018 -0.25499999999999995 27.936130832165404 -0.23499999999999999 8291.5000000000018 553.50000000000011 25.214597384555855 0.39409722222222232 0.52500000000000013 500.50000000000006 170.66741071428552 3.2843424643292516 0.63368055555555569 17011.500000000004 8715.6666666666697 0.19965277777777782 485.50000000000006 478.50000000000006 25.575956942045156 99.500000000000014 -1.6355761563000042 -17.207837498620503 -5.1350877192979985 -62.499999999999993 475.50000000000006 3812.0000000000005
decision_type=8 8 10 10 10 8 10 8 8 10 8 10 10 10 10 10 10 10 10 10 10 10 10 8 10 8 10 8 10 10
left_child=-1 2 4 -4 -2 6 -3 8 -7 13 11 -11 -12 20 17 16 -16 18 29 -20 21 28 -23 24 -14 -22 -27 -28 -9 -15
right_child=1 5 3 -5 -6 7 -8 9 -10 10 12 -13 23 14 15 -17 -18 -19 19 -21 25 22 -24 -25 -26 26 27 -29 -30 -31
leaf_value=-0.13126034417893828 0.10885299278843787 -0.24628656450439898 0.092411430089370056 -0.22800436927462522 0.38725132861733436 0.29501603998243808 -0.034908210255882956 -0.0017913099356289758 -0.048723273651074553 -0.00076441884040832518 -0.27433781472119417 0.28193735012217708 -0.12030561628548994 -0.071948109339265251 0.22585880576960138 0.44753746746998763 -0.091708787774497799 0.20921272602218846 0.012404084971351344 -0.255435100621902 -0.25147548903422107 -0.01346824981512562 0.27478057863712307 -0.19586054603258768 0.18733646528474215 0.15992511559505851 -0.29011649333238604 -0.02794430550187826 -0.18556433416762441 0.1250957487099362
leaf_weight=20.5 31 25.5 34.5 26.5 20 24 33 3800 29.5 66 38.5 23 34.5 25.5 37 23 22 26 68.5 39 29 31 37.5 36 29 24.5 25 40 26.5 68.5
leaf_count=20 31 25 34 23 20 23 30 3353 27 51 36 23 30 21 36 23 22 22 52 33 25 28 35 30 26 21 20 33 23 59
internal_value=-1.12237e-10 0.000563644 0.0737995 -0.0467856 0.218029 -0.00119578 -0.127047 0.000403512 0.105478 -0.000831974 -0.0435976 0.0722933 -0.118339 0.00141364 0.0636322 0.202836 0.107444 0.0134577 -0.011801 -0.0847655 -0.00338432 -0.000471804 0.144332 -0.0579775 0.0201923 -0.0991165 -0.0497488 -0.12878 -0.00306401 0.0716424
internal_weight=4794.5 4774 112 61 51 4662 58.5 4603.5 53.5 4550 227 89 138 4323 309.5 82 59 227.5 201.5 107.5 4013.5 3895 68.5 99.5 63.5 118.5 89.5 65 3826.5 94
internal_count=4235 4215 108 57 51 4107 55 4052 50 4002 196 74 122 3806 268 81 58 187 165 85 3538 3439 63 86 56 99 74 53 3376 80
is_linear=0
shrinkage=0.03


Tree=222
num_leaves=31
num_cat=0
split_feature=3 7 5 19 16 3 11 15 15 0 12 16 12 3 2 2 3 2 8 5 19 2 0 18 0 2 5 2 19 5
split_gain=392.587 468.841 1175.65 1665.62 1261.89 1152.46 2105.08 1462.84 1105.02 1103.35 1309.09 1089.5 1084.15 2134.47 2631.55 2557.61 2042.23 2146.42 1997.04 1774.24 1431.44 1394.07 1602.13 1508.29 3429.04 1262.09 1282.84 1165.9 1075.14 1531.98
threshold=29445.000000000004 14185.500000000002 -32.609039333193998 0.28500000000000009 -208.49999999999997 20174.500000000004 28.874829224237001 7157.666666666667 14560.333333333338 145.25652412280701 55.500000000000007 44.500000000000007 86.500000000000014 5958.5000000000009 31.401958893068354 40.535006039930906 2528.0000000000005 41.174589132749055 242.48610213316104 -2.1366776315789973 -0.16999999999999993 37.617442362885008 215.91911764705904 0.51500000000000012 176.90730237504451 18.769218623585505 18.203367831270011 36.282679949380359 -0.010000000000000004 10.877349120075992
decision_type=10 8 8 10 8 8 10 10 10 10 10 10 8 10 8 8 10 10 8 10 8 8 10 10 10 10 8 10 8 10
left_child=1 5 3 -3 -4 8 9 -8 -1 -7 -11 -10 13 14 25 27 18 20 -14 -16 -18 22 23 -22 -25 -6 -27 28 29 -15
right_child=-2 2 4 -5 12 6 7 -9 11 10 -12 -13 16 15 19 -17 17 -19 -20 -21 21 -23 -24 24 -26 26 -28 -29 -30 -31
leaf_value=0.0018244506292629022 -0.096687131732702256 0.28096385116162509 0.19710771880600422 -0.03878212564131793 0.17967543188730875 -0.12293914159138995 -0.3999910051682416 -0.092102864472592458 -0.1482924789405731 0.20158189731485701 -0.084389824247360232 0.07591015352922327 -0.0080232021899663067 0.087925390281955604 0.4558497019436048 -0.36035225890252903 0.23748517553308118 0.32572608097544253 -0.26102725176668878 0.074450302209172925 -0.14718646734379803 -0.17078013181686399 0.23634508205023969 0.026033758550627419 0.43088686430454254 0.074550162981141282 -0.2021362958933626 0.16955571519567611 -0.07889644907366844 -0.11596992778480053
leaf_weight=3056 37.5 34.5 31.5 25.5 22.5 40.5 25.5 30.5 83 34 25 25.5 173.5 98.5 23 23 33.5 26.5 33.5 21 39 28 37 321.5 20 26.5 35 23.5 310 50
leaf_count=2713 28 34 28 24 20 29 21 27 68 34 24 21 160 81 22 19 33 25 31 20 39 25 37 268 20 24 32 22 261 45
internal_value=3.07549e-10 0.000762197 0.0150777 0.145072 0.00941352 -0.00543402 -0.0851698 -0.232302 -0.00151589 -0.00236177 0.0804074 -0.0955997 0.00501934 -0.023551 0.0858711 -0.0512857 0.0304018 0.0629035 -0.0489683 0.273818 0.0483632 0.034142 0.0478852 0.0295593 0.049744 -0.0125773 -0.0829137 -0.0365377 -0.0471009 0.0192738
internal_weight=4794.5 4757 1437 60 1377 3320 155.5 56 3164.5 99.5 59 108.5 1345.5 633 128 505 712.5 505.5 207 44 479 445.5 417.5 380.5 341.5 84 61.5 482 458.5 148.5
internal_count=4235 4207 1270 58 1212 2937 135 48 2802 87 58 89 1184 546 118 428 638 447 191 42 422 389 364 327 288 76 56 409 387 126
is_linear=0
shrinkage=0.03


Tree=223
num_leaves=31
num_cat=0
split_feature=13 2 17 19 19 2 14 5 9 9 6 18 9 12 11 10 12 2 6 7 4 12 5 10 19 6 7 13 4 6
split_gain=389.526 1235.73 497.4 1061.37 1368 836.052 527.807 728.6 527.179 517.831 710.182 1035.6 670.626 1701.68 3703.39 3329.95 1517.39 2773.41 1525.69 1075.14 2246.31 1046.04 1114.11 1143.07 1239.21 1135.38 954.185 946.081 913.647 862.102
threshold=390.50000000000006 28.435871896809406 568.50000000000011 0.13999999999999999 -0.070000000000000007 31.267176113415456 178.50000000000003 3.0104606468095132 -530.99999999999989 -13171.999999999998 481.50000000000006 0.82500000000000007 -3780.9999999999995 43.500000000000007 27.403676187026054 -4.2724785835898498 81.500000000000014 40.763406256516156 296.50000000000006 13367.500000000002 0.37934027777777796 90.500000000000014 15.28843201754451 -10.619604199576397 0.040000000000000029 362.50000000000006 9318.5000000000018 232.50000000000003 0.13715277777777779 644.00000000000011
decision_type=10 10 10 10 10 10 10 8 10 8 8 10 8 8 8 10 8 10 8 10 10 8 10 8 10 10 10 10 10 10
left_child=2 -2 6 4 8 -6 9 -8 -4 10 11 -1 13 14 28 -16 18 21 -15 -20 27 -18 23 -23 -25 -24 -26 -21 -11 -14
right_child=1 -3 3 -5 5 -7 7 -9 -10 12 -12 -13 29 16 15 -17 17 -19 19 20 -22 22 25 24 26 -27 -28 -29 -30 -31
leaf_value=-0.28081881923675539 -0.19342668318412673 0.063639804292470209 0.048483243624369302 0.23459902617037295 0.025485304697700169 -0.19626172113418577 0.029288452981777909 -0.18054804135771357 0.26016739958524704 0.1232017726056716 0.038523216588156564 -0.011647843696036428 -0.0018371707719257203 -0.25882780935083116 0.12118117107285394 0.63191228431463231 0.16437491183364111 0.36926361801723639 -0.094641189672509021 0.069463047291629207 0.29186508793830868 0.23379378922780356 -0.28587969644503158 0.066765928756309822 -0.23331099038221398 0.024431823568373191 -0.01801756610505675 -0.13372418344379905 -0.11083810304942196 -0.16070239173458709
leaf_weight=25 35.5 32 22.5 25 34.5 27.5 26.5 34 20 25.5 31.5 26.5 3705.5 28 27 20 43 22.5 98 41 25 22.5 22 144 24.5 20.5 76 41.5 36.5 31
leaf_count=22 30 29 20 24 27 24 23 28 20 20 28 20 3276 24 25 20 39 22 85 35 25 19 21 127 22 20 68 32 33 27
internal_value=-3.46013e-10 -0.0715581 0.00102183 0.0590057 0.0169978 -0.0728702 -0.000611435 -0.0886362 0.148099 0.000562358 -0.0736826 -0.142313 0.00194591 0.0285108 0.137671 0.338514 0.00895693 0.0463393 -0.051079 -0.0227726 0.0427447 0.0257271 0.00646429 0.029173 0.0103429 -0.1362 -0.070502 -0.0327463 -0.0145798 -0.0031552
internal_weight=4794.5 67.5 4727 129.5 104.5 62 4597.5 60.5 42.5 4537 83 51.5 4454 717.5 109 47 608.5 375 233.5 205.5 107.5 352.5 309.5 267 244.5 42.5 100.5 82.5 62 3736.5
internal_count=4235 59 4176 115 91 51 4061 51 40 4010 70 42 3940 637 98 45 539 338 201 177 92 316 277 236 217 41 90 67 53 3303
is_linear=0
shrinkage=0.03


Tree=224
num_leaves=31
num_cat=0
split_feature=13 14 11 11 15 16 0 14 12 12 4 9 5 19 6 5 3 5 18 0 0 14 17 17 10 8 14 1 16 2
split_gain=388.858 701.951 605.325 1423.94 811.411 602.45 582.132 543.567 589.816 1292.3 2274.86 1241.12 678.132 1038 1529 902.265 2128.7 1644.95 947.667 2190.1 1113.9 989.408 983.45 1142.72 805.392 737.078 2648.09 1392.95 1109.19 939.52
threshold=74.500000000000014 35.500000000000007 26.739017635404103 33.339452897166659 4655.8333333333348 -62.499999999999993 369.85918811163452 39.500000000000007 14.500000000000002 23.500000000000004 0.35243055555555564 524.50000000000011 43.055420853680012 -0.13499999999999995 333.50000000000006 36.079966044142516 5599.5000000000009 33.989645117992019 1.0000000180025095e-35 280.23157894736852 259.90432254802857 125.50000000000001 188.50000000000003 214.50000000000003 -2.5507482750869488 261.78494623655905 92.500000000000014 253.97665375112305 -258.99999999999994 27.797335797656903
decision_type=8 8 10 10 10 8 8 8 8 8 8 10 10 10 10 10 10 10 10 10 10 8 8 8 10 10 10 10 8 10
left_child=2 5 4 -4 -1 -2 7 -3 -9 10 -10 -12 15 14 24 17 -17 18 21 20 22 -11 -20 -24 -14 27 29 28 -25 -27
right_child=1 6 3 -5 -6 -7 -8 8 9 12 11 -13 13 -15 -16 16 -18 -19 19 -21 -22 -23 23 25 -26 26 -28 -29 -30 -31
leaf_value=-0.25053115305693252 0.027691343553730697 -0.13480001383357576 0.2219440457952577 -0.08214026759450252 -0.044011327295161003 0.23799164824369476 0.12682581919890182 -0.1252074546244607 0.2830491012712068 0.21681044686887715 -0.18968269326470114 0.13475764047808764 0.22250904370437966 -0.25487092320037924 -0.16828299151912127 -0.11420629783110184 0.26036076953013737 -0.21512542103882878 0.23412224873900411 -0.265505267112915 0.18285328090190886 -0.0073700716916252577 -0.16750175192549421 0.16815776778970445 -0.038846068905621041 -0.065164157867431641 0.18293878231729779 0.19429365167866891 -0.0014819621011073216 -0.33539804699746045
leaf_weight=23 30.5 27 21.5 39 67 20.5 32.5 33.5 39.5 37 22 20.5 22 23 36.5 22 36 32 15.999999999999998 28 30 34 37 35 20.5 20 21 33.5 3907 27.5
leaf_count=20 28 24 21 35 57 20 31 30 36 37 20 20 22 22 35 21 36 29 15 28 30 34 32 30 20 20 21 33 3401 27
internal_value=2.13727e-10 0.00153804 -0.0474595 0.0259228 -0.0967886 0.112224 0.000309 -0.000592611 0.000206683 0.00114032 0.119146 -0.0331879 -0.00104991 -0.077505 -0.0258668 0.000756951 0.118284 -0.000843929 0.000778648 -0.00107842 0.000715606 0.109456 -0.000618084 -0.00153841 0.0964436 -1.9951e-05 -0.0975915 0.00166126 2.42253e-05 -0.221615
internal_weight=4794.5 4644 150.5 60.5 90 51 4593 4560.5 4533.5 4500 82 42.5 4418 102 79 4316 58 4258 4226 4155 4127 71 4097 4081 42.5 4044 68.5 3975.5 3942 47.5
internal_count=4235 4102 133 56 77 48 4054 4023 3999 3969 76 40 3893 99 77 3794 57 3737 3708 3637 3609 71 3579 3564 42 3532 68 3464 3431 47
is_linear=0
shrinkage=0.03


Tree=225
num_leaves=31
num_cat=0
split_feature=0 10 8 1 5 3 7 9 12 9 12 16 2 11 15 17 17 2 4 19 19 14 8 17 8 8 10 3 6 9
split_gain=387.33 494.14 1679.35 2168.82 2312.58 1751.88 898.948 590.059 839.981 667.334 1732.37 1097.59 2529.7 1374.54 1325.79 1561.01 1014.05 1401.44 1325.99 814.258 1823.38 1249.65 1298.37 724.072 708.821 778.259 679.671 1157.96 1556.51 1164.89
threshold=102.0844086021505 -15.733941055166499 149.02014170040505 217.66594982078854 -1.1820671006184964 8493.5000000000018 6658.5000000000009 -10665.499999999998 53.500000000000007 -3780.9999999999995 24.500000000000004 -44.499999999999993 39.871500889477254 34.793903733934904 14186.333333333338 266.50000000000006 485.50000000000006 31.644225529332104 0.25868055555555558 -0.15999999999999992 -0.059999999999999963 74.500000000000014 168.1107480029045 437.50000000000006 187.26861128725452 169.46018099547553 -11.110521696629947 5165.5000000000009 526.50000000000011 3900.0000000000005
decision_type=10 8 10 10 10 8 8 8 8 8 8 10 10 10 10 10 10 10 10 8 8 10 10 10 8 10 8 8 8 8
left_child=-1 2 -2 4 5 -4 -6 8 -3 10 -9 12 13 14 19 -16 18 -18 -13 -12 -21 24 -23 -20 25 -22 27 -11 -29 -30
right_child=1 7 3 -5 6 -7 -8 9 -10 26 11 16 -14 -15 15 -17 17 -19 23 20 21 22 -24 -25 -26 -27 -28 28 29 -31
leaf_value=-0.089112384977011849 0.24158330664038657 -0.18953863454901654 0.26842927725418753 0.26229678239511406 -0.35518380967775975 -0.083528314421051422 -0.082265692438398083 0.25959263377955977 -0.020415441375390617 -0.19729002388084635 -0.13839867786357277 0.00044737689957326769 0.2793289599635384 -0.14962797224521637 0.038576987339900094 0.3306704912687603 -0.047102563671576669 0.1939785189732261 -0.087010965300723914 0.21344476466862167 0.040028115999419245 -0.0087012967292000275 -0.30247584978739417 -0.29044633107800638 0.14279886814917242 -0.16517760085208075 -0.00097405672855317672 0.074325696935779159 -0.2166487034936917 0.040328146362304682
leaf_weight=43.5 33.5 34.5 23 23 22.5 28.5 21 28 113 42.5 28.5 73.5 38.5 37 39 28.5 58.5 34.5 32 41 80 34 22.5 31 43 21 3594.5 76 43.5 25
leaf_count=34 30 29 22 23 20 26 20 26 97 37 27 60 37 31 33 26 51 32 30 39 63 27 21 28 43 20 3174 69 36 24
internal_value=-1.99718e-10 0.00081591 0.0541252 0.000906162 -0.0623779 0.0736566 -0.22343 -0.000940011 -0.0599731 0.00101582 0.0285992 0.0185326 0.0477621 0.0239561 0.0429861 0.161905 -0.0340677 0.0423307 -0.0861195 0.0132563 0.0311534 -0.00612309 -0.125691 -0.187114 0.0407908 -0.00263842 -0.00387501 -0.0596368 -0.0191506 -0.122862
internal_weight=4794.5 4751 151.5 118 95 51.5 43.5 4599.5 147.5 4452 670.5 642.5 413 374.5 337.5 67.5 229.5 93 136.5 270 241.5 200.5 56.5 63 144 101 3781.5 187 144.5 68.5
internal_count=4235 4201 141 111 88 48 40 4060 126 3934 594 568 367 330 299 59 201 83 118 240 213 174 48 58 126 83 3340 166 129 60
is_linear=0
shrinkage=0.03


Tree=226
num_leaves=31
num_cat=0
split_feature=6 2 6 3 10 2 9 9 9 8 18 4 15 1 0 9 3 11 2 1 17 2 4 7 7 3 8 0 18 17
split_gain=389.563 526.197 421.975 2111.56 2117.41 1654.68 953.432 820.085 988.738 895.409 2237.06 1535.41 1515.38 1367.89 764.011 630.002 619.063 1837.65 1433.01 2245.2 1904.48 1533.15 1725.21 1694.63 2102.15 1921.23 1674.62 1268.62 1846.99 1276.18
threshold=95.000000000000014 29.462917145259805 268.50000000000006 4664.5000000000009 -3.3800863204016518 40.535006039930906 -1471.9999999999998 -4734.9999999999991 -2915.4999999999995 182.08211891576801 0.50500000000000012 0.4001736111111111 7914.8333333333348 162.14022119658037 152.47182054134254 1880.0000000000002 3895.0000000000005 15.055772283604751 19.478066401714454 145.05520403608273 411.50000000000006 21.934531996283201 0.58159722222222243 9101.0000000000018 7801.5000000000009 3328.0000000000005 158.37622067216253 209.31052631578953 0.56500000000000006 534.50000000000011
decision_type=8 10 8 8 10 10 10 8 8 10 8 10 10 10 10 10 8 10 8 10 8 10 10 10 8 10 10 10 10 8
left_child=1 -1 3 4 -2 7 -6 -5 -9 11 12 13 -11 14 15 -10 17 27 19 -19 -21 -20 23 24 25 -23 -27 28 -4 -30
right_child=2 -3 16 5 6 -7 -8 8 9 10 -12 -13 -14 -15 -16 -17 -18 18 21 20 -22 22 -24 -25 -26 26 -28 -29 29 -31
leaf_value=-0.0010501654581590132 -0.33540020897984502 -0.18680020991792068 -0.12964801412561666 0.20582738406383072 0.13399342099428177 0.29415112596637799 -0.12427819728605309 -0.16567783923343168 0.13927258770806447 -0.15860511019825935 0.34703442101045084 -0.22271568703651426 0.19497511965036393 0.24023659449357249 -0.13699963018298147 -0.036589202122254805 -0.006554772203991607 -0.073354769415325594 -0.16503775681998278 0.45474329584836959 0.10683196755106916 0.0021375196543579954 -0.11475963908200823 -0.097814551896237306 0.35192862549146942 0.043372576421499248 0.39807657262553336 0.36156157404184341 0.35812613873378091 0.045405728220939634
leaf_weight=33 25 23.5 23 26 25 26.5 26.5 21.5 35 24 27.5 22.5 20 26 28 38.5 3680.5 40.5 55.5 20 48.5 201.5 89.5 70.5 21.5 25 23 20 23 24
leaf_count=28 20 20 22 23 23 26 23 20 27 24 27 21 20 25 25 29 3226 29 47 20 48 183 89 63 21 21 23 20 22 20
internal_value=-1.11511e-10 -0.078309 0.000933824 0.0316055 -0.10887 0.0679722 0.00109637 0.0456906 0.0285567 0.0474101 0.134775 0.0057661 0.00211318 0.0460864 -0.00364663 0.0471545 -0.00167952 0.0244961 0.00540066 0.103719 0.208412 -0.0166275 0.00248338 0.0332103 0.0672961 0.0427687 0.213335 0.150844 0.0906391 0.198439
internal_weight=4794.5 56.5 4738 372 76.5 295.5 51.5 269 243 221.5 71.5 150 44 127.5 101.5 73.5 4366 685.5 595.5 109 68.5 486.5 431 341.5 271 249.5 48 90 70 47
internal_count=4235 48 4187 333 66 267 46 241 218 198 71 127 44 106 81 56 3854 628 544 97 68 447 400 311 248 227 44 84 64 42
is_linear=0
shrinkage=0.03


Tree=227
num_leaves=31
num_cat=0
split_feature=14 16 13 16 13 16 16 7 9 6 19 9 2 11 14 10 5 9 6 12 0 10 13 0 0 15 0 3 5 16
split_gain=390.83 421.376 807.644 528.697 2046.1 995.389 905.036 844.554 597.754 841.136 916.266 620.372 1326.14 2122.28 1887.29 1443.27 2081.67 1409.58 2604.72 1275.12 1359.93 1104.47 822.493 820.03 1150.37 2051.89 1839.84 1098.2 899.887 757.389
threshold=223.50000000000003 331.50000000000006 290.50000000000006 241.50000000000003 325.50000000000006 290.00000000000006 202.00000000000003 7400.5000000000009 -13171.999999999998 481.50000000000006 0.010000000000000007 -3697.9999999999995 39.871500889477254 43.944724492202305 62.500000000000007 -8.7218555752139491 -3.4668213212465058 -4510.9999999999991 404.50000000000006 33.500000000000007 239.40361842105253 0.34645576153120322 314.50000000000006 369.85918811163452 280.23157894736852 8771.6666666666697 269.45300751879705 9347.5000000000018 60.112732297883518 -142.49999999999997
decision_type=10 10 10 10 10 10 10 10 8 8 10 8 10 8 10 8 10 10 10 8 10 10 10 8 10 8 10 10 10 10
left_child=1 3 -3 6 5 7 8 -5 9 10 -1 12 13 15 -14 16 -10 19 21 -17 22 -19 -21 24 26 -26 28 -27 -13 -20
right_child=-2 2 -4 4 -6 -7 -8 -9 11 -11 -12 23 14 -15 -16 17 -18 18 29 20 -22 -23 -24 -25 25 27 -28 -29 -30 -31
leaf_value=-0.27737854259194067 0.12075916215777396 0.045582158362611813 -0.19105235177895116 0.20401399127642311 0.30364155617952343 -0.16430582456588744 -0.12682606311405406 -0.042823017367294852 0.35993622057967711 0.038911264369736853 -0.02547134427463307 -0.0049465846257679795 0.34483011739904229 -0.26202231183648106 0.0034239227541031378 0.16865967107506899 0.029405041812582217 -0.15332698945271767 0.40169614203770954 -0.00033684875506472277 -0.22838340526712791 0.1021181603272756 -0.15978120043164207 0.16000338025526564 0.059830032819493978 -0.36183357187679832 0.24960437170014929 -0.078592453626069148 0.17218762374841248 0.1594201871752739
leaf_weight=26.5 24 23.5 29 22.5 25 25 51 28 27 33.5 25.5 3574.5 27.5 24 31 32.5 47 29.5 22.5 385 28 31.5 31.5 27.5 36 28 26 22 26 24
leaf_count=22 22 20 25 21 23 20 46 25 23 30 20 3141 27 20 29 29 43 25 21 333 28 29 27 26 36 28 26 22 26 22
internal_value=2.04551e-10 -0.000607529 -0.0851302 0.000333005 0.0684046 -0.00948841 -0.00114857 0.0671539 0.000255028 -0.0783219 -0.153847 0.00175432 0.026832 0.0150821 0.163914 0.0251815 0.150004 0.0093785 0.107515 -0.0127381 -0.0260012 -0.0214168 -0.0123957 -0.00321427 -0.00442329 -0.112866 -0.00185164 -0.237207 -0.00366746 0.27665
internal_weight=4794.5 4770.5 52.5 4718 100.5 75.5 4617.5 50.5 4566.5 85.5 52 4481 741 682.5 58.5 658.5 74 584.5 107.5 477 444.5 61 416.5 3740 3712.5 86 3626.5 50 3600.5 46.5
internal_count=4235 4213 45 4168 89 66 4079 46 4033 72 42 3961 656 600 56 580 66 514 97 417 388 54 360 3305 3279 86 3193 50 3167 43
is_linear=0
shrinkage=0.03


Tree=228
num_leaves=31
num_cat=0
split_feature=13 17 8 15 1 17 14 19 13 7 19 16 5 16 0 15 3 7 9 4 1 4 10 15 7 1 10 16 8 3
split_gain=390.023 981.405 1483.86 675.219 839.638 540.077 1307.12 2247.17 1262.45 3411.13 1312.83 1982.19 1807.69 1996.88 1888.96 1669.23 1742.91 1576.56 1456.52 993.072 1042.93 1477.32 885.783 1556.45 1278.96 1098.01 870.812 860.841 1264.57 805.666
threshold=67.500000000000014 132.50000000000003 194.33130081300803 7723.5000000000009 166.89375482125783 371.50000000000006 78.500000000000014 -0.17499999999999993 223.50000000000003 7269.0000000000009 0.27500000000000008 -20.499999999999996 -8.716373807290493 -246.49999999999997 251.63747139588102 4170.0000000000009 3828.5000000000005 2523.5000000000005 -3519.9999999999995 0.77256944444444453 182.05307800751885 0.41493055555555558 -0.90167853685890076 8176.8333333333339 7506.0000000000009 184.33184280793932 -3.1374589667063488 -126.49999999999999 161.01787790697702 5204.0000000000009
decision_type=8 10 10 10 8 8 8 10 10 10 10 8 10 10 8 8 10 10 10 10 10 10 8 10 8 10 10 8 10 10
left_child=1 2 3 4 -1 8 7 -7 10 -10 12 -12 14 17 15 -2 -17 -14 -19 20 21 29 23 -18 -24 -26 -9 28 -8 -15
right_child=5 -3 -4 -5 -6 6 27 26 9 -11 11 -13 13 19 -16 16 22 18 -20 -21 -22 -23 24 -25 25 -27 -28 -29 -30 -31
leaf_value=-0.027469398951530458 -0.23052361893653867 -0.23139664836724597 0.20625665492632173 0.02243592783808708 -0.2815871396931735 -0.32559687125271763 0.03163796229795976 0.075075463584878224 0.34293799667745023 -0.067247189680735273 0.018488933235019829 0.37808909313623296 0.32702493313286035 -0.11398135659850646 -0.32780671374395837 0.17928604333400727 0.24638701006122254 0.23099873551403183 0.023548168161249512 0.19348604543981227 -0.11707783398528894 0.24637587181546472 -0.28136606150865556 -0.049563081673213417 -0.0011004427406522963 -0.24092280260154178 -0.085325706391171971 0.0021185164848745133 -0.2229949615846388 0.013750971356460025
leaf_weight=25 35 22.5 22 39 22 29 33 44 37 36 38.5 21.5 27 53.5 21.5 37.5 23 41.5 114.5 22 72 22 25 52.5 94.5 21 99 3363.5 37.5 262.5
leaf_count=20 29 20 22 33 20 26 26 37 35 33 35 21 26 45 21 34 23 36 100 22 72 22 21 47 81 20 84 2971 35 218
internal_value=-2.73547e-11 -0.0511527 -0.0136019 -0.0698448 -0.146418 0.00143127 -0.00409841 -0.0848037 0.0202782 0.140655 0.0113568 0.147346 0.00253594 0.0323112 -0.0565343 -0.0363181 -0.00950476 0.115368 0.0787353 -0.00287272 -0.013409 0.00867425 -0.0422809 0.0405939 -0.0868151 -0.0447045 -0.0359715 -5.60944e-05 -0.103805 -0.0078746
internal_weight=4794.5 130.5 108 86 47 4664 3606 172 1058 73 985 60 925 615 310 288.5 253.5 183 156 432 410 338 216 75.5 140.5 115.5 143 3434 70.5 316
internal_count=4235 115 95 73 40 4120 3179 147 941 68 873 56 817 541 276 255 226 162 136 379 357 285 192 70 122 101 121 3032 61 263
is_linear=0
shrinkage=0.03


Tree=229
num_leaves=31
num_cat=0
split_feature=18 3 1 4 2 16 17 10 3 8 13 16 6 8 11 5 13 16 10 13 17 7 19 15 11 9 4 16 6 7
split_gain=377.836 1239.82 1521.07 931.317 795.84 434.924 684.945 1080.16 980.08 1061.26 597.274 599.09 720.168 3206.43 807.34 525.332 2062.06 1403.53 2067.35 1927.3 1492.66 1365.25 1235.33 1341.37 1298.77 1373.07 1292.85 1233.28 1240.69 1860.74
threshold=0.9850000000000001 7050.5000000000009 137.046318128313 0.10069444444444446 11.853569291887402 331.50000000000006 568.50000000000011 -4.4556474032129012 6749.5000000000009 155.00000000000003 361.50000000000006 290.00000000000006 146.50000000000003 199.06000000000003 28.769527910476253 -7.8298929995655007 341.50000000000006 -174.49999999999997 16.048024138301354 136.50000000000003 304.50000000000006 20747.000000000004 0.090000000000000066 1631.5000000000002 23.316215823848303 -4292.9999999999991 0.90104166666666685 -395.49999999999994 460.50000000000006 8920.5000000000018
decision_type=8 10 8 8 10 10 10 8 10 10 10 10 8 8 10 8 10 10 10 10 10 8 10 8 10 10 10 10 8 10
left_child=4 2 -2 -3 -1 6 10 -8 -9 -10 11 12 13 14 -6 16 17 18 27 -19 -21 -22 23 -17 -24 -26 -25 28 29 -14
right_child=1 3 -4 -5 5 -7 7 8 9 -11 -12 -13 15 -15 -16 22 -18 19 -20 20 21 -23 24 26 25 -27 -28 -29 -30 -31
leaf_value=0.15120062123984099 -0.040470035267727716 -0.040832595993514069 0.20947502980629604 -0.19773704607209022 -0.15443068826023271 -0.08165023312631961 -0.061868335147236664 0.24777775028477544 -0.05138516648660732 0.1791010010242462 -0.12533596891690701 -0.14855470504611731 -0.2298285546650489 0.39812382784756745 0.082029510579019221 0.20305809918601633 0.28651913078874347 0.22760237388207877 0.21793159173130988 -0.16603300205866495 0.025026719114317073 -0.20673249229788779 -0.034368124119937421 -0.0029020140338415833 -0.048061966121196745 0.18171041598359883 0.17570148453519152 -0.18199039142412035 -0.023097849592918392 -0.00095310331168382064
leaf_weight=32 56 150.5 36 44 25.5 56.5 43 34.5 39.5 33 34 24 72 22 26.5 29.5 20 35.5 25 45 488.5 24 62 2577.5 30 106.5 37 67 460.5 57.5
leaf_count=32 38 102 32 32 22 49 36 33 31 33 30 20 63 22 24 28 19 33 24 40 445 19 61 2286 27 97 37 56 414 50
internal_value=-2.36118e-10 -0.0334065 0.0573346 -0.0763277 0.0021231 0.00105731 0.00211467 0.0651241 0.116158 0.0535258 -9.90372e-05 0.000906288 0.00175802 0.0945206 -0.0339269 9.89421e-05 -0.0157385 -0.0204798 -0.04983 0.0132755 -0.00037222 0.0141736 0.00731423 0.00189532 0.0794936 0.131211 -0.000374445 -0.0600188 -0.0461678 -0.128204
internal_weight=4794.5 286.5 92 194.5 4508 4476 4419.5 150 107 72.5 4269.5 4235.5 4211.5 74 52 4137.5 1295 1275 682 593 557.5 512.5 2842.5 2644 198.5 136.5 2614.5 657 590 129.5
internal_count=4235 204 70 134 4031 3999 3950 133 97 64 3817 3787 3767 68 46 3699 1163 1144 607 537 504 464 2536 2351 185 124 2323 583 527 113
is_linear=0
shrinkage=0.03


Tree=230
num_leaves=31
num_cat=0
split_feature=19 11 19 9 18 19 13 15 19 7 7 2 2 12 4 18 15 0 17 14 18 1 12 12 17 17 9 17 3 0
split_gain=379.503 1456.91 1078.91 1699.57 854.305 512.173 1069.76 931.397 592.09 1600.64 478.358 1905.86 3182.55 4672.33 3118.22 2588.72 2190.82 2049.27 1974.64 1535.27 2523.8 1514.54 1402.61 1903.05 3112.75 1387.09 1248.9 1204.25 1246.27 3867.1
threshold=-0.42499999999999993 23.597814525254055 -0.31499999999999989 -3988.4999999999995 0.39500000000000007 -0.25499999999999995 271.50000000000006 7973.6666666666679 -0.23499999999999999 7863.5000000000009 2365.0000000000005 43.05852493485316 31.154455824339752 74.500000000000014 0.11631944444444441 0.59500000000000008 2225.3333333333339 183.37980769230754 364.50000000000006 72.500000000000014 0.71500000000000008 157.65332327171038 32.500000000000007 57.500000000000007 418.50000000000006 268.50000000000006 12070.000000000002 402.50000000000006 7868.5000000000009 172.00617283950604
decision_type=8 10 8 10 10 8 8 8 8 8 10 10 8 8 10 8 10 10 10 8 8 10 8 8 10 10 8 8 10 10
left_child=1 -1 3 -2 -5 6 -4 -8 9 -7 11 12 19 15 18 -14 -16 -18 -15 20 25 -13 -21 24 -24 -10 -12 -25 -29 -30
right_child=2 -3 5 4 -6 8 7 -9 10 -11 26 21 13 14 16 -17 17 -19 -20 22 -22 -23 23 27 -26 -27 -28 28 29 -31
leaf_value=0.092367434620857239 0.34018872848776882 -0.26540280859385218 -0.17876461808764654 -0.12379724919795991 0.13821320075541735 0.24764519182302186 0.1781924289901082 -0.10956341582536697 -0.086884083118078839 -0.082289322689175604 -0.002211694862733737 -0.27616546059356017 0.56057808593713809 0.026604160189628599 -0.027123569816350935 0.17596537088354428 0.42654398162518775 0.061483854183554648 -0.33059618395108437 -0.20177524140652486 0.068737950460820249 0.05030464522267987 0.49038155311346054 -0.13584261102061118 -0.029594440328520395 -0.38592721114724365 -0.096211072179404167 -0.0053969368412393305 -0.016933916243346961 0.3522179928421974
leaf_weight=20 21.5 21 43 21 24 29.5 20.5 20 26.5 24 3505 34 28 30 40 36 31 25 26 25.5 39.5 20.5 20 46.5 21.5 29.5 132 320.5 74 39
leaf_count=20 21 20 39 20 23 28 20 20 26 22 3054 27 28 27 37 34 30 25 23 22 32 20 20 43 20 29 111 295 60 39
internal_value=-2.24961e-11 -0.0908807 0.000783867 0.120773 0.0159417 -0.000918567 -0.0745533 0.0360908 0.000417048 0.0996372 -0.000749606 0.018665 0.0295859 0.129206 0.0386687 0.344233 0.142448 0.263571 -0.139239 -0.00390515 -0.114891 -0.153365 0.0154718 0.0260946 0.220996 -0.244416 -0.00562328 0.00924373 0.0248066 0.110472
internal_weight=4794.5 41 4753.5 66.5 45 4687 83.5 40.5 4603.5 53.5 4550 913 858.5 216 152 64 96 56 56 642.5 95.5 54.5 547 521.5 41.5 56 3637 480 433.5 113
internal_count=4235 40 4195 64 43 4131 79 40 4052 50 4002 837 790 204 142 62 92 55 50 586 87 47 499 477 40 55 3165 437 394 99
is_linear=0
shrinkage=0.03


Tree=231
num_leaves=31
num_cat=0
split_feature=7 3 11 6 17 6 11 5 18 2 18 11 0 3 3 18 18 5 0 3 2 4 1 2 3 17 11 12 1 13
split_gain=372.509 1182.99 2053.69 936.423 879.009 1948.29 2576.45 1208.99 1728.37 3144.24 1549.09 1626.36 1724.35 3126.4 3030.76 1524.47 1492.39 1411.14 1509.02 1908.04 2017.67 1349.42 2515.79 1371.34 1414.75 1072.19 1655.86 972.967 1373.23 937.299
threshold=11115.500000000002 22480.000000000004 22.092397714470753 596.50000000000011 504.50000000000006 324.50000000000006 27.715454027778254 37.972659354472519 0.19500000000000003 18.147411450933706 0.59500000000000008 28.276758855227552 191.11058681185702 7946.5000000000009 6000.5000000000009 0.62500000000000011 0.40500000000000008 -32.609039333193998 159.58807538963353 8130.5000000000009 28.825075611574253 0.25868055555555558 146.71047265957787 32.104669429227307 15939.500000000002 477.50000000000006 28.465369811301006 40.500000000000007 169.78603040742638 298.50000000000006
decision_type=8 8 10 10 8 8 10 10 10 8 10 8 10 8 10 10 10 8 10 8 10 8 10 10 8 10 8 10 8 10
left_child=1 -1 -3 4 25 6 -6 8 9 -7 11 16 14 -14 -13 -12 -10 -17 19 20 -19 22 -21 24 -23 29 -27 28 -20 -2
right_child=3 2 -4 -5 5 7 -8 -9 10 -11 15 12 13 -15 -16 17 -18 18 27 21 -22 23 -24 -25 -26 26 -28 -29 -30 -31
leaf_value=-0.0034637255313346928 -0.0044099333488841425 0.09916381165132683 -0.20056291697998804 0.17327225608210409 0.02501239777907081 -0.063168043283124753 0.36940887295038383 -0.19377728671999647 0.19231459067668766 0.37336389270695775 0.25006091791072066 -0.26230405919692096 -0.013330761722543024 -0.49925221681594845 0.19375873347123465 0.25999665847004844 -0.091144559559013155 0.077452052266169816 -0.0030378795680353196 -0.010496960724210913 0.42025299242564607 0.14966488850467344 0.24288038637865797 -0.2713888851233891 -0.15791992946674949 0.017650470955805346 -0.21514090296490623 0.080021338113924353 -0.27663017542362212 0.19568222137298
leaf_weight=2637 1053 29.5 68 31 46 27 34 24 32 33 28 25.5 22 26 27 21.5 35 58.5 29.5 170 21 25.5 44.5 28 28.5 55 55 20.5 37.5 21.5
leaf_count=2345 914 26 59 27 38 27 32 24 32 33 28 22 22 24 26 21 35 49 28 126 20 23 42 22 23 46 47 20 35 19
internal_value=-1.03238e-10 -0.00725792 -0.109876 0.00963436 0.00713423 0.0305196 0.171381 0.0157794 0.0225712 0.176925 0.00896183 -0.0702513 -0.146578 -0.276538 -0.0277575 0.0348258 0.0442389 0.0223998 0.0113786 0.0374915 0.168003 0.00249761 0.0420685 -0.101014 -0.0126715 -0.0095386 -0.0987452 -0.100832 -0.156168 -0.000406228
internal_weight=4794.5 2734.5 97.5 2060 2029 844.5 80 764.5 740.5 60 680.5 167.5 100.5 48 52.5 513 67 485 463.5 376 79.5 296.5 214.5 82 54 1184.5 110 87.5 67 1074.5
internal_count=4235 2430 85 1805 1778 752 70 682 658 60 598 161 94 46 48 437 67 409 388 305 69 236 168 68 46 1026 93 83 63 933
is_linear=0
shrinkage=0.03


Tree=232
num_leaves=31
num_cat=0
split_feature=0 10 3 3 6 15 2 6 9 12 16 2 9 12 16 2 11 15 2 17 4 2 19 19 19 6 3 7 7 15
split_gain=376.314 468.335 1533.72 2432.2 2103.58 1538.57 937.764 539.937 545.394 818.057 722.129 632.319 591.718 1403.64 972.893 2188.99 1313.59 1215.17 1315.97 946.527 1236.58 1223.2 784.99 1616.05 2152.02 1162.93 1089.93 930.912 805.168 737.001
threshold=102.0844086021505 -15.733941055166499 5695.0000000000009 9987.5000000000018 400.50000000000006 6955.5000000000009 22.558290700006655 84.500000000000014 -10665.499999999998 53.500000000000007 -193.49999999999997 29.993663652740004 -3780.9999999999995 24.500000000000004 -44.499999999999993 39.871500889477254 34.793903733934904 13969.166666666666 23.829266011191404 485.50000000000006 0.25868055555555558 31.644225529332104 0.02499999999999997 -0.11999999999999997 -0.059999999999999963 644.00000000000011 1800.5000000000002 11115.500000000002 14757.500000000002 9902.8333333333358
decision_type=10 8 8 8 10 10 10 8 8 10 10 10 8 8 10 10 10 8 10 10 10 10 10 8 8 8 10 10 10 10
left_child=-1 2 5 -4 6 -2 -5 -3 9 10 -9 -11 13 -10 15 16 17 22 -19 20 -16 -21 23 -15 -25 29 -24 -28 -29 -26
right_child=1 7 3 4 -6 -7 -8 8 12 11 -12 -13 -14 14 19 -17 -18 18 -20 21 -22 -23 26 24 25 -27 27 28 -30 -31
leaf_value=-0.087836042642593384 0.084950028777122488 -0.1120556983580956 0.32235941852842054 -0.0054620418548583984 -0.23067156324726204 -0.24624636930577895 0.26998968991366301 -0.064362928337671529 0.23995577851931252 -0.046532223425481634 -0.26454753181208734 0.14474748129540302 -0.0026688563306477876 -0.10522350820211264 0.0028533801545078557 0.26199085250690385 -0.14527623232957479 0.31698874599403803 0.055187004208564761 -0.041881698307238126 -0.17992408429182344 0.18444354332011678 0.12096885455979242 0.36062317508108477 0.22703592951360502 -0.12305376010782579 -0.22766504367192586 0.07699703103020078 -0.1497682563171667 0.0014007686660625039
leaf_weight=43.5 25 39 35 22.5 21.5 25.5 22 55 27 46 23 23.5 3752 39 72 38.5 37 27 48 57 62 34.5 27 25.5 28.5 25.5 31.5 31.5 25.5 24
leaf_count=34 24 33 33 22 20 22 20 47 25 38 19 22 3315 37 59 37 31 24 41 50 57 32 24 25 26 20 28 29 21 20
internal_value=-4.35053e-11 0.000804224 0.0527029 0.120198 0.0129915 -0.0822878 0.130716 -0.000905233 4.52918e-05 -0.0567015 -0.123392 0.0181451 0.001942 0.0281143 0.0190927 0.046704 0.0243025 0.0431446 0.149436 -0.030926 -0.0817153 0.043454 0.012246 0.0593575 0.121374 0.0431573 -0.0458786 -0.0967812 -0.0244506 0.123888
internal_weight=4794.5 4751 151.5 101 66 50.5 44.5 4599.5 4560.5 147.5 78 69.5 4413 661 634 408.5 370 333 75 225.5 134 91.5 258 142.5 103.5 78 115.5 88.5 57 52.5
internal_count=4235 4201 141 95 62 46 42 4060 4027 126 66 60 3901 586 561 363 326 295 65 198 116 82 230 128 91 66 102 78 50 46
is_linear=0
shrinkage=0.03


Tree=233
num_leaves=31
num_cat=0
split_feature=13 2 3 1 4 3 7 6 4 4 14 11 19 5 3 5 18 6 0 4 5 11 0 13 3 16 3 1 8 16
split_gain=374.553 1104.48 446.294 1445.14 2506.96 724.772 1614.38 1636.08 1045.16 3104.07 2121.54 2419.43 1195.54 896.995 724.632 1944.16 2557.59 2226.44 2204.18 2062.49 1967.49 1816.3 1175.1 999.183 926.66 2522.55 1057.54 856.546 1312.83 1510.07
threshold=390.50000000000006 28.147307892611153 865.50000000000011 142.38676900584781 0.26215277777777779 2417.0000000000005 970.00000000000011 329.50000000000006 0.50868055555555569 0.65451388888888895 100.50000000000001 36.663274223828758 0.055 76.31587752525202 3895.0000000000005 9.4001826763055067 0.57500000000000007 589.50000000000011 148.67207792207802 0.24131944444444448 -4.6422891907185138 26.091502678901804 142.55820205051251 266.50000000000006 4148.5000000000009 133.50000000000003 4207.5000000000009 324.97936323416303 293.23821271929859 -326.99999999999994
decision_type=10 8 8 10 10 8 8 8 10 10 8 8 8 10 8 8 10 8 10 10 10 10 10 8 8 8 8 10 10 10
left_child=2 -2 3 -1 -5 6 -4 -8 10 -10 12 -12 -9 14 15 16 21 -17 22 -19 -20 -7 23 -18 25 -16 -26 28 -28 -30
right_child=1 -3 5 4 -6 13 7 8 9 -11 11 -13 -14 -15 24 17 18 19 20 -21 -22 -23 -24 -25 26 -27 27 -29 29 -31
leaf_value=-0.11972693105538686 -0.18538461544144322 0.057647625748068095 0.1777829029253469 0.39976046545560967 0.031749026465254862 0.0096342853553917085 -0.28045215416762787 0.02807495976036245 -0.36805747312307358 0.047804026799542564 0.028140190728875095 -0.27488746166229244 0.30635286868549882 0.1853938016295433 -0.28627024710178373 -0.013278117507048274 0.14985878901556135 0.13858900949012401 0.35933594186459816 0.49572040817954321 0.026500006324865599 -0.34601276502770895 -0.20703600787454182 -0.075681018108808548 0.22933543403943379 0.068874166210492457 -0.0016980486330415543 -0.16082746231555939 -0.013257260888814926 0.35539735449850557
leaf_weight=31.5 35.5 32 26 21.5 74 23 29.5 33 30 35 64.5 37.5 24 24 36 46 32 43 31 22 33 29.5 27 39.5 18 36 3810.5 30 20 20
leaf_count=24 30 29 25 21 72 23 25 29 29 35 57 31 22 24 31 43 26 41 31 22 32 28 22 30 16 33 3334 30 20 20
internal_value=1.09875e-10 -0.0701693 0.00100199 0.0564794 0.1146 -0.000529663 -0.0473483 -0.0704387 -0.0427807 -0.144132 -0.00134777 -0.083267 0.145245 0.00249911 0.00147747 0.0444743 -0.00816635 0.146436 0.0506463 0.259464 0.187717 -0.190205 -0.0384151 0.0252599 -0.0020528 -0.108698 -8.32111e-05 -0.00114739 9.67115e-05 0.17107
internal_weight=4794.5 67.5 4727 127 95.5 4600 279.5 253.5 224 65 159 102 57 4320.5 4296.5 326 215 111 162.5 65 64 52.5 98.5 71.5 3970.5 72 3898.5 3880.5 3850.5 40
internal_count=4235 59 4176 117 93 4059 253 228 203 64 139 88 51 3806 3782 298 192 106 141 63 63 51 78 56 3484 64 3420 3404 3374 40
is_linear=0
shrinkage=0.03


Tree=234
num_leaves=31
num_cat=0
split_feature=13 17 9 14 10 6 14 10 10 17 3 15 1 5 6 14 12 12 2 16 19 13 16 4 4 9 15 5 8 13
split_gain=373.883 1267.13 1418.36 947.835 2027.97 1102.07 1095.11 2128.88 949.369 1447.85 919.809 879.468 1097.02 1163.28 1063.69 701.846 643.999 914.432 2363.94 1300.88 738.962 1536.66 1561.36 1227.48 2355.77 2050.82 1517.15 875.044 2278.42 1549.82
threshold=95.500000000000014 205.50000000000003 731.00000000000011 48.500000000000007 5.0817828283734992 485.50000000000006 60.500000000000007 8.9526816753336522 -0.65645589536154947 266.50000000000006 9033.5000000000018 6888.8333333333348 168.32695531257204 -2.6132317887110044 498.50000000000006 35.500000000000007 14.500000000000002 23.500000000000004 29.350817539737502 -99.499999999999986 0.25500000000000012 181.50000000000003 -3.4999999999999996 0.82725694444444453 0.56423611111111127 974.50000000000011 5658.0000000000009 -36.811925063350991 203.39652047843404 226.50000000000003
decision_type=8 8 8 8 8 8 8 8 10 10 10 8 10 10 8 10 8 8 10 10 10 8 8 10 10 8 10 8 10 8
left_child=11 2 -2 4 5 -3 7 8 9 -5 -10 14 -13 -14 15 -1 -8 18 19 -18 27 -22 -23 24 25 -24 -26 28 -19 -30
right_child=1 3 -4 6 -6 -7 16 -9 10 -11 -12 12 13 -15 -16 -17 17 20 -20 -21 21 22 23 -25 26 -27 -28 -29 29 -31
leaf_value=0.04805287827002374 -0.02053543583913283 0.15299279390497408 0.30822577911264754 0.25788031931581168 -0.33291674196720122 -0.11940845231375385 -0.14163737694764958 0.29671476591550389 -0.18489976581774259 -0.044561547083514078 0.052141319356980874 -0.024096809900449424 -0.061952625297485506 -0.36731584535088652 0.16290028744084495 -0.17471857612547667 -0.17617415275979548 0.30047718162337939 0.34149617714881897 0.15083188795461888 0.18537494881947836 -0.21468010097468665 -0.23093103809412135 -0.18189950967305582 0.33707493487526391 0.058793986539045967 0.0065015821797507149 -0.00068485012940695388 -0.22607187570595158 0.083219866516566501
leaf_weight=28.5 22 23.5 25.5 29 24 31 29 32.5 28.5 28 30.5 83.5 23.5 21.5 35 23 23.5 31.5 25 20.5 22.5 54.5 43 38 25.5 45 24.5 3851.5 20.5 50.5
leaf_count=26 20 22 24 28 20 26 26 30 25 23 27 70 22 20 33 20 20 29 24 20 22 49 36 38 25 39 24 3377 20 50
internal_value=5.00861e-10 0.00181521 0.155957 0.000199646 -0.103138 -0.00195103 0.00202114 0.0821192 0.0219955 0.109312 -0.0623616 -0.0386641 -0.0884456 -0.207848 0.0352889 -0.0514373 -0.000741829 0.00021373 0.108542 -0.0238191 -0.00156298 -0.0512684 -0.0743681 -0.0309192 0.010655 -0.0827762 0.175094 0.00161747 0.0881284 -0.00608268
internal_weight=4794.5 4579.5 47.5 4532 78.5 54.5 4453.5 148.5 116 57 59 215 128.5 45 86.5 51.5 4305 4276 69 44 4207 253 230.5 176 138 88 50 3954 102.5 71
internal_count=4235 4044 44 4000 68 48 3932 133 103 51 52 191 112 42 79 46 3799 3773 64 40 3709 233 211 162 124 75 49 3476 99 70
is_linear=0
shrinkage=0.03


Tree=235
num_leaves=31
num_cat=0
split_feature=2 13 3 4 4 5 9 7 3 17 2 5 18 0 3 5 11 16 1 8 15 15 13 3 16 10 2 1 2 6
split_gain=358.342 984.425 373.459 1125.79 3465.29 724.657 810.301 596.616 704.842 1525.06 1412.87 1255.42 1249.17 1227.72 820.982 2631.83 1541.45 1758.81 1636.96 1841.55 2064.63 1444.91 1066.5 1061.42 2108.23 914.093 2033.49 1725.24 1682.14 935.702
threshold=53.623136828768402 197.50000000000003 865.50000000000011 0.14756944444444448 0.28125000000000011 -20.565526597099502 -2762.4999999999995 272.50000000000006 2528.0000000000005 503.50000000000006 18.352412833309355 -21.359817408769015 0.44500000000000006 167.66563467492253 3895.0000000000005 29.686116888041017 22.380521700383955 1.5000000000000002 201.19699911707951 157.61754385964903 5993.8333333333348 6718.3333333333348 247.50000000000003 4148.5000000000009 133.50000000000003 -15.733941055166499 21.233718957504454 181.54084473664358 24.178084161678704 268.50000000000006
decision_type=8 10 8 10 10 10 8 8 8 10 10 10 10 10 8 8 10 8 10 10 10 8 8 8 8 8 10 10 10 8
left_child=2 -2 3 -1 -5 -6 -7 -4 9 10 -9 13 -13 -12 15 16 17 -10 19 21 -21 -18 -17 24 -16 26 27 -25 -28 -27
right_child=1 -3 7 4 5 6 -8 8 14 -11 11 12 -14 -15 23 22 18 -19 -20 20 -22 -23 -24 25 -26 29 28 -29 -30 -31
leaf_value=-0.093570716857910158 -0.17826169778318965 0.071179392307388539 0.12859381835907696 0.44512122290475026 0.15798990041744418 -0.17306770633248722 0.064940108691270537 0.096970477950572967 0.34414492066701252 0.14280453390149928 -0.37958093769410073 -0.21849198576430198 -0.016841113500595091 -0.086614545797212769 -0.27782088498274488 0.062531387856820733 -0.20155286453030211 0.026199780987593735 -0.22896727013943799 0.25784575244293939 -0.070735453157151337 0.066309893161563549 0.33430390069182486 0.096398278391361225 0.051590604606796715 0.045028105228701057 0.38387423458099368 -0.27488450491573752 0.073747009824304016 -0.0071278905410173538
leaf_weight=35 34 24.5 32 21 20.5 25.5 26 37.5 22.5 33.5 25.5 35.5 125 26 36 20.5 47 51.5 33.5 39.5 30.5 29.5 35.5 25 34 340 25 20.5 42.5 3460
leaf_count=27 29 22 29 21 20 24 26 34 20 31 20 35 112 25 31 20 36 47 33 39 28 25 35 23 31 304 23 20 39 3026
internal_value=-3.19999e-12 -0.0737949 0.000911529 0.0514577 0.106038 0.00713902 -0.0529084 -0.00049253 -0.00139523 -0.0472528 -0.0727716 -0.102797 -0.061443 -0.231676 0.00162776 0.0486531 0.00760937 0.122872 -0.0397765 0.00348555 0.114678 -0.0982594 0.234816 -0.00203226 -0.117821 3.90961e-05 0.0841233 -0.070883 0.188609 -0.0024613
internal_weight=4794.5 58.5 4736 128 93 72 51.5 4608 4576 283 249.5 212 160.5 51.5 4293 310 254 74 180 146.5 70 76.5 56 3983 70 3913 113 45.5 67.5 3800
internal_count=4235 51 4184 118 91 70 50 4066 4037 257 226 192 147 45 3780 283 228 67 161 128 67 61 55 3497 62 3435 105 43 62 3330
is_linear=0
shrinkage=0.03


Tree=236
num_leaves=31
num_cat=0
split_feature=19 19 11 2 19 13 15 19 3 6 2 4 6 8 10 4 18 15 15 4 6 6 11 12 5 6 5 5 16 14
split_gain=359.668 576.179 1913.7 1269.39 466.077 995.907 868.054 539.206 1533.89 484.105 1907.11 1409.51 1293.05 2211.15 1925.85 1385.56 1278.48 1158.82 1225.35 1791.85 1113.49 1500.66 1395.84 1110.81 1480.66 884.577 884.531 1571.78 1087.09 732.325
threshold=-0.50499999999999989 -0.31499999999999989 28.603293986939104 30.672878645766104 -0.25499999999999995 271.50000000000006 7973.6666666666679 -0.23499999999999999 8291.5000000000018 553.50000000000011 25.214597384555855 0.39409722222222232 500.50000000000006 170.66741071428552 3.2843424643292516 0.63368055555555569 0.52500000000000013 17011.500000000004 8715.6666666666697 0.22569444444444448 485.50000000000006 478.50000000000006 25.575956942045156 99.500000000000014 -1.6355761563000042 475.50000000000006 -17.207837498620503 -5.1350877192979985 -62.499999999999993 220.00000000000003
decision_type=8 8 10 10 8 8 8 8 8 10 8 10 10 10 10 10 10 10 10 10 10 10 10 8 10 10 8 10 8 10
left_child=-1 2 -2 -4 5 -3 -7 8 -6 12 11 -11 20 17 15 -15 -12 18 -14 -20 21 25 -23 24 -18 29 -22 -28 -29 -9
right_child=1 4 3 -5 7 6 -8 9 -10 10 16 -13 13 14 -16 -17 23 -19 19 -21 26 22 -24 -25 -26 -27 27 28 -30 -31
leaf_value=-0.1253906194175162 0.24450392737984655 -0.17167425180590432 0.09447292359811918 -0.20631591237109639 0.27317104324698444 0.17281641605423717 -0.10498235929012298 -0.0025703305643433459 -0.049811178748890503 -0.0056241129508072677 -0.260050695809451 0.26709426365468814 0.067256761364480291 0.21549622843797142 0.42702397001826242 -0.085144077613949778 -0.11379878519993761 0.20095462794487293 -0.0057124228202379661 -0.28019680006524261 -0.23761765834586374 -0.010048286953280049 0.26202603205442426 -0.18958271051446599 0.17702329652062779 -0.17549566201443939 0.15780374852978454 -0.27934461336135863 -0.027164640393108126 0.17101883256977254
leaf_weight=20.5 36 43 28 23 24 20.5 20 3778 29.5 66 38.5 23 94 37 23 22 34.5 26 78 29.5 29 31 37.5 36 29 26.5 24.5 25 40 22
leaf_count=20 36 39 28 20 23 20 20 3333 27 51 36 23 80 36 23 22 30 22 59 26 25 28 35 30 26 23 21 20 33 20
internal_value=-4.23626e-10 0.000538439 0.0770358 -0.0411769 -0.000881505 -0.0711246 0.0356318 0.000392591 0.095078 -0.000720744 -0.0434244 0.0648537 0.00152162 0.0606052 0.194168 0.103393 -0.113256 0.0124641 -0.0118573 -0.081036 -0.0030346 -0.000278421 0.138898 -0.0564559 0.0190176 -0.00276988 -0.093628 -0.0469722 -0.124157 -0.00156534
internal_weight=4794.5 4774 87 51 4687 83.5 40.5 4603.5 53.5 4550 227 89 4323 309.5 82 59 138 227.5 201.5 107.5 4013.5 3895 68.5 99.5 63.5 3826.5 118.5 89.5 65 3800
internal_count=4235 4215 84 48 4131 79 40 4052 50 4002 196 74 3806 268 81 58 122 187 165 85 3538 3439 63 86 56 3376 99 74 53 3353
is_linear=0
shrinkage=0.03


Tree=237
num_leaves=31
num_cat=0
split_feature=13 2 17 19 19 2 14 10 12 1 15 11 6 5 5 19 5 13 11 3 3 2 12 6 6 17 2 1 5 13
split_gain=359.302 1008.21 406.489 903.332 1228.94 810.352 511.862 699.837 514.929 1144.55 482.85 2039.49 628.673 745.67 740.332 1895.87 1838.06 1749.45 1579.54 1996.36 3047.27 1876.75 1828.44 1573.08 1024.93 957.332 736.43 754.817 1823.27 1421.85
threshold=390.50000000000006 28.435871896809406 568.50000000000011 0.13999999999999999 -0.070000000000000007 31.267176113415456 178.50000000000003 3.4686665874289999 127.50000000000001 150.31271688968187 1425.5000000000002 27.779880069652801 682.50000000000011 -82.299793377580997 -34.242105263158486 0.2950000000000001 -36.811925063350991 136.50000000000003 20.215750020822302 10007.500000000002 8753.5000000000018 26.209114753103954 63.500000000000007 473.50000000000006 414.50000000000006 469.50000000000006 53.623136828768402 226.82571884903638 -23.734702411666486 186.50000000000003
decision_type=10 10 10 10 10 10 10 8 10 10 8 10 10 8 8 10 10 10 10 10 8 10 8 8 8 8 10 10 10 8
left_child=2 -2 6 4 -4 -6 8 -8 10 -10 11 -1 13 -12 16 26 18 -17 23 20 21 -20 -23 -15 -21 -18 27 -16 -29 -30
right_child=1 -3 3 -5 5 -7 7 -9 9 -11 12 -13 -14 14 15 17 25 -19 19 24 -22 22 -24 -25 -26 -27 -28 28 29 -31
leaf_value=-0.12178213238716126 -0.17880525636001371 0.053393385037779809 0.13890441881733781 0.21539297493696213 0.026298761160477347 -0.19201349346204236 -8.8048083441598067e-05 -0.20671797776923462 0.19949147389616284 -0.061856716106522755 0.14962009000576149 0.27925222971439362 -0.15628306875837611 0.011028876609580461 -0.0030385673324864978 0.37152128691368913 -0.064445687640797 0.034906670451164246 0.25104302902221676 0.029078921079635622 0.43498764875458507 0.16463094786802926 -0.16914649572829868 -0.34782069428761797 -0.21849866944967822 -0.32787528314088521 -0.14666053308594609 0.30662705480890429 0.16917502287854538 -0.019264978418144785
leaf_weight=21 35.5 32 42.5 25 34.5 27.5 35 25.5 35 26.5 29.5 25 23.5 21.5 3797 23.5 22 34 25 27 20.5 22.5 43 22.5 34 28.5 31 23 47 154.5
leaf_count=20 30 29 40 24 27 24 30 21 30 25 29 23 21 20 3310 22 21 31 24 25 20 22 40 21 31 25 26 23 47 154
internal_value=-4.7635e-11 -0.0687259 0.000981383 0.0533992 0.0146447 -0.0705333 -0.000495095 -0.08718 0.000660831 0.086878 -0.000523921 0.0961713 -0.00152809 -0.000702687 -0.00171594 0.001426 -0.0501715 0.17248 -0.0120762 0.0289558 0.104723 0.0299113 -0.0544901 -0.172474 -0.108915 -0.213114 -0.00100104 0.000121788 0.0535733 0.0246888
internal_weight=4794.5 67.5 4727 129.5 104.5 62 4597.5 60.5 4537 61.5 4475.5 46 4429.5 4406 4376.5 4110 266.5 57.5 216 172 111 90.5 65.5 44 61 50.5 4052.5 4021.5 224.5 201.5
internal_count=4235 59 4176 115 91 51 4061 51 4010 55 3955 43 3912 3891 3862 3613 249 53 203 162 106 86 62 41 56 46 3560 3534 224 201
is_linear=0
shrinkage=0.03


Tree=238
num_leaves=31
num_cat=0
split_feature=13 17 6 17 13 13 11 3 14 6 0 7 16 15 0 8 19 10 19 17 14 19 16 6 17 0 3 5 1 4
split_gain=352.576 737.141 1280 734.823 701.993 1797.5 1871.33 1695.47 1002.88 1657.74 734.021 636.791 588.903 1066.77 1169.26 1061.42 1016.84 536.392 1331.99 1356.03 1021.02 1321.36 1198.4 1057.31 1053.58 1711.14 2479.52 1506.14 1907.57 1558.93
threshold=81.500000000000014 199.50000000000003 593.50000000000011 214.50000000000003 132.50000000000003 122.50000000000001 25.148912790825154 7131.5000000000009 48.500000000000007 484.50000000000006 369.85918811163452 9660.5000000000018 -114.99999999999999 6888.8333333333348 179.06100217864955 194.33130081300803 -0.024999999999999963 -1.1797850805678498 0.35500000000000015 273.50000000000006 78.500000000000014 -0.18499999999999994 -126.49999999999999 470.50000000000006 389.50000000000006 280.23157894736852 5533.5000000000009 -31.086720754262497 191.13417363701572 0.80381944444444453
decision_type=8 8 8 8 8 10 8 10 8 8 8 10 10 8 8 10 10 10 10 8 8 8 8 10 8 10 10 8 10 10
left_child=12 2 -2 -3 5 7 -7 -5 9 -6 17 -9 13 15 16 -1 -15 18 19 -10 21 -21 -22 -23 -24 27 -27 28 -26 -29
right_child=1 3 -4 4 8 6 -8 11 10 -11 -12 -13 -14 14 -16 -17 -18 -19 -20 20 22 23 24 -25 25 26 -28 29 -30 -31
leaf_value=-0.011051064482549342 0.0067932742292230782 -0.13690152955055238 0.27014244732856746 -0.20703349739313126 0.068490148186683655 0.0217960693884869 0.38719969593561609 0.20488586377013815 0.21628417715430259 -0.27201612138459763 0.14607866268004138 -0.0047811482660472387 -0.17687268115282059 0.10756121635437012 -0.26806913700509583 0.25552601967751981 -0.13754050637994494 0.0098096372242127937 -0.17565713191854543 -0.28989318105307493 -0.14449081596273641 -0.070798945786412215 0.068111244025030673 0.12796710562705993 -0.27421651317179202 -0.42636475699288501 0.029376898197965188 0.00098594666846283686 0.020641113823423016 0.20664116084575651
leaf_weight=41 49.5 35 25 28 22 24.5 26 22 24 31 31 32 25 29.5 23.5 20 31.5 2223.5 43.5 22 52 194 191 27.5 40 21 22 1364.5 39 34
leaf_count=36 44 31 24 24 20 21 24 22 23 26 30 28 21 26 23 20 25 1963 36 20 42 164 173 24 31 21 22 1198 39 34
internal_value=-2.51378e-10 0.00156217 0.0951655 2.93781e-05 0.00109098 0.0691226 0.209925 -0.0175908 -0.000966121 -0.130674 0.000621893 0.0806387 -0.0423665 -0.0192555 -0.0882733 0.0763513 -0.0190077 -0.000427237 -0.0113994 -0.00788129 -0.0105619 -0.068146 -0.00261082 -0.0461214 0.00169988 -0.00664249 -0.193195 -0.00121322 -0.128654 0.00598579
internal_weight=4794.5 4624 74.5 4549.5 4514.5 132.5 50.5 82 4382 53 4329 54 170.5 145.5 84.5 61 61 4298 2074.5 2031 2007 243.5 1763.5 221.5 1711.5 1520.5 43 1477.5 79 1398.5
internal_count=4235 4084 68 4016 3985 119 45 74 3866 46 3820 50 151 130 74 56 51 3790 1827 1791 1768 208 1560 188 1518 1345 43 1302 70 1232
is_linear=0
shrinkage=0.03


Tree=239
num_leaves=31
num_cat=0
split_feature=3 7 7 5 0 16 6 6 3 5 3 11 15 15 0 18 18 18 2 0 13 16 11 19 18 15 19 14 12 2
split_gain=346.399 413.814 1046.77 1555.04 1122 1060.72 1641.08 1284.24 1205.45 1082.31 996.459 1939.73 1368.98 1034.54 1017.37 1218.37 1007.6 1575.35 2006.46 1215.42 1173.99 998.777 935.618 1441.47 836.856 792.306 898.738 1189.49 1888.81 2180.04
threshold=29445.000000000004 14185.500000000002 15487.500000000002 -17.850863411945507 172.00617283950604 -85.499999999999986 525.50000000000011 329.50000000000006 22480.000000000004 -32.609039333193998 20174.500000000004 28.874829224237001 7157.666666666667 14560.333333333338 145.25652412280701 0.42500000000000004 0.065000000000000016 1.0000000180025095e-35 18.266379216987854 269.45300751879705 211.50000000000003 44.500000000000007 37.285090240804358 -0.014999999999999956 0.74500000000000011 7782.8333333333348 -0.16999999999999993 90.500000000000014 71.500000000000014 30.757926070763904
decision_type=10 8 8 8 10 10 10 8 8 8 8 10 10 10 10 10 10 8 10 10 10 10 10 10 10 8 8 8 10 8
left_child=1 10 3 -3 -5 6 7 -4 -7 -9 13 14 -13 16 -12 -16 17 18 -1 -18 -20 24 25 -24 -15 -11 -27 28 29 -28
right_child=-2 2 5 4 -6 8 -8 9 -10 22 11 12 -14 21 15 -17 19 -19 20 -21 -22 -23 23 -25 -26 26 27 -29 -30 -31
leaf_value=-0.25584948573793687 -0.090821479409933098 0.3153684667746226 0.19784998523579403 0.0083203675701137032 0.21002526508223626 -0.055918370077925467 0.23151881846212424 0.16903404220728804 0.1279672265718822 -0.1117722084445338 -0.1155424498628687 -0.38270445739521702 -0.084856931225198204 -0.25046706359884507 -0.10366657291139875 0.18106522806380923 0.0029813284829305104 -0.28873388535446592 0.24807714222565944 0.20900156165544803 -0.066197379827499389 0.071717528630705449 0.056769939356072004 -0.27112582267414442 -0.058550413077877415 0.1589867787361145 -0.057939050366672185 0.033203505452019874 -0.20783384705489538 0.24460644364356993
leaf_weight=21 37.5 22.5 33 124.5 31 333.5 32.5 35.5 35.5 46.5 40.5 25.5 30.5 36.5 21 38 2939 27 23 26 20 25.5 21.5 27.5 46.5 37.5 104 472 53 27
leaf_count=21 28 22 28 101 31 280 29 35 31 41 29 21 27 33 21 37 2597 26 23 26 20 21 20 22 35 37 92 429 46 26
internal_value=2.34589e-10 0.000715957 0.0141652 0.082261 0.0485316 0.00453768 0.0222684 0.0143376 -0.0382275 0.00699269 -0.0051053 -0.0792482 -0.220484 -0.001462 0.000241321 0.07972 0.00177007 -0.0965585 -0.0154846 0.00478791 0.101903 -0.0924963 -0.000298145 -0.127253 -0.142947 0.00810834 0.0161465 0.00798106 -0.05672 0.00441765
internal_weight=4794.5 4757 1437 178 155.5 1259 890 857.5 369 824.5 3320 155.5 56 3164.5 99.5 59 3056 91 64 2965 43 108.5 789 49 83 740 693.5 656 184 131
internal_count=4235 4207 1270 154 132 1116 805 776 311 748 2937 135 48 2802 87 58 2713 90 64 2623 43 89 713 42 68 671 630 593 164 118
is_linear=0
shrinkage=0.03


Tree=240
num_leaves=31
num_cat=0
split_feature=19 11 19 9 18 18 18 19 8 0 2 0 0 5 17 4 8 4 1 4 4 1 5 0 12 2 3 1 2 19
split_gain=346.775 1339.38 970.49 1527.36 790.806 445.852 1613.54 1642.82 2249.82 1846.85 1800.88 1758.31 1144.32 947.284 552.485 484.904 1046.36 1697.85 970.988 630.352 1022.78 500.772 984.337 699.698 1548.01 1432.21 2669.31 2865.76 1679.03 1558.8
threshold=-0.42499999999999993 23.597814525254055 -0.31499999999999989 -3988.4999999999995 0.39500000000000007 0.085000000000000006 0.055000000000000007 -0.0099999999999999239 350.95188025729857 280.23157894736852 18.147411450933706 291.11250000000007 269.45300751879705 37.972659354472519 686.50000000000011 0.98784722222222243 261.78494623655905 0.88715277777777801 253.97665375112305 0.85590277777777801 0.81857638888888895 231.29656020090553 -27.619170303380994 210.99668560606102 37.500000000000007 30.350367252454554 8563.5000000000018 210.92034875084653 23.738088420195155 -0.12999999999999989
decision_type=8 10 8 10 10 10 8 8 10 10 8 10 10 8 10 10 10 10 10 10 10 10 10 10 8 10 10 8 10 8
left_child=1 -1 3 -2 -5 6 7 9 10 -4 -9 -12 14 -8 15 16 18 -18 19 20 21 23 -23 -7 -25 28 27 -27 29 -26
right_child=2 -3 5 4 -6 12 13 8 -10 -11 11 -13 -14 -15 -16 -17 17 -19 -20 -21 -22 22 -24 24 25 26 -28 -29 -30 -31
leaf_value=0.088827795624732961 0.3225524438813675 -0.25420837023428505 0.05542951190471649 -0.11927370118243354 0.13281148247420788 -0.0034559811028855381 -0.043368915319442744 -0.053316149050369854 -0.19534903866904121 -0.34738459563681057 0.061913627620254243 0.43099506387343772 0.16492383592222867 -0.31095056215199557 0.14467560264024326 0.13622124988099801 0.0095025600790977476 -0.33979395977979482 0.15169901051521301 -0.12168094326670352 0.16584630720994689 0.056960783094730016 -0.17999023138258891 -0.16703730817024523 -0.039146253168582917 0.089143165455144988 -0.072277390421653279 0.54588203947991132 -0.084509354988733923 0.27145169951698994
leaf_weight=20 21.5 21 20 21 24 3968 21 24 21 21 21 26 38 27.5 23.5 23 30 21.5 37.5 39 33 26.5 39 26 26 25.5 24.5 24 67.5 33
leaf_count=20 21 20 20 20 23 3418 21 24 21 21 21 26 38 26 22 23 30 21 37 39 33 26 39 26 26 25 24 24 67 33
internal_value=-3.2061e-10 -0.0868737 0.000749304 0.11455 0.0151717 -0.000865327 -0.0469655 0.00705003 0.0774363 -0.15089 0.158119 0.266086 0.000991776 -0.19509 -0.00040261 -0.00116979 -0.00188456 -0.13632 -0.000300064 -0.00161585 -0.000525108 -0.0018139 -0.0841246 -0.000528563 0.0507562 0.0789987 0.183831 0.310592 0.0176737 0.134578
internal_weight=4794.5 41 4753.5 66.5 45 4687 181.5 133 92 41 71 47 4505.5 48.5 4467.5 4444 4421 51.5 4369.5 4332 4293 4260 65.5 4194.5 226.5 200.5 74 49.5 126.5 59
internal_count=4235 40 4195 64 43 4131 180 133 92 41 71 47 3951 47 3913 3891 3868 51 3817 3780 3741 3708 65 3643 225 199 73 49 126 59
is_linear=0
shrinkage=0.03


Tree=241
num_leaves=31
num_cat=0
split_feature=0 0 8 6 8 8 8 1 0 17 17 17 15 2 13 2 5 13 0 2 0 9 16 16 18 3 19 10 0 1
split_gain=349.057 932.961 636.731 1082.89 1053.19 522.583 792.305 1219.43 573.281 520.629 509.748 1522.38 1242.09 522.928 559.211 2287.43 1378.19 798.921 1545.78 1535.74 879.624 748.398 695.622 1001.19 661.161 1485.45 2284.02 1742.51 1066.62 612.305
threshold=369.85918811163452 329.50443722943709 293.23821271929859 368.50000000000006 280.60043859649153 270.43178973717153 261.78494623655905 270.41253296640321 280.23157894736852 686.50000000000011 609.50000000000011 593.50000000000011 6030.666666666667 9.4497252235886471 334.50000000000006 35.070872292208058 -8.3620662232504923 302.50000000000006 163.40467367917805 24.005630818058652 181.69379844961253 1880.0000000000002 290.00000000000006 259.50000000000006 0.21500000000000002 7178.5000000000009 -0.30499999999999988 -6.6418059250335473 244.23669024571851 219.50706067316102
decision_type=8 10 10 10 10 10 10 10 10 10 10 10 10 10 10 10 8 10 10 10 10 10 10 10 10 10 10 10 10 10
left_child=1 2 4 -4 5 6 7 8 9 10 11 13 -12 -1 17 16 -16 22 21 -20 -21 -19 23 24 25 26 -15 -27 -26 -28
right_child=-2 -3 3 -5 -6 -7 -8 -9 -10 -11 12 -13 -14 14 15 -17 -18 18 19 20 -22 -23 -24 -25 28 27 29 -29 -30 -31
leaf_value=0.15429793325754312 0.095080527948296578 -0.16212995169684291 -0.0037286134064197537 0.25367350921034815 -0.17954970062789269 0.13706154270172119 -0.15678450255558407 0.21380082458257677 -0.1271359435468912 0.14424076477686565 -0.24911238899957389 0.21025745693714387 0.025372818104208331 0.22239281835034488 0.14306815462186931 -0.30014904919423552 -0.069122015621702546 -0.050509478844314636 -0.031180351632972097 0.40111318051815031 0.13524848052433561 0.1092153239250183 -0.12362728637244021 0.19029204025560495 -0.00080592087823094425 -0.30831132526267063 -0.20249097125461468 -0.01204529584305627 0.20868639319457791 0.0014828155438105263
leaf_weight=19.5 34.5 32 38 24 29.5 25 29 24 32 22.5 25 31 36.5 32 40 28.5 88.5 86.5 21.5 24 21 38 42 24.5 3799 36.5 26 35 22 27
leaf_count=17 33 32 38 24 29 25 29 24 32 21 20 27 31 32 37 24 71 67 21 24 21 30 34 23 3323 36 26 35 22 27
internal_value=3.906e-10 -0.000689134 0.000403528 0.0959109 -0.000865537 0.000271352 -0.000470219 0.000519003 -0.000603902 0.000290614 -0.000428498 0.000758975 -0.0862065 -0.000713189 -0.00140142 -0.0569989 -0.0030706 0.000659688 0.0606161 0.177392 0.277043 -0.00175813 -0.00217208 -0.000897438 -0.0020751 -0.0625119 0.022257 -0.163286 0.000400264 -0.0985798
internal_weight=4794.5 4760 4728 62 4666 4636.5 4611.5 4582.5 4558.5 4526.5 4504 4442.5 61.5 4411.5 4392 157 128.5 4235 191 66.5 45 124.5 4044 4002 3977.5 156.5 85 71.5 3821 53
internal_count=4235 4202 4170 62 4108 4079 4054 4025 4001 3969 3948 3897 51 3870 3853 132 108 3721 163 66 45 97 3558 3524 3501 156 85 71 3345 53
is_linear=0
shrinkage=0.03


Tree=242
num_leaves=31
num_cat=0
split_feature=13 2 3 12 13 3 7 6 4 4 14 11 19 5 17 10 1 3 5 18 6 4 8 19 3 16 1 18 1 8
split_gain=352.999 955.933 388.653 1359.15 1462.15 638.595 1470.82 1477.16 938.871 2911.21 1980.2 2170.5 1076.8 827.224 639.398 878.016 1419.71 700.699 1724.92 2470.07 1991.39 1909.15 1897.61 1838.71 1399.99 2633.43 878.923 1267.08 830.651 1167.95
threshold=390.50000000000006 28.435871896809406 865.50000000000011 48.500000000000007 210.50000000000003 2417.0000000000005 970.00000000000011 329.50000000000006 0.50868055555555569 0.65451388888888895 100.50000000000001 36.663274223828758 0.055 76.31587752525202 570.50000000000011 4.739269693919252 163.09506218189895 3895.0000000000005 9.4001826763055067 0.57500000000000007 589.50000000000011 0.24131944444444448 170.66741071428552 0.080000000000000002 4148.5000000000009 -128.49999999999997 150.99426011785269 0.8650000000000001 324.97936323416303 293.23821271929859
decision_type=10 10 8 8 8 8 8 8 10 10 8 8 8 10 10 10 8 8 8 10 8 10 10 10 8 10 10 8 10 10
left_child=2 -2 3 -1 -5 6 -4 -8 10 -10 12 -12 -9 14 17 16 -16 18 19 23 -20 -22 26 -7 25 -19 27 -21 29 -26
right_child=1 -3 5 4 -6 13 7 8 9 -11 11 -13 -14 -15 15 -17 -18 24 20 22 21 -23 -24 -25 28 -27 -28 -29 -30 -31
leaf_value=0.27643569108916488 -0.1753078785412748 0.0507906461879611 0.17048449901434093 -0.19640775755047796 0.069640064044432196 -0.33173595173018317 -0.26599665684215096 0.029532696652141484 -0.35308064865320915 0.049654863544872828 0.025483632337215335 -0.26153180198669435 0.29362990323454141 0.17802402392029762 -0.10201579866585907 0.21977177372981202 0.14917789553050639 0.039728899270715844 -0.013275464423324751 0.21113574755602871 0.12837351667326549 0.47197248101234435 0.23350671793346281 0.036063864603638647 -0.0020451021423223007 -0.33402100104552052 -0.10536447685776335 -0.050003027191644983 -0.15880229616165159 0.16092889004945754
leaf_weight=20.5 35.5 32 26 24 82.5 31.5 29.5 33 30 35 64.5 37.5 24 24 40.5 27.5 40.5 35.5 46 29 43 22 38.5 20 3731 32.5 49.5 39.5 30 40
leaf_count=20 30 29 25 19 78 30 25 29 29 35 57 31 22 24 31 26 40 32 43 26 41 22 37 20 3263 28 44 29 30 40
internal_value=-1.7139e-10 -0.0681204 0.000972737 0.0527437 0.00968563 -0.000456592 -0.0444038 -0.0664436 -0.0401632 -0.136223 -0.000893406 -0.0800367 0.140732 0.00238642 0.00140532 0.0733068 0.023581 -0.000457458 0.0422779 -0.00868327 0.137773 0.244669 0.0506216 -0.188901 -0.003981 -0.138902 -0.00904851 0.0605521 -0.00156727 -0.000316394
internal_weight=4794.5 67.5 4727 127 106.5 4600 279.5 253.5 224 65 159 102 57 4320.5 4296.5 108.5 81 4188 319 208 111 65 156.5 51.5 3869 68 118 68.5 3801 3771
internal_count=4235 59 4176 117 97 4059 253 228 203 64 139 88 51 3806 3782 97 71 3685 292 186 106 63 136 50 3393 60 99 55 3333 3303
is_linear=0
shrinkage=0.03


Tree=243
num_leaves=31
num_cat=0
split_feature=6 2 11 6 10 2 10 6 4 0 0 9 11 0 4 7 16 18 7 2 13 11 11 11 2 11 10 5 11 15
split_gain=337.305 495.518 376.882 1823.8 2016.77 1959.73 2105.26 1830 1418.91 1176.97 974.841 905.644 828.79 1995.83 3956.29 2720.59 2536.7 1664.25 1307.14 1179.34 2161.77 1189.32 2158.19 1903.81 1938.35 1804.11 2093.63 1916.99 1790.12 1782.94
threshold=95.000000000000014 29.462917145259805 39.848331793238906 382.50000000000006 -8.3563199618748492 25.476903149343453 -16.975218708742371 312.50000000000006 0.62673611111111127 180.82932692307705 159.12033991228103 -858.49999999999989 35.638410792969658 173.28735632183904 0.40451388888888895 5070.5000000000009 43.500000000000007 0.66500000000000015 10820.500000000002 46.884966843240953 258.50000000000006 31.268860170314603 29.595345343471653 27.626342577279505 36.087221337871505 32.001149796321108 8.7921231416661492 28.470427660045988 27.841925925148203 7782.8333333333348
decision_type=8 10 10 8 10 10 10 10 10 10 10 10 10 8 10 10 10 10 10 10 8 10 10 10 10 10 10 10 10 8
left_child=1 -1 12 4 7 -5 -7 -4 9 -8 -6 -11 19 14 17 -15 18 -14 -17 21 -21 22 23 -2 28 -23 27 -27 -25 -26
right_child=2 -3 3 5 10 6 8 -9 -10 11 -12 -13 13 15 -16 16 -18 -19 -20 20 -22 25 -24 24 29 26 -28 -29 -30 -31
leaf_value=0.0021051910248669711 -0.0039476240964908807 -0.17814856782872626 -0.13195409336397723 0.2249549919161303 0.43912039202313086 -0.26707024160892728 -0.015038960891329591 0.20757521464577261 -0.20371987536549568 0.29676404974677345 0.149974814013737 0.028933355782894375 0.13252518839932778 0.036852873802185056 0.34365415718338704 -0.51405151899371826 0.0087505671111020172 -0.095713329945885856 -0.20696706223487854 0.049405939297543632 -0.33385539337992665 0.16264229506561437 -0.08187634450339136 0.22394847871309304 0.43107437138861793 0.024769153460103239 0.30807609074554126 -0.20159894653268762 0.012645892263886941 0.082117424249649046
leaf_weight=33 2801 23.5 31 29 21.5 31 155.5 26.5 28 22 20.5 23.5 37 45 27.5 28 22 129 22.5 27 26 97 283.5 41.5 23.5 374 21.5 37 276.5 30
leaf_count=28 2451 20 28 28 20 26 133 25 27 22 20 23 36 45 27 24 22 103 22 24 22 88 248 38 23 331 21 34 249 27
internal_value=-7.98862e-11 -0.0728676 0.000868936 0.0291796 0.139957 -0.00896005 -0.0350506 0.0245246 -0.0036418 0.0242298 0.29799 0.158434 -0.00165979 -0.0488502 0.0103716 -0.146377 -0.260106 -0.0448409 -0.377232 0.00197428 -0.138609 0.00384379 -0.0025709 0.00451597 0.068329 0.0457119 0.019487 0.00439052 0.0402215 0.235398
internal_weight=4794.5 56.5 4738 388.5 99.5 289 260 57.5 229 201 42 45.5 4349.5 311 193.5 117.5 72.5 166 50.5 4038.5 53 3985.5 3456 3172.5 371.5 529.5 432.5 411 318 53.5
internal_count=4235 48 4187 352 93 259 231 53 205 178 40 45 3835 279 166 113 68 139 46 3556 46 3510 3036 2788 337 474 386 365 287 50
is_linear=0
shrinkage=0.03


Tree=244
num_leaves=31
num_cat=0
split_feature=16 4 16 13 3 16 4 14 13 12 16 14 17 12 1 10 3 3 6 15 9 9 12 2 3 6 3 19 11 19
split_gain=337.265 834.956 569.326 1436.89 938.821 856.546 680.247 632.062 828.438 1036.47 743.877 661.696 850.645 714.34 1384.91 638.737 1784.37 1621.54 1995.37 814.92 682.33 948.656 1658.6 1257.27 1756.24 1043.93 1273.05 1025.83 1019.24 1349.39
threshold=307.50000000000006 0.27083333333333343 241.50000000000003 325.50000000000006 10070.500000000002 207.50000000000003 0.34201388888888895 193.00000000000003 370.50000000000006 40.500000000000007 159.50000000000003 179.50000000000003 589.50000000000011 127.50000000000001 150.31271688968187 -15.047798082356799 5533.5000000000009 10007.500000000002 400.50000000000006 4519.5000000000009 -10665.499999999998 -3697.9999999999995 21.500000000000004 39.871500889477254 4433.0000000000009 553.50000000000011 4591.5000000000009 -0.054999999999999986 34.240900136339306 -1.0000000180025095e-35
decision_type=10 10 10 10 10 10 10 10 10 10 8 10 10 10 10 8 10 10 10 10 8 8 8 10 10 10 10 10 8 10
left_child=2 -2 5 4 -4 7 -7 8 11 -10 -9 12 13 15 -15 16 19 -18 -19 -1 -17 22 -22 28 -25 -23 -27 -28 -24 -30
right_child=1 -3 3 -5 -6 6 -8 10 9 -11 -12 -13 -14 14 -16 20 17 18 -20 -21 21 25 23 24 -26 26 27 -29 29 -31
leaf_value=0.079818481604258223 0.055908493995666504 -0.15183213851538047 0.11166084939370985 0.28036201233449187 -0.11679900805481144 -0.02056199494828569 -0.25552035314696175 -0.0092791968484719593 -0.2604738629594141 -0.014945130108722619 0.23466791733105977 -0.12176578438912447 0.18842967282642017 0.22909511286820938 -0.081645975964409964 -0.068207550378625886 0.30721178075541622 0.2023167796362014 -0.16077720537781715 -0.14690304247232583 0.27884060434997077 -0.0024405061079655899 0.026286422863575444 -0.040515699812344139 0.31972264849934084 0.062663708014620664 -0.27567619729042053 -0.076682467168027707 -0.24788722777366637 0.027218968375869419
leaf_weight=22.5 30 41.5 34.5 23 30.5 23.5 21 22.5 24.5 42 22.5 39 22 33.5 21 136 34.5 31.5 24 39 24 3302.5 479.5 21 29 40.5 32.5 82.5 30 34.5
leaf_count=21 24 37 31 21 27 20 20 20 20 37 20 31 20 29 20 116 33 30 22 35 23 2919 423 20 28 35 28 70 26 29
internal_value=3.88769e-10 -0.0646682 0.000978992 0.0765711 0.00446045 -0.000456197 -0.131441 0.000813563 -0.000294046 -0.105403 0.112694 0.00126651 0.0023472 0.00142058 0.10936 7.24213e-05 0.0605929 0.145701 0.0453032 -0.0639561 -0.00210442 0.00010118 0.0343367 0.0244578 0.168423 -0.00601726 -0.0819801 -0.13292 0.0112257 -0.100737
internal_weight=4794.5 71.5 4723 88 65 4635 44.5 4590.5 4545.5 66.5 45 4479 4440 4418 54.5 4363.5 151.5 90 55.5 61.5 4212 4076 618 594 50 3458 155.5 115 544 64.5
internal_count=4235 61 4174 79 58 4095 40 4055 4015 57 40 3958 3927 3907 49 3858 141 85 52 56 3717 3601 549 526 48 3052 133 98 478 55
is_linear=0
shrinkage=0.03


Tree=245
num_leaves=31
num_cat=0
split_feature=19 11 19 9 1 19 19 9 19 7 11 11 13 11 9 7 2 15 11 11 6 3 8 1 5 1 1 9 8 10
split_gain=340.335 1247.54 884.866 1348.77 582.754 413.984 943.099 798.326 506.333 1446.79 433.179 1852.63 1874.6 1513.31 2066.72 2346.22 1337.09 1177.32 1033.45 1525.51 3574.85 1135.67 1244.11 1892.25 1609.84 1023.12 2012.59 2407.64 1043.27 1762.26
threshold=-0.42499999999999993 23.597814525254055 -0.31499999999999989 -2659.4999999999995 162.76894992727293 -0.25499999999999995 -0.27499999999999986 1464.5000000000002 -0.23499999999999999 7863.5000000000009 31.268860170314603 32.001149796321108 205.50000000000003 29.772029467552652 -12.499999999999998 6563.0000000000009 31.267176113415456 7636.8333333333339 27.626342577279505 27.841925925148203 451.50000000000006 1271.5000000000002 227.90575657894752 190.33679888975999 -10.880524380804486 256.91485135802958 218.52707291152919 653.50000000000011 197.78335913312702 -0.97480293820500286
decision_type=8 10 8 10 10 8 10 8 8 8 8 8 10 10 10 10 10 10 10 10 8 10 10 10 10 10 10 8 10 10
left_child=1 -1 3 -2 -5 6 7 -4 9 -7 13 12 17 18 15 -15 -17 -12 -10 20 -20 -21 23 -23 -25 26 28 -28 -13 -30
right_child=2 -3 5 4 -6 8 -8 -9 10 -11 11 25 -14 14 -16 16 -18 -19 19 21 -22 22 -24 24 -26 -27 27 -29 29 -31
leaf_value=0.083507467478513717 0.28348100563287731 -0.24755923552172523 0.11421235541973647 0.11297023972799612 -0.11201484301686286 0.23287066758689232 -0.20521595571703952 -0.11590029288740719 -0.0086118734641323184 -0.080807680040597921 0.10721915151761925 0.0067072055703591843 -0.00066369088490804038 -0.36492957996650482 0.025686872839927672 -0.14876271804571151 0.092627153396606432 0.39807949707724827 -0.054884932294804997 -0.13241263806035644 0.47122799471668575 0.026506512191644897 -0.15300490323868063 0.075183343514800063 0.43961668789386749 -0.15887030335033642 0.33128434067642365 -0.0015492751871246889 -0.17310938218685046 0.093892379673197857
leaf_weight=20 25 21 29 21.5 20 29.5 29 25.5 2356 24 23 1253.5 45 35.5 97.5 75 28.5 27.5 23.5 38 23 235.5 27 24 20 34 37 41.5 73 32
leaf_count=20 24 20 29 20 20 28 26 24 2036 22 22 1110 38 31 85 64 26 26 21 34 22 204 27 24 20 33 37 41 69 32
internal_value=1.69129e-10 -0.0860633 0.000742315 0.109407 0.00454369 -0.000799444 -0.0670007 0.00654497 0.00040134 0.0921551 -0.000677523 0.0120971 0.14014 -0.00738488 -0.0802024 -0.154477 -0.082293 0.265608 -0.00111573 0.0440528 0.205343 0.0222822 0.0414613 0.0602469 0.240835 0.00378429 0.00763276 0.155328 -0.000901691 -0.0917374
internal_weight=4794.5 41 4753.5 66.5 41.5 4687 83.5 54.5 4603.5 53.5 4550 1566.5 95.5 2983.5 236.5 139 103.5 50.5 2747 391 46.5 344.5 306.5 279.5 44 1471 1437 78.5 1358.5 105
internal_count=4235 40 4195 64 40 4131 79 53 4052 50 4002 1408 86 2594 206 121 90 48 2388 352 43 309 275 248 44 1322 1289 78 1211 101
is_linear=0
shrinkage=0.03


Tree=246
num_leaves=31
num_cat=0
split_feature=13 17 9 14 10 14 10 6 10 17 3 15 15 1 5 14 12 12 2 16 0 5 19 18 19 4 6 5 5 8
split_gain=329.296 1140.71 1286.58 835.311 1814.91 980.114 1958.15 952.209 887.742 1265.03 855.723 768.084 1013.07 997.351 1127.87 739.095 617.892 825.352 2182.58 1204.13 724.529 1983.83 632.294 1263.91 1161.1 1131.92 2308.49 1299.93 2599.83 2016.47
threshold=95.500000000000014 205.50000000000003 731.00000000000011 48.500000000000007 5.0817828283734992 60.500000000000007 8.9526816753336522 485.50000000000006 -0.65645589536154947 266.50000000000006 9033.5000000000018 6888.8333333333348 3989.3333333333339 167.65115728024395 -2.6132317887110044 30.500000000000004 14.500000000000002 23.500000000000004 29.350817539737502 -99.499999999999986 309.93329070758756 66.201571780662036 0.36500000000000005 0.71500000000000008 0.4250000000000001 0.96701388888888895 364.50000000000006 -36.811925063350991 -34.242105263158486 253.85263157894752
decision_type=8 8 8 8 8 8 8 8 10 10 10 8 10 8 10 10 8 8 10 10 10 8 10 8 10 10 10 8 8 10
left_child=11 2 -2 4 7 6 8 -3 9 -5 -10 12 -1 -13 -15 -14 -7 18 19 -18 22 -22 25 24 -24 27 -27 -19 -29 -30
right_child=1 3 -4 5 -6 16 -8 -9 10 -11 -12 13 15 14 -16 -17 17 20 -20 -21 21 -23 23 -25 -26 26 -28 28 29 -31
leaf_value=-0.099513137780703032 -0.020139287385073576 0.14290935211993278 0.29297600199194512 0.2433012089030496 -0.31421298585832114 -0.13874328646551948 0.28346775363041798 -0.11029484830556377 -0.17977132671757748 -0.039401863217353818 0.048863089568302279 -0.0027335039270457934 0.0014869090252452425 -0.075854137480258932 -0.34527951470641205 0.22346220261520811 -0.17064278886673298 0.092574021705750673 0.32695920624732971 0.14396743192905334 -0.052112715265580582 0.33361680473600114 -0.11911261007189751 -0.19102031992327781 0.17598484365269543 -0.38775842007994654 0.068052913159132006 -0.24324609445407985 -0.0025725445673720594 0.19309586388058961
leaf_weight=32.5 22 23.5 25.5 29 24 29 32.5 31 28.5 28 30.5 67 27 40 21.5 27 23.5 133.5 25 20.5 28 21 24 46.5 24 20 20 40 3802 48
leaf_count=29 20 22 24 28 20 26 30 26 25 23 27 55 24 37 20 26 20 126 24 20 28 21 24 39 24 20 20 36 3323 48
internal_value=-1.41183e-10 0.00170354 0.147954 0.000170685 -0.0968393 0.00188064 0.0776567 -0.00111506 0.0199942 0.10443 -0.061579 -0.0362854 0.032826 -0.0828079 -0.170043 0.112475 -0.00073324 0.00020275 0.103119 -0.024063 -0.0014852 0.1132 -0.00283671 -0.0795504 0.0284361 -0.00105267 -0.159853 0.000526053 -0.00263292 -0.000133042
internal_weight=4794.5 4579.5 47.5 4532 78.5 4453.5 148.5 54.5 116 57 59 215 86.5 128.5 61.5 54 4305 4276 69 44 4207 49 4158 94.5 48 4063.5 40 4023.5 3890 3850
internal_count=4235 4044 44 4000 68 3932 133 48 103 51 52 191 79 112 57 50 3799 3773 64 40 3709 49 3660 87 48 3573 40 3533 3407 3371
is_linear=0
shrinkage=0.03


Tree=247
num_leaves=31
num_cat=0
split_feature=2 12 5 19 18 18 3 4 2 2 10 16 8 8 3 8 8 4 1 19 5 17 5 19 6 19 13 11 2 18
split_gain=330.266 1457.3 1782.37 1469.26 2116.63 2020.07 1601.22 1102.73 1043.83 655.509 1279.16 686.203 803.236 681.661 1483.17 712.561 639.61 642.648 1533.96 522.424 1214.39 1624.3 1503.05 1404.33 1023.15 945.391 832.632 555.244 1180.87 1443.12
threshold=43.05852493485316 61.500000000000007 3.3305372807019968 -0.13499999999999995 0.51500000000000012 0.56500000000000006 5599.5000000000009 0.33159722222222227 42.33247430326481 41.428527528831907 20.431302321364104 -377.49999999999994 350.95188025729857 300.12099479467906 10226.000000000002 280.60043859649153 270.43178973717153 0.94965277777777801 266.67371958967323 0.35500000000000015 -36.811925063350991 359.50000000000006 -34.912849388899495 0.24500000000000008 448.50000000000006 0.31500000000000011 185.50000000000003 21.778865218436653 13.232112807839902 0.21500000000000002
decision_type=8 10 10 10 10 10 8 10 10 10 10 8 10 10 8 10 10 10 10 10 8 8 8 10 8 10 10 10 10 8
left_child=8 3 7 4 -2 -5 -7 -3 9 10 11 -1 13 15 -15 16 17 18 19 20 21 -13 -22 -23 26 27 -21 -24 -29 -30
right_child=1 2 -4 5 -6 6 -8 -9 -10 -11 -12 12 -14 14 -16 -17 -18 -19 -20 24 22 23 25 -25 -26 -27 -28 28 29 -31
leaf_value=0.13096985896428426 0.06112327936817618 -0.32901302928725873 0.059955259978771207 -0.087142559067435454 -0.25391692491940088 0.021488059131722699 0.31980701987743382 -0.071160435992128707 0.16752821056281816 -0.12958956982778466 0.22483339672503264 -0.114072425365448 -0.17010709025859833 0.29142353540117089 -0.061052743196487423 -0.12758987201920038 0.1433292954574738 -0.17018156057596207 0.21053441728315045 0.15385656408641649 -0.23408478294610977 0.05716740550818266 0.012831789071121133 0.32192446457422697 -0.17784513596830695 0.17956785885187296 -0.090747224027460258 0.19469559679627418 -0.12626196643849111 -0.0079318826765312489
leaf_weight=36 42.5 36 30 36.5 35 28.5 37.5 25.5 34 34.5 23 23 25 22 21 39.5 28 20 31 23 25 40.5 1454 32.5 43.5 26 27.5 25 96.5 2392.5
leaf_count=32 39 27 27 36 28 26 36 24 32 32 21 21 25 22 21 39 28 20 31 21 23 38 1251 30 39 24 24 23 96 2099
internal_value=4.70843e-11 -0.0321373 -0.129622 0.0174173 -0.0811529 0.091946 0.190987 -0.222099 0.00192909 0.000674833 0.00168373 0.000525555 -0.000542809 0.000427128 0.119284 -0.000753888 0.000414494 -0.000524852 0.000275416 -0.00127318 0.000324254 0.105772 -0.00219454 0.175039 -0.0712033 -0.000743048 0.0206565 -0.00192452 -0.010459 -0.0125196
internal_weight=4794.5 271.5 91.5 180 77.5 102.5 66 61.5 4523 4489 4454.5 4431.5 4395.5 4370.5 43 4327.5 4288 4260 4240 4209 4115 96 4019 73 94 3994 50.5 3968 2514 2489
internal_count=4235 243 78 165 67 98 62 51 3992 3960 3928 3907 3875 3850 43 3807 3768 3740 3720 3689 3605 89 3516 68 84 3493 45 3469 2218 2195
is_linear=0
shrinkage=0.03


Tree=248
num_leaves=31
num_cat=0
split_feature=13 17 9 14 10 14 10 6 10 17 3 15 15 1 5 13 12 12 2 16 0 3 14 5 2 16 5 19 11 3
split_gain=322.363 1063.46 1212.6 787.841 1707.29 919.017 1839.3 895.276 840.839 1180.65 801.846 727.353 946.961 931.661 1049.6 709.705 583.738 777.807 2041.44 1136.93 675.874 1928.05 612.555 1586.82 1676.3 2583.35 2311.42 1547.66 1736.49 1840.47
threshold=95.500000000000014 205.50000000000003 1051.0000000000002 48.500000000000007 5.0817828283734992 60.500000000000007 8.9526816753336522 485.50000000000006 -0.65645589536154947 266.50000000000006 9033.5000000000018 6888.8333333333348 3989.3333333333339 167.65115728024395 -2.6132317887110044 54.500000000000007 14.500000000000002 23.500000000000004 29.350817539737502 -99.499999999999986 309.93329070758756 8822.0000000000018 91.500000000000014 -16.988648694155 35.070872292208058 7.5000000000000009 -29.484330321711493 0.10000000000000001 32.538707106006157 9469.5000000000018
decision_type=8 8 8 8 8 8 8 8 10 10 10 8 10 8 10 10 8 8 10 10 10 8 8 10 10 10 10 8 10 10
left_child=11 2 -2 4 7 6 8 -3 9 -5 -10 12 -1 -13 -15 -14 -7 18 19 -18 22 -22 23 24 25 27 -26 -19 29 -29
right_child=1 3 -4 5 -6 16 -8 -9 10 -11 -12 13 15 14 -16 -17 17 20 -20 -21 21 -23 -24 -25 26 -27 -28 28 -30 -31
leaf_value=-0.09659573419277484 -0.0039666842441169583 0.13848742277064222 0.29933889254279755 0.23569182965262181 -0.30483796005602926 -0.13480655091589894 0.27470990929236777 -0.10703050276564975 -0.1744429367466977 -0.037420048649821958 0.046876864267177271 -0.0037811189956629457 -0.013237337972968817 -0.074624713361263278 -0.33453411315762716 0.20563504016399384 -0.16527961294701757 -0.30159155986138753 0.31663477005958557 0.14042636964379288 0.31784826197407456 -0.060494576427671642 0.0037654619159878935 -0.0014179555805239503 -0.032843839911853565 0.18720305265291876 -0.4293608920357444 -0.0068545226289166341 0.18728392725641077 -0.25797393750312719
leaf_weight=32.5 24.5 23.5 23 29 24 29 32.5 31 28.5 28 30.5 67 24 40 21.5 30 23.5 28 25 20.5 22 27 3161.5 748.5 25.5 34.5 27.5 67.5 22 43
leaf_count=29 22 22 22 28 20 26 30 26 25 23 27 55 21 37 20 29 20 24 24 20 22 27 2792 647 23 31 22 62 20 39
internal_value=2.13212e-10 0.00168551 0.142897 0.000205473 -0.0940077 0.00186613 0.0752424 -0.00116498 0.0193571 0.101532 -0.0600319 -0.0359015 0.0313525 -0.0811736 -0.165487 0.108358 -0.000664968 0.000244785 0.100153 -0.0228484 -0.00139383 0.109374 -0.00269917 -0.0232089 -0.0889771 -0.0483147 -0.238584 -0.09894 -0.0561156 -0.104575
internal_weight=4794.5 4579.5 47.5 4532 78.5 4453.5 148.5 54.5 116 57 59 215 86.5 128.5 61.5 54 4305 4276 69 44 4207 49 4158 996.5 248 195 53 160.5 132.5 110.5
internal_count=4235 4044 44 4000 68 3932 133 48 103 51 52 191 79 112 57 50 3799 3773 64 40 3709 49 3660 868 221 176 45 145 121 101
is_linear=0
shrinkage=0.03


Tree=249
num_leaves=31
num_cat=0
split_feature=6 2 6 3 10 2 9 18 0 6 10 11 12 4 1 0 10 7 5 6 3 6 19 5 16 5 14 14 17 2
split_gain=322.61 480.962 354.746 1764.97 1838.58 1332.13 909.237 762.516 4337.3 1512.99 1218.3 756.569 1083.27 576.713 981.57 851.788 540.765 1978.4 1605.87 2901.62 640.783 2331.56 2394.24 2013.52 2799.61 1224.46 1176.52 1353.05 1318.35 1155.05
threshold=95.000000000000014 29.462917145259805 268.50000000000006 4664.5000000000009 -3.3800863204016518 40.535006039930906 -1471.9999999999998 0.44500000000000006 179.54641148325402 233.50000000000003 -1.3577094753131502 24.477203642866105 35.500000000000007 0.39062500000000006 161.49268940376982 143.92149122807052 -15.733941055166499 4085.0000000000005 24.663398520085028 383.50000000000006 4617.0000000000009 355.50000000000006 -0.044999999999999978 27.335596816599523 115.50000000000001 39.267124332570511 62.500000000000007 45.500000000000007 304.50000000000006 16.667017310947404
decision_type=8 10 8 8 10 10 10 10 10 10 10 8 10 10 10 10 8 8 10 10 8 8 10 10 8 10 8 10 8 10
left_child=1 -1 3 4 -2 7 -6 9 11 10 -5 12 -9 14 15 -13 17 -4 19 -19 21 22 -18 26 -25 -26 27 -23 -28 -30
right_child=2 -3 16 5 6 -7 -8 8 -10 -11 -12 13 -14 -15 -16 -17 20 18 -20 -21 -22 23 -24 24 25 -27 28 -29 29 -31
leaf_value=0.0026007981733842328 -0.31054689906835559 -0.17498578076666974 -0.13470818326506817 0.0062680557668209078 0.13279314150810242 0.26516097577113024 -0.11942157956789123 0.22365663030514349 0.4488983279466629 0.15516222289630344 -0.3248618992231786 0.073629216023211208 -0.0052768205157641699 -0.14810611916439873 0.18622556447982788 -0.15553583286358758 -0.35401360248697211 0.41322140883654357 -0.071334216859605587 0.03100626367109793 -0.0092667464222338115 0.021935276862233878 -0.001287014373513155 -0.067940570997430921 0.49541799350218341 0.17108466517925264 -0.19007253686415737 0.28720822381191563 0.14079233532740934 0.0031680945557070101
leaf_weight=33 25 23.5 35.5 20 25 26.5 26.5 32.5 24 21 20 26.5 43.5 28 21 32.5 29 32 27 40.5 3385.5 40 43 23.5 22 20 29 30.5 61 547.5
leaf_count=28 20 20 31 20 23 26 23 28 24 21 20 20 34 26 20 28 25 31 26 37 2956 38 40 22 22 20 24 28 55 499
internal_value=1.66187e-10 -0.0712626 0.000849797 0.0289722 -0.0994577 0.0622206 0.00301275 0.0422283 0.0695812 -0.0510405 -0.159297 0.020105 0.0926224 -0.0309257 0.0100875 -0.0526058 -0.00154634 0.0575606 0.126159 0.199708 -0.00343228 0.0199297 -0.143357 0.035129 0.194264 0.340974 0.0204068 0.136699 0.00754629 0.0169644
internal_weight=4794.5 56.5 4738 372 76.5 295.5 51.5 269 208 61 40 184 76 108 80 59 4366 135 99.5 72.5 4231 845.5 72 773.5 65.5 42 708 70.5 637.5 608.5
internal_count=4235 48 4187 333 66 267 46 241 180 61 40 156 62 94 68 48 3854 125 94 68 3729 773 65 708 64 42 644 66 578 554
is_linear=0
shrinkage=0.03


Tree=250
num_leaves=31
num_cat=0
split_feature=7 3 11 6 16 8 13 18 19 16 6 14 19 5 19 5 1 2 5 5 0 19 4 4 19 16 0 19 9 8
split_gain=321.228 1027.79 1810.94 835.503 794.375 968.839 1931.73 1504.87 1928.35 1431.52 1398.11 926.677 1943.22 1002.16 968.811 2343.78 1349.79 1812.42 1206.57 1112.75 947.747 940.584 1081.29 2857.62 2689.08 1846.3 1915.38 1471.76 1959.7 1450.23
threshold=11115.500000000002 22480.000000000004 22.092397714470753 596.50000000000011 295.00000000000006 293.23821271929859 268.50000000000006 0.115 -0.050000000000000003 254.50000000000003 317.50000000000006 161.50000000000003 -0.089999999999999969 4.3628518740034972 0.32500000000000012 -34.912849388899495 247.43098546064655 33.659780504602104 -52.025773524720982 -44.537465641860983 153.50550514216602 0.27500000000000008 0.51909722222222243 0.48784722222222232 0.090000000000000066 87.500000000000014 191.73852996254703 -0.044999999999999978 -2176.4999999999995 194.33130081300803
decision_type=8 8 10 10 10 8 8 10 10 10 10 10 8 10 10 10 10 10 10 10 10 10 10 10 10 8 10 10 10 10
left_child=1 4 -3 -2 5 7 -7 8 10 11 -1 14 -13 20 16 18 19 -18 -16 -9 -14 22 23 -21 27 -26 -27 -24 -29 -25
right_child=3 2 -4 -5 -6 6 -8 9 -10 -11 -12 12 13 -15 15 -17 17 -19 -20 21 -22 -23 24 29 25 26 -28 28 -30 -31
leaf_value=-0.090718754410743715 0.0065851034623368322 0.093906879101769397 -0.18754895159317289 0.16351547195065405 -0.11708248414099216 0.25367091800037184 -0.064045968963986358 0.19162250925512875 0.077930594818158574 0.2407514597881924 -0.44119591815131048 0.35144232469797132 -0.0042329718995450143 -0.13009334264990857 -0.10063226697237596 0.13843190855450099 -0.021601584296334873 0.37299143354594705 -0.36303112126886844 -0.008759924741849251 0.25282657853194646 0.13827664393645064 -0.08330095411386601 0.090235446205969599 -0.028261800992947356 -0.45027905174402089 -0.11489213506883844 -0.16240818114841685 0.13480705566380333 0.38362681991380193
leaf_weight=20 2029 29.5 68 31 54 38 31.5 25.5 22 22 21 20 33.5 26.5 46 27 22 20 24 1731 21 39 107.5 44.5 39 32.5 29 25.5 92 23
leaf_count=20 1778 26 59 27 46 37 31 25 22 21 20 20 27 21 43 25 22 20 20 1478 21 37 107 44 39 30 29 25 92 23
internal_value=4.5341e-10 -0.00673986 -0.102391 0.00894668 -0.00320329 -0.000822541 0.10967 -0.00387773 -0.148651 -0.000155745 -0.270231 -0.00233815 0.086623 0.0212356 -0.00619854 -0.0990121 -0.00216227 0.1663 -0.190598 -0.00539526 0.0948175 -0.00771794 -0.0103986 -0.00129249 -0.0607133 -0.189733 -0.292129 -0.0030845 0.070305 0.190206
internal_weight=4794.5 2734.5 97.5 2060 2637 2583 69.5 2513.5 63 2450.5 41 2428.5 101 81 2327.5 97 2230.5 42 70 2188.5 54.5 2163 2124 1798.5 325.5 100.5 61.5 225 117.5 67.5
internal_count=4235 2430 85 1805 2345 2299 68 2231 62 2169 40 2148 89 69 2059 88 1971 42 63 1929 48 1904 1867 1545 322 98 59 224 117 67
is_linear=0
shrinkage=0.03


Tree=251
num_leaves=31
num_cat=0
split_feature=18 3 1 11 2 16 6 3 10 14 12 5 18 15 18 0 10 5 6 18 14 19 5 7 3 5 13 3 10 3
split_gain=316.437 1140.63 1393.86 852.169 702.257 576.105 472.789 418.077 1600.08 1814.14 1826.68 1402.49 1516.83 2161.73 1766.9 1435.64 3897.79 1858.23 2411.19 1746.07 1859.11 2586.03 2822.8 1925 1670.5 1592.15 1378.12 1732.17 1349.89 1341.01
threshold=0.9850000000000001 7050.5000000000009 137.046318128313 19.641244275601654 11.853569291887402 122.50000000000001 365.50000000000006 5447.5000000000009 -9.1318632775398978 91.500000000000014 69.500000000000014 -68.908889766147496 0.31500000000000006 6547.5000000000009 0.24500000000000002 212.76845878136254 0.17782111447790075 24.663398520085028 564.50000000000011 0.59500000000000008 107.50000000000001 0.12000000000000005 -5.3948772170814854 6000.5000000000009 2605.0000000000005 -14.811783307907502 223.50000000000003 2865.5000000000005 -10.313333003787049 4758.0000000000009
decision_type=8 10 8 8 10 8 10 10 8 10 8 8 10 10 10 10 10 10 8 10 10 8 10 8 8 10 10 10 10 8
left_child=4 2 -2 5 -1 -3 -5 8 9 10 -6 -10 13 14 26 17 -17 19 -19 20 21 22 23 -14 -23 -21 27 -13 -12 -24
right_child=1 3 -4 6 7 -7 -8 -9 11 -11 28 12 15 -15 -16 16 -18 18 -20 25 -22 24 29 -25 -26 -27 -28 -29 -30 -31
leaf_value=0.14198146900394931 -0.037162024708730833 -0.070412030421770536 0.20210345764954885 -0.20074284102066908 -0.3531542806327343 0.072663814276456837 -0.060126829826831818 0.007212630786593551 0.21356368086404268 0.050491227532426512 -0.030624902487401195 -0.1513366837010664 -0.0077092532747025993 0.10338926654628346 -0.40458045752843219 0.46661297664723611 -0.040240140035748481 -0.0082176808390436295 0.34525218452176742 0.084725015091759559 0.12128531838456791 -0.44247277952590075 -0.053996128941124134 0.37764759206771853 -0.15120706793860855 -0.016148353518254801 -0.29484900043365803 0.19780184181725105 -0.29807579560713332 -0.29730397372932754
leaf_weight=32 56 65 36 50.5 32 41.5 37.5 3049.5 27 54 74.5 34 28 35 22.5 22 36 39.5 31 196.5 36 26.5 66 20 53.5 497 23.5 20.5 22 29.5
leaf_count=32 38 44 32 35 28 29 26 2692 27 47 69 34 27 35 22 22 36 37 31 178 35 25 64 20 52 429 23 20 18 28
internal_value=1.29072e-10 -0.0305719 0.0564636 -0.0717404 0.00194296 -0.0146595 -0.140821 0.000941789 -0.0124637 -0.0954172 -0.156733 -0.000294082 -0.00503867 -0.0996598 -0.170373 0.00681631 0.152014 -0.00141182 0.147209 -0.0124063 -0.0787898 -0.111017 -0.0348231 0.152856 -0.247689 0.0124336 -0.102814 -0.0200093 -0.0915982 -0.129154
internal_weight=4794.5 286.5 92 194.5 4508 106.5 88 4476 1426.5 182.5 128.5 1244 1217 135.5 100.5 1081.5 58 1023.5 70.5 953 259.5 223.5 143.5 48 80 693.5 78 54.5 96.5 95.5
internal_count=4235 204 70 134 4031 73 61 3999 1307 162 115 1145 1118 134 99 984 58 926 68 858 251 216 139 47 77 607 77 54 87 92
is_linear=0
shrinkage=0.03


Tree=252
num_leaves=31
num_cat=0
split_feature=15 11 2 7 0 17 5 1 5 3 4 2 2 10 13 13 14 4 13 10 10 6 13 14 3 7 19 19 3 19
split_gain=316.866 2111.05 444.762 1461.31 1572.32 1848.4 1680.17 1494.9 1251.62 1645.13 1062.47 974.856 635.7 673.705 608.396 563.363 1274.02 1025.88 659.279 2138.95 1496.18 1218.06 1064.14 1239.96 1026.67 1142.97 953.575 849.191 1121.79 1742.76
threshold=1425.5000000000002 27.779880069652801 43.05852493485316 3347.5000000000005 176.33824117255202 341.50000000000006 5.9391375072300017 204.95550595238103 -7.1899521531099841 4294.0000000000009 0.30902777777777779 42.33247430326481 41.428527528831907 19.314567779743353 28.500000000000004 67.500000000000014 26.500000000000004 0.34548611111111116 144.50000000000003 -2.1039273136715475 -0.90167853685890076 491.50000000000006 95.500000000000014 82.500000000000014 5165.5000000000009 6463.5000000000009 1.0000000180025095e-35 0.32500000000000012 10196.500000000002 0.41500000000000009
decision_type=8 10 8 10 8 10 10 8 10 10 10 10 10 10 8 8 10 10 8 10 8 10 10 10 8 8 8 10 8 10
left_child=1 -1 11 8 5 10 -7 -6 9 -4 -5 12 13 14 -2 16 17 -16 19 22 -21 24 -17 26 -22 -26 -24 -20 29 -29
right_child=2 -3 3 4 7 6 -8 -9 -10 -11 -12 -13 -14 -15 15 18 -18 -19 27 20 21 -23 23 -25 25 -27 -28 28 -30 -31
leaf_value=-0.12785149135488144 0.17192082461473104 0.2681873340368271 0.099761932649110499 0.092096772193908688 -0.23549618656504642 -0.13871201025124857 0.17960530322530993 0.050348750233650208 -0.30161913403149304 -0.23023513211653782 0.3747464812633603 0.161478134551469 -0.12996566187089947 0.14289596915245056 -0.090470313809134742 -0.01553321942477159 -0.21013269600836004 0.17053080723337505 0.00023317550951103502 -0.24312377272819985 -0.20142875527849002 0.21065483684125152 0.11880169668367931 0.047977818579509342 0.19466489219543884 -0.033968409883975981 0.3470692072212696 -0.26947211495467593 0.033589131060768572 0.008816313498640713
leaf_weight=23.5 18.5 25 28.5 27 36.5 42.5 23 30 29 26 21.5 34 33.5 30 33 35.5 37 23 3796.5 24.5 24.5 23 28 43.5 24.5 100 40 45.5 51 36.5
leaf_count=22 16 23 25 23 34 36 21 30 24 22 21 32 31 27 27 32 32 23 3337 21 21 21 27 39 22 89 37 40 47 33
internal_value=1.45942e-10 0.0762922 -0.00077964 -0.03862 0.00938601 0.0770116 -0.0269365 -0.106544 -0.142393 -0.0576679 0.217395 0.00144924 0.000226 0.00121398 0.000244548 -0.000482894 -0.0735293 0.0167266 0.00110693 0.040963 -0.0237864 0.00745643 0.127516 0.173061 -0.0239098 0.0110237 0.253077 -0.00237712 -0.0768883 -0.1456
internal_weight=4794.5 48.5 4746 264 180.5 114 65.5 66.5 83.5 54.5 48.5 4482 4448 4414.5 4384.5 4366 93 56 4273 343.5 196.5 172 147 111.5 149 124.5 68 3929.5 133 82
internal_count=4235 45 4190 236 165 101 57 64 71 47 44 3954 3922 3891 3864 3848 82 50 3766 309 174 153 135 103 132 111 64 3457 120 73
is_linear=0
shrinkage=0.03


Tree=253
num_leaves=31
num_cat=0
split_feature=13 2 3 12 13 18 3 7 6 4 4 14 11 0 5 14 14 10 9 10 0 0 8 8 17 4 4 15 0 5
split_gain=312.841 866.709 371.368 1251.99 1317.47 623.292 573.337 1375.23 1216.29 840.189 2532.68 1790.62 2022.65 992.192 741.366 571.65 1290.03 1717.95 1056.82 1243.17 1096.61 1980.34 824.863 745.896 1125.88 1873.48 1710.08 1027.24 1025.13 903.698
threshold=390.50000000000006 28.435871896809406 865.50000000000011 48.500000000000007 210.50000000000003 0.82500000000000007 2417.0000000000005 970.00000000000011 329.50000000000006 0.50868055555555569 0.65451388888888895 100.50000000000001 36.663274223828758 166.19991818606852 76.31587752525202 49.500000000000007 60.500000000000007 9.0835951701530515 11531.500000000002 -2.8882033524916504 175.96847587719301 208.18979933110353 158.65657894736853 136.98432017543902 548.50000000000011 0.10069444444444446 0.20486111111111119 9779.3333333333339 111.16145833333351 -12.873635218365008
decision_type=10 10 8 8 8 10 8 8 8 10 10 8 8 10 10 8 8 10 8 8 10 10 8 8 10 10 10 10 8 8
left_child=2 -2 3 -1 -5 -6 7 -4 -9 11 -11 13 -13 -10 15 18 17 -17 19 -8 22 -22 -21 24 26 -26 -18 -28 -25 -30
right_child=1 -3 6 4 5 -7 14 8 9 10 -12 12 -14 -15 -16 16 23 -19 -20 20 21 -23 -24 28 25 -27 27 -29 29 -31
leaf_value=0.26621549030629599 -0.16619133645380046 0.049097006991505619 0.16566545323683665 -0.18543484114110467 0.016611584961414336 0.20176296798388163 0.09324017691703243 -0.24451177694029727 0.040213758190338671 -0.33272688353061675 0.042914341756275717 0.024165280807849972 -0.25290233955383301 0.30247893974930046 0.16848564013838768 0.050091597312313364 -0.017022565243279032 0.34605906748190157 -0.19581826458806578 -0.068930843154915045 0.20450597706832921 -0.15184961936473848 -0.25763388931751247 0.23712401717049733 -0.04130425310134888 0.32317710846662523 -0.072159690195322035 -0.28496869778827477 -0.019644190868540874 0.017303986590525813
leaf_weight=20.5 35.5 32 26 24 60 22.5 65.5 29.5 37 30 35 64.5 37.5 20 24 127 786.5 20.5 34.5 91.5 32 25 27 17.5 30 22 50 34.5 831.5 2101.5
leaf_count=20 30 29 25 19 59 19 61 25 31 29 35 57 31 20 24 113 568 20 30 69 32 25 24 14 20 20 39 25 760 1962
internal_value=-3.88283e-11 -0.0641287 0.000915737 0.0515224 0.0101965 0.0671074 -0.000481447 -0.0421227 -0.0634343 -0.039587 -0.130459 -0.0024383 -0.0776978 0.132237 0.00221239 0.0012836 0.00414793 0.0912261 -0.0405221 -0.0182909 -0.0599164 0.0482097 -0.111926 0.000832056 -0.0227052 0.112899 -0.030801 -0.159046 0.00819517 0.00682925
internal_weight=4794.5 67.5 4727 127 106.5 82.5 4600 279.5 253.5 224 65 159 102 57 4320.5 4296.5 4021 147.5 275.5 241 175.5 57 118.5 3873.5 923 52 871 84.5 2950.5 2933
internal_count=4235 59 4176 117 97 78 4059 253 228 203 64 139 88 51 3806 3782 3541 133 241 211 150 57 93 3408 672 40 632 64 2736 2722
is_linear=0
shrinkage=0.03


Tree=254
num_leaves=31
num_cat=0
split_feature=19 8 19 9 1 18 3 12 14 18 1 0 14 17 4 8 4 1 4 4 1 5 0 12 2 3 1 2 15 4
split_gain=311.824 1188.63 829.467 1206.47 555.472 425.39 1530.43 1757.26 1968.56 1503.43 1778.21 1029 776.275 477.307 436.772 963.898 1476.65 838.172 569.559 967.154 490.551 927.738 679.799 1406.75 1282.17 2369.89 2588.91 1562.02 1374.38 1000.29
threshold=-0.42499999999999993 164.37214024637902 -0.31499999999999989 -2659.4999999999995 162.76894992727293 0.085000000000000006 1904.0000000000002 80.500000000000014 72.500000000000014 1.0000000180025095e-35 297.28186274509807 269.45300751879705 86.500000000000014 686.50000000000011 0.98784722222222243 261.78494623655905 0.88715277777777801 253.97665375112305 0.85590277777777801 0.81857638888888895 231.29656020090553 -27.619170303380994 210.99668560606102 37.500000000000007 30.350367252454554 8563.5000000000018 210.92034875084653 23.738088420195155 10491.500000000002 0.67100694444444453
decision_type=8 10 8 10 10 10 10 10 8 10 8 10 10 10 10 10 10 10 10 10 10 10 10 8 10 10 8 10 8 8
left_child=1 -1 3 -2 -5 6 -4 8 -8 10 -10 13 -12 14 15 17 -17 18 19 20 22 -22 -7 -24 27 26 -26 28 -25 -29
right_child=2 -3 5 4 -6 11 7 -9 9 -11 12 -13 -14 -15 -16 16 -18 -19 -20 -21 21 -23 23 24 25 -27 -28 29 -30 -31
leaf_value=-0.24001646876335142 0.27055433878004548 0.083139383777976042 -0.22725742499617968 0.11259920580442562 -0.10705641013383865 -0.0032133891569958084 -0.16537254599274182 -0.2304791966343627 -0.036944750297901244 -0.085404009819030763 0.43402774822711943 0.15648408620765333 0.18327233448028563 0.13455644982926387 0.12939064052441845 0.0052810204625129697 -0.32046811788581137 0.14106031735539434 -0.11551223027018399 0.16143751551481811 0.053902751049905454 -0.17613510971459057 -0.15739614478097511 -0.020473904205220085 0.085294230825760778 -0.064982194778870558 0.5194110127724707 0.016319768657907845 0.26948786518266121 -0.21871966318650679
leaf_weight=21 25 20 34 21.5 20 3968 30.5 25.5 21.5 25 20 38 25 23.5 23 30 21.5 37.5 39 33 26.5 39 26 28 25.5 24.5 24 40 31 27.5
leaf_count=20 24 20 34 20 20 3418 30 25 21 25 20 38 25 22 23 30 21 37 39 33 26 39 26 28 25 24 24 40 31 27
internal_value=1.17499e-10 -0.0823795 0.000710541 0.105919 0.00674108 -0.000782175 -0.045812 -0.00398733 0.0433532 0.112928 0.187489 0.00103181 0.294719 -0.000290446 -0.00100352 -0.00168189 -0.130711 -0.000161115 -0.0013836 -0.000346792 -0.00160005 -0.0830664 -0.000327898 0.0502223 0.0771454 0.176335 0.295775 0.0191214 0.131879 -0.079437
internal_weight=4794.5 41 4753.5 66.5 41.5 4687 181.5 147.5 122 91.5 66.5 4505.5 45 4467.5 4444 4421 51.5 4369.5 4332 4293 4260 65.5 4194.5 226.5 200.5 74 49.5 126.5 59 67.5
internal_count=4235 40 4195 64 40 4131 180 146 121 91 66 3951 45 3913 3891 3868 51 3817 3780 3741 3708 65 3643 225 199 73 49 126 59 67
is_linear=0
shrinkage=0.03


Tree=255
num_leaves=31
num_cat=0
split_feature=3 7 5 19 16 1 18 10 16 15 12 3 18 10 12 18 3 2 2 5 18 11 3 19 5 3 5 19 5 14
split_gain=303.223 353.25 961.158 1417.97 1056.65 951.297 1003.77 1659.1 2651.33 1152.14 922.368 1827.76 2417.54 2224.49 2524.3 2071.39 1743.35 2556 2240.38 1761.55 1412.99 3420.03 2831.06 1310.26 1305.35 1449.67 1145.75 1138.91 1571.71 1133.25
threshold=29445.000000000004 14185.500000000002 -32.609039333193998 0.28500000000000009 -208.49999999999997 355.13734124637443 0.115 -5.3426285349570977 202.00000000000003 15285.666666666672 86.500000000000014 5907.5000000000009 0.71500000000000008 -1.8725699517129504 92.500000000000014 0.80500000000000016 6192.0000000000009 31.401958893068354 40.535006039930906 -2.1366776315789973 0.59500000000000008 29.508353552998802 4433.0000000000009 -0.10000000000000001 7.8194363195100047 13985.000000000002 1.460689807417481 -0.010000000000000004 -4.2383488195419963 78.500000000000014
decision_type=10 8 8 10 8 8 10 8 8 10 8 10 8 8 10 10 10 8 8 10 8 8 8 10 10 10 10 8 8 10
left_child=1 5 3 -3 -4 6 7 -1 -9 -8 16 20 13 -13 24 26 17 29 27 -19 21 -12 -23 -22 25 -15 -14 28 -18 -6
right_child=-2 2 4 -5 10 -7 9 8 -10 -11 11 12 15 14 -16 -17 18 19 -20 -21 23 22 -24 -25 -26 -27 -28 -29 -30 -31
leaf_value=0.06385048308542797 -0.084973137372732155 0.25601841558580812 0.17972804994810193 -0.039001572833341706 -0.14976690083742142 0.1834821879118681 0.00024699014290607374 -0.018136204673397924 -0.36106350203355153 -0.11014682417597088 0.060342543625225446 -0.037593475784416554 -0.2262672250665286 0.37931176627305013 0.049327765611969693 0.063603958564984436 0.24729157125248624 0.43296577587723728 -0.33791929799577458 0.056730207715715679 0.14200616669038246 -0.048936741147190328 -0.43934949588775635 -0.035502227297608886 0.53318838500976562 0.073846134394407278 0.012476795287359328 -0.06728386391254397 -0.010462940204834436 0.064513529688119881
leaf_weight=42 37.5 34.5 31.5 25.5 36 24 3084 46.5 36 87.5 59 40.5 42.5 33.5 49 182 25.5 24 23 21 58 32 35 105.5 20 24 31.5 316.5 129 58
leaf_count=42 28 34 28 24 32 24 2720 46 35 70 59 40 35 33 48 143 22 23 19 20 54 30 33 91 20 23 29 267 110 53
internal_value=-1.88634e-10 0.000669853 0.013096 0.130635 0.00797448 -0.00470857 -0.00607889 -0.0896377 -0.167777 -0.00279872 0.00395349 0.0273656 0.0671161 0.155913 0.217866 0.00918978 -0.022399 0.0714582 -0.0488082 0.257389 -0.0307155 -0.106214 -0.252884 0.0274671 0.324426 0.251813 -0.12464 -0.0346903 0.0320791 -0.0175513
internal_weight=4794.5 4757 1437 60 1377 3320 3296 124.5 82.5 3171.5 1345.5 712.5 423 167 126.5 256 633 139 494 45 289.5 126 67 163.5 77.5 57.5 74 471 154.5 94
internal_count=4235 4207 1270 58 1212 2937 2913 123 81 2790 1184 638 371 164 124 207 546 128 418 43 267 122 63 145 76 56 64 399 132 85
is_linear=0
shrinkage=0.03


Tree=256
num_leaves=31
num_cat=0
split_feature=15 11 2 7 12 0 15 10 3 6 2 14 2 10 13 8 8 7 12 6 16 16 13 8 13 16 11 12 11 12
split_gain=298.234 1984.6 414.167 1428.89 1374.44 1668.46 1214.9 1209.31 1782.49 1176.8 924.333 892.359 596.75 619.233 566.935 540.621 683.917 1308.74 638.704 1074.45 478.906 636.454 1073.51 2809.02 1224.51 1452.77 1556.94 1005.43 1228.86 1125.77
threshold=1425.5000000000002 27.779880069652801 43.05852493485316 11722.000000000002 61.500000000000007 153.16466249799603 11788.166666666672 2.7715436778786011 4433.0000000000009 287.50000000000006 42.33247430326481 74.500000000000014 41.428527528831907 19.314567779743353 28.500000000000004 350.95188025729857 300.12099479467906 9955.5000000000018 14.500000000000002 434.50000000000006 -377.49999999999994 -126.49999999999999 160.50000000000003 184.47059811827953 173.50000000000003 -187.99999999999997 24.345755740954154 23.500000000000004 30.391537365130553 27.500000000000004
decision_type=8 10 8 10 8 8 10 10 10 10 10 10 10 10 8 10 10 10 8 8 8 8 10 10 10 10 10 8 10 8
left_child=1 -1 10 4 5 -4 -5 8 -6 -9 12 -7 13 14 -2 16 18 -18 19 -16 -20 22 -22 24 -24 -26 -27 28 -23 -29
right_child=2 -3 3 6 7 11 -8 9 -10 -11 -12 -13 -14 -15 15 -17 17 -19 20 -21 21 27 23 -25 25 26 -28 29 -30 -31
leaf_value=-0.12392004885572068 0.16595454882125596 0.26007437002658845 0.22901509537988779 0.26937087480994787 -0.06985652517378331 -0.19156212793456184 -0.012147020391515783 0.051366866737604135 -0.42634120001512416 -0.1859356427192688 0.15722137065494762 0.051233559836040846 -0.12593678980398534 0.13699412745237352 0.025402103006344986 -0.1368614559448682 0.28828281589916771 -0.046646352718983375 0.12651716556813983 -0.22344263032811584 0.012332228114514537 0.025398549299973705 -0.19454019668556394 -0.33256633075779035 0.16967902227430728 0.11557229773356363 -0.18263149343803525 -0.13768072958158042 0.26563083636133289 0.0028779465685038557
leaf_weight=23.5 18.5 25 24.5 22 25 27 37 40 25.5 35.5 34 27.5 33.5 30 32 26 21 21 27 30.5 178 58.5 31.5 35 37 26 40 52 28.5 3722
leaf_count=22 16 23 22 21 21 24 33 37 21 30 32 27 31 27 29 26 21 21 24 27 156 53 24 33 32 22 33 45 27 3275
internal_value=-3.1372e-11 0.0740152 -0.000756371 -0.037272 -0.0747148 0.0233875 0.0928258 -0.136223 -0.249864 -0.0602125 0.00139448 -0.0690505 0.000203362 0.00116059 0.000231181 -0.000471037 0.000346049 0.120818 -0.000831204 -0.0960341 0.000573632 -0.00023437 -0.0391222 -0.0931569 -0.030857 0.0192014 -0.0651573 0.00326563 0.104095 0.000941261
internal_weight=4794.5 48.5 4746 264 205 79 59 126 50.5 75.5 4482 54.5 4448 4414.5 4384.5 4366 4340 42 4298 62.5 4235.5 4208.5 347.5 169.5 134.5 103 66 3861 87 3774
internal_count=4235 45 4190 236 182 73 54 109 42 67 3954 51 3922 3891 3864 3848 3822 42 3780 56 3724 3700 300 144 111 87 55 3400 80 3320
is_linear=0
shrinkage=0.03


Tree=257
num_leaves=31
num_cat=0
split_feature=0 0 8 8 5 17 0 3 18 19 5 19 15 17 5 5 17 5 14 0 10 10 10 7 10 19 19 12 5 9
split_gain=314.696 881.713 569.531 920.492 914.306 712.601 475.115 1892.28 637.54 463.491 463.758 610.494 1129.35 585.707 545.25 1664.68 1604.49 1092.77 760.596 1408.22 592.057 693.809 1273.46 2110.34 776.782 1165.41 860.484 949.059 801.239 1365.13
threshold=369.85918811163452 329.50443722943709 293.23821271929859 280.60043859649153 -41.255652045300998 485.50000000000006 280.23157894736852 8703.0000000000018 0.015000000000000001 0.48500000000000004 -68.908889766147496 0.35500000000000015 7312.5000000000009 686.50000000000011 -36.811925063350991 -34.242105263158486 355.50000000000006 -32.609039333193998 172.50000000000003 165.17936132466005 -20.042325761884999 -18.447211886895897 -15.733941055166499 9710.5000000000018 -11.110521696629947 0.039999999999999959 -0.019999999999999993 68.500000000000014 -18.335934727971487 -18432.999999999996
decision_type=8 10 10 10 10 8 10 10 10 10 8 10 8 10 8 8 8 8 8 10 8 8 8 8 8 10 10 8 8 10
left_child=1 2 3 6 5 -4 8 -8 -1 10 -10 13 -13 14 16 -16 -12 -17 19 -18 -19 -22 23 -23 25 26 27 -24 29 -26
right_child=-2 -3 4 -5 -6 -7 7 -9 9 -11 11 12 -14 -15 15 17 18 20 -20 -21 21 22 24 -25 28 -27 -28 -29 -30 -31
leaf_value=0.15230558391809465 0.090279526044007213 -0.15759851074777542 0.13034089122499737 -0.16784099642503059 0.25170810461044307 -0.11987319193035365 -0.27870987612754106 0.11123617779463529 0.12985447328917835 0.12921308555603025 -0.1331503737826239 0.020807310156075353 -0.21056361208217483 0.1531012644370397 -0.19714904693456797 0.16790040912835494 0.37162216007709503 0.12794998532249813 0.029992598178418903 0.039331491826610131 -0.14516171471017306 0.00059387809793714065 -0.21520037250785992 0.38289085341662893 -0.22899818962812424 0.010588418403267861 -0.28487639805849863 0.0063606170950264761 0.0036999790238462765 -0.024902613174409654
leaf_weight=25 34.5 32 21 29.5 21 20 24 21 24.5 25 27.5 41.5 35 22.5 39 34.5 24 31.5 37 22 30.5 35.5 29 20.5 32.5 100 25.5 43.5 3566.5 319
leaf_count=25 33 32 21 29 21 20 24 21 23 24 25 38 31 21 35 31 23 30 33 22 28 33 28 20 29 81 22 43 3108 281
internal_value=1.63069e-10 -0.000654337 0.000407891 -0.000792339 0.0907349 0.00828524 0.000270517 -0.0967351 0.00122124 0.000394107 -0.000315014 -0.00102105 -0.0850487 0.000426563 -0.000350979 -0.00203899 0.0654508 -0.000256326 0.131252 0.212701 -0.00162652 -0.00259777 -0.00155553 0.140542 -0.00348883 -0.0614628 -0.134984 -0.0822638 -0.000559061 -0.0437735
internal_weight=4794.5 4760 4728 4666 62 41 4636.5 45 4591.5 4566.5 4541.5 4517 76.5 4440.5 4418 4307.5 110.5 4268.5 83 46 4234 4202.5 4172 56 4116 198 98 72.5 3918 351.5
internal_count=4235 4202 4170 4108 62 41 4079 45 4034 4009 3985 3962 69 3893 3872 3769 103 3734 78 45 3703 3673 3645 53 3592 174 93 71 3418 310
is_linear=0
shrinkage=0.03


Tree=258
num_leaves=31
num_cat=0
split_feature=13 2 3 12 13 15 5 3 7 6 17 4 4 18 11 10 5 3 5 18 0 5 6 4 11 0 13 3 14 10
split_gain=304.525 787.476 353.684 1198.85 1235.48 598.019 886.623 552.222 1286.01 1125.84 804.107 1055.83 2261.93 1879.96 1078.14 711.816 702.769 546.385 1576.61 2191.35 1935.87 1722.55 1677.02 1752.02 1612.17 995.735 840.525 768.238 2225.46 1793.68
threshold=390.50000000000006 28.435871896809406 865.50000000000011 48.500000000000007 210.50000000000003 3423.2500000000005 -6.7288377192979985 2417.0000000000005 970.00000000000011 329.50000000000006 504.50000000000006 0.50173611111111127 0.65017361111111127 0.32500000000000007 33.592469949077561 5.3371551589163522 76.31587752525202 3895.0000000000005 9.4001826763055067 0.57500000000000007 148.67207792207802 -4.6422891907185138 589.50000000000011 0.24131944444444448 26.091502678901804 142.55820205051251 266.50000000000006 4148.5000000000009 86.500000000000014 3.2843424643292516
decision_type=10 10 8 8 8 10 8 8 8 8 10 8 8 8 10 10 10 8 8 10 10 10 8 10 10 10 8 8 8 8
left_child=2 -2 3 -1 -5 -6 -7 8 -4 -10 11 14 -13 -14 15 -11 17 18 19 24 25 -22 -20 -24 -9 26 -21 28 -19 -30
right_child=1 -3 7 4 5 6 -8 16 9 10 -12 12 13 -15 -16 -17 -18 27 22 20 21 -23 23 -25 -26 -27 -28 -29 29 -31
leaf_value=0.26037822175680136 -0.16055621770066275 0.04465567197650671 0.1596070829148476 -0.1795949524641037 -0.054103674647899773 0.2658424646457036 0.023078433783615338 0.010984545097402904 -0.23615018550117137 0.0052151731415228404 0.11959332715062533 -0.34939859199523926 0.17985862503881039 -0.18618894542966571 -0.12841008245944976 0.20551632261276243 0.16407091014087199 -0.3384966738680576 -0.0081795066335926883 0.13507893201196566 0.3346890145378007 0.023259601376273413 0.11712336549232172 0.44627944285219362 -0.32408187316635911 -0.19303403897417915 -0.071780878098657991 7.302317995074226e-06 -0.16712102681398391 0.1977805836833253
leaf_weight=20.5 35.5 32 26 24 26 22.5 34 23 29.5 55 25.5 30 23 28 40 22.5 24 23.5 46 32 31 33 43 22 29.5 27 39.5 3898.5 24 24.5
leaf_count=20 30 29 25 19 25 22 31 23 25 48 23 29 23 26 34 20 24 20 43 26 31 32 41 22 28 22 30 3420 21 23
internal_value=-3.25612e-11 -0.0632706 0.000903483 0.0502906 0.00985115 0.0649627 0.119754 -0.00046003 -0.0413273 -0.0619359 -0.0389925 -0.059365 -0.142698 -0.0211087 -0.00191874 0.0633671 0.00218374 0.00127944 0.0386154 -0.00878876 0.0456504 0.174108 0.130434 0.22853 -0.177291 -0.0378146 0.0207997 -0.00178604 -0.0988882 0.0172107
internal_weight=4794.5 67.5 4727 127 106.5 82.5 56.5 4600 279.5 253.5 224 198.5 81 51 117.5 77.5 4320.5 4296.5 326 215 162.5 64 111 65 52.5 98.5 71.5 3970.5 72 48.5
internal_count=4235 59 4176 117 97 78 53 4059 253 228 203 180 78 49 102 68 3806 3782 298 192 141 63 106 63 51 78 56 3484 64 44
is_linear=0
shrinkage=0.03


Tree=259
num_leaves=31
num_cat=0
split_feature=0 2 10 8 1 5 3 7 10 19 0 0 7 13 10 10 5 5 19 18 2 3 11 15 19 6 11 1 4 9
split_gain=295.605 821.037 424.442 1481.75 1861.43 1841.29 1495.32 812.177 497.883 1122.57 1803.18 1172.15 1439.64 775.613 531.075 485.366 567.037 1624.33 1615.57 1386.96 1645.95 1581.64 659.043 2436.76 1541.8 1806.48 973.752 2063.68 1890.06 1163.12
threshold=107.16198150924551 28.038784472619053 -15.733941055166499 149.02014170040505 217.66594982078854 -1.1820671006184964 8493.5000000000018 6658.5000000000009 -11.110521696629947 0.029999999999999947 156.25304878048803 218.92526595744704 5551.0000000000009 403.50000000000006 -13.288991614001599 -10.619604199576397 43.055420853680012 36.079966044142516 -0.22999999999999993 0.17500000000000002 38.833341514506209 4148.5000000000009 39.848331793238906 15285.666666666672 -0.11000000000000001 382.50000000000006 37.285090240804358 197.27742939796804 0.40451388888888895 46.500000000000007
decision_type=10 8 8 10 10 10 8 8 8 10 10 10 10 8 8 8 10 10 10 10 10 10 10 8 10 8 10 10 10 10
left_child=1 -1 3 -2 5 6 -5 -7 9 11 13 12 -4 14 -11 -10 17 22 -19 -18 21 -21 26 24 -24 -26 -17 28 29 -28
right_child=2 -3 8 4 -6 7 -8 -9 15 10 -12 -13 -14 -15 -16 16 19 18 -20 20 -22 -23 23 -25 25 -27 27 -29 -30 -31
leaf_value=0.019422047363745198 0.23175742764025925 -0.16376875348287087 -0.35014222780140963 0.24429568788279654 0.24375244625236675 -0.32597587410608925 -0.080870743205672807 -0.066563709463391976 0.10985895366282077 0.13058447808027268 0.24321747530909144 0.045059663206338876 -0.079903544783592226 -0.16259987615403676 -0.051102881415249546 0.00037724595174969155 -0.23848793398894247 -0.022207150750043918 0.33247045563077027 -0.062419137788373366 -0.19028471598211599 0.30363091000488823 0.28034339684706472 -0.20754786091191427 0.22666112017173032 -0.011839556886213963 0.074111532205715772 -0.3559261247089931 0.20053222629488732 -0.17550816167145966
leaf_weight=55.5 32 36.5 27.5 23 23 22.5 28.5 21 37 24 25.5 30 50 31.5 36.5 3814 30.5 20.5 26.5 21.5 24.5 21 32.5 28 39 107 24 21 24.5 56
leaf_count=39 29 29 26 22 23 20 26 20 32 20 25 30 47 24 28 3359 30 20 26 21 22 21 31 23 37 95 21 20 24 45
internal_value=1.7734e-10 -0.0532569 0.00104192 0.0506949 0.00159319 -0.0570348 0.0643492 -0.200742 -0.00059409 -0.0441039 0.0199908 -0.114161 -0.175795 -0.0418818 0.0209714 0.00166812 0.000735112 0.00239819 0.177771 -0.0707858 0.00555615 0.118453 0.00041013 0.0526526 0.0934684 0.0518695 -0.00232831 -0.0845513 -0.0300167 -0.100622
internal_weight=4794.5 92 4702.5 150 118 95 51.5 43.5 4552.5 225 117.5 107.5 77.5 92 60.5 4327.5 4290.5 4193 47 97.5 67 42.5 4146 206.5 178.5 146 3939.5 125.5 104.5 80
internal_count=4235 68 4167 140 111 88 48 40 4027 200 97 103 73 72 48 3827 3795 3701 46 94 64 42 3655 186 163 132 3469 110 90 66
is_linear=0
shrinkage=0.03


Tree=260
num_leaves=31
num_cat=0
split_feature=0 0 8 12 8 0 3 18 19 5 19 15 17 10 6 3 10 15 5 10 12 8 7 8 17 13 18 13 11 9
split_gain=309.049 831.511 527.906 893.276 856.534 447.847 1802.35 591.194 426.812 433.683 567.084 1055.22 554.199 521.636 2502.83 916.993 668.629 638.618 616.668 1121.11 678.752 1220.18 1511.57 1803.5 994.815 835.33 1810.88 1105.5 1611.94 1177.58
threshold=369.85918811163452 329.50443722943709 293.23821271929859 38.500000000000007 280.60043859649153 280.23157894736852 8703.0000000000018 0.015000000000000001 0.48500000000000004 -68.908889766147496 0.35500000000000015 7312.5000000000009 686.50000000000011 18.321740567839353 406.50000000000006 7816.0000000000009 17.241865415255628 1425.5000000000002 43.055420853680012 0.17782111447790075 96.500000000000014 176.60357142857154 7036.0000000000009 197.78335913312702 499.50000000000006 215.50000000000003 0.60500000000000009 257.50000000000006 25.238161022133202 812.00000000000011
decision_type=8 10 10 10 10 10 10 10 10 8 10 8 10 10 8 10 10 8 10 8 10 10 8 10 10 10 10 10 10 8
left_child=1 2 4 -4 5 7 -7 -1 9 -9 12 -12 13 16 -15 -16 17 -11 20 -20 -19 25 24 -24 -23 -22 -27 28 -28 -30
right_child=-2 -3 3 -5 -6 6 -8 8 -10 10 11 -13 -14 14 15 -17 -18 18 19 -21 21 22 23 -25 -26 26 27 -29 29 -31
leaf_value=0.14666510889530182 0.089465788278890693 -0.15305920299142597 0.18411959345142048 -0.04664652537841063 -0.16191317584270895 -0.27152616068720814 0.10904150309307234 0.12557681453471281 0.12399610061645507 0.11793216236480851 0.020353689107550196 -0.20329443647975234 0.14892265959580739 -0.2828170853178017 -0.057378855755454615 0.19881903755664823 0.1422197663784027 -0.0038596068883309459 0.022245813095116918 -0.21182775958724642 -0.051450542959706864 0.41403404814004896 0.1866319019187774 -0.16211246637737051 0.13016786459684371 0.25082825876657777 -0.031908931247497857 -0.047383766748905182 0.37899134965830072 0.070165558094563693
leaf_weight=25 34.5 32 36 26 29.5 24 21 24.5 25 41 41.5 35 22.5 32 28.5 22.5 30 3710.5 39.5 34.5 131.5 20 28 25.5 25 32.5 47.5 125 21.5 23
leaf_count=25 33 32 36 26 29 24 21 23 24 38 38 31 21 27 26 20 28 3241 38 33 113 20 28 25 25 32 40 98 20 20
internal_value=-2.22472e-10 -0.000648439 0.000383106 0.0873467 -0.000772433 0.000252834 -0.0939279 0.00117587 0.00037937 -0.000301114 -0.00098387 -0.081969 0.000411325 -0.000345014 -0.0748436 0.0556496 0.00108137 9.78283e-05 -0.00103519 -0.0868831 0.000480974 0.0340696 0.12819 0.020408 0.256331 0.00973661 0.0419856 0.0107073 0.0896353 0.219374
internal_weight=4794.5 4760 4728 62 4666 4636.5 45 4591.5 4566.5 4541.5 4517 76.5 4440.5 4418 83 51 4335 4305 4264 74 4190 479.5 98.5 53.5 45 381 249.5 217 92 44.5
internal_count=4235 4202 4170 62 4108 4079 45 4034 4009 3985 3962 69 3893 3872 73 46 3799 3771 3733 71 3662 421 98 53 45 323 210 178 80 40
is_linear=0
shrinkage=0.03


Tree=261
num_leaves=31
num_cat=0
split_feature=7 3 11 16 8 15 6 18 16 0 14 19 5 18 16 9 19 5 5 5 10 16 5 10 3 10 17 15 7 16
split_gain=297.379 931.732 1708.52 759.288 818.18 1824.91 1985.91 1288.36 1254.76 1182.19 796.828 1816.61 907.144 899.883 1205.44 1108.57 858.879 2188.6 1019.59 987.625 1451.79 1428.12 1031.07 801.21 2136.15 1500.64 2611.24 1154.98 1539.38 2859
threshold=11115.500000000002 22480.000000000004 22.092397714470753 295.00000000000006 293.23821271929859 5425.666666666667 438.50000000000006 0.095000000000000015 -6.4999999999999991 257.34256120527351 161.50000000000003 -0.089999999999999969 4.3628518740034972 0.21500000000000002 241.50000000000003 731.00000000000011 0.32500000000000012 -34.912849388899495 -52.025773524720982 -36.811925063350991 3.3841072826476517 -142.49999999999997 -33.532098030982006 -11.110521696629947 5907.5000000000009 -15.047798082356799 371.50000000000006 3084.7500000000005 3162.0000000000005 -193.49999999999997
decision_type=8 8 10 10 8 10 8 10 10 10 10 8 10 10 10 10 10 10 10 10 10 10 10 10 10 10 10 10 10 10
left_child=1 3 -3 4 7 -6 -7 8 -1 10 13 -12 -13 15 16 -9 19 18 -18 20 21 -15 -21 24 -24 26 -26 28 29 -25
right_child=-2 2 -4 -5 5 6 -8 9 -10 -11 11 12 -14 14 -16 -17 17 -19 -20 22 -22 -23 23 27 25 -27 -28 -29 -30 -31
leaf_value=-0.26570388848964988 0.008608159554459368 0.09310973834183256 -0.18027122692150227 -0.11445338113440408 -0.12513542524792931 0.013420830219984053 0.40139970926528279 0.035740062662146306 0.036308268338441849 0.21361279723436935 0.33606639397144317 0.084850817678143856 -0.13131412116920246 0.051057743810945085 0.17680497976866635 -0.24179185177598678 -0.098960368834111995 0.13628907216919792 -0.3401717285811901 -0.18028380918502807 -0.0924763118326664 0.37467595704396561 -0.21310169167945098 0.10669549053895376 0.40061278894543645 -0.0808109726858139 -0.065767250517581366 -0.0047430569747470954 0.24341494734470659 -0.23908486021948713
leaf_weight=32.5 2060 29.5 68 54 22 24 23.5 22 20 23 20 55.5 25.5 27 33 31.5 46 27 24 30 22.5 22.5 58 93 20 62.5 23.5 1727.5 39 28
leaf_count=32 1805 26 59 46 21 24 23 22 20 23 20 49 20 25 30 31 43 25 20 25 21 22 51 88 20 55 21 1508 36 24
internal_value=-2.24056e-10 -0.00648485 -0.097556 -0.0031176 -0.00079002 0.100748 0.205368 -0.00359763 -0.150652 -0.000460554 -0.00248011 0.0800202 0.0167989 -0.0060456 -0.00319614 -0.127667 -0.00583557 -0.0931597 -0.181661 -0.00190224 0.107334 0.198157 -0.00568077 -0.00312747 -0.0667308 0.0133589 0.14866 0.00239886 0.0795093 0.0266802
internal_weight=4794.5 2734.5 97.5 2637 2583 69.5 47.5 2513.5 52.5 2461 2438 101 81 2337 2283.5 53.5 2250.5 97 70 2153.5 72 49.5 2081.5 2051.5 164 106 43.5 1887.5 160 121
internal_count=4235 2430 85 2345 2299 68 47 2231 52 2179 2156 89 69 2067 2014 53 1984 88 63 1896 68 47 1828 1803 147 96 41 1656 148 112
is_linear=0
shrinkage=0.03


Tree=262
num_leaves=31
num_cat=0
split_feature=1 8 4 13 5 4 18 18 14 3 4 14 11 3 19 4 7 1 9 0 16 14 7 0 0 5 0 0 5 8
split_gain=294.337 1393.65 1096.94 1033.19 1014.73 921.502 728.935 2793.66 1825.96 1167.56 1524.65 1338.11 1311.37 1158.13 1126.81 886.992 879.904 868.107 754.459 1487.91 951.708 825.624 1468.44 740.931 708.832 671.984 661.242 826.528 768.577 849.29
threshold=139.7003119194022 108.09375000000001 0.10069444444444446 251.50000000000003 76.31587752525202 0.074652777777777804 0.82500000000000007 0.81500000000000006 114.50000000000001 16059.000000000002 0.39409722222222232 110.50000000000001 34.793903733934904 754.50000000000011 0.22000000000000008 0.17534722222222224 14010.000000000002 159.08615245488753 -1163.4999999999998 144.26610073571001 -174.49999999999997 100.50000000000001 4596.5000000000009 133.57924641148304 135.62452651515153 -5.6727568293084962 369.85918811163452 329.50443722943709 66.201571780662036 127.60526315789501
decision_type=8 8 8 8 8 10 10 10 8 10 10 10 10 10 10 8 10 10 8 10 10 8 10 10 10 10 8 10 10 8
left_child=4 -2 3 -3 -1 -5 7 26 -9 10 11 12 13 -8 16 -13 18 23 20 21 -15 24 -23 -11 -20 -18 27 28 29 -4
right_child=1 2 6 5 -6 -7 9 8 -10 17 -12 15 -14 14 -16 -17 25 -19 19 -21 -22 22 -24 -25 -26 -27 -28 -29 -30 -31
leaf_value=-0.010778376739373425 -0.55551376819610598 -0.19512624126799563 0.23193698006868363 0.12287838922606574 -0.33058983524640401 -0.11187563717365265 0.21317157177857948 -0.028626369675811458 -0.38476493421467867 -0.12386036526589167 0.24165165503819783 0.062371887476057611 0.22931623920618768 -0.17669884658995128 -0.13931276084915284 -0.086918232999373179 0.29735604592732018 -0.20051021827591789 -0.15834454428623704 0.21107180504963313 0.07406138927675783 0.25698567777872083 -0.038404015600681303 0.056606782036714064 0.026413258813231824 0.061392689585685729 0.14163236135528201 -0.14818058196455239 -0.14844194745195322 0.005569823716200014
leaf_weight=1132 3.9999999999999991 47 14.999999999999998 27 8.9999999999999982 34 35.5 24.5 27.5 31.5 36 55.5 41.5 31.5 31 101 21 27 34 43.5 24 27 34.5 58.5 41.5 22.5 31.5 32 29 2685
leaf_count=825 3 35 13 25 7 25 33 21 20 22 34 48 36 24 24 81 20 21 23 42 22 23 27 51 34 20 31 32 28 2585
internal_value=3.80678e-10 0.00415394 0.00476736 -0.0894166 -0.013301 -0.00796812 0.00763955 0.000902258 -0.216969 0.0351349 0.0525739 0.0400614 0.0699626 0.0508494 0.0322909 -0.0339751 0.0513238 -0.0513152 0.0284712 0.0582146 -0.068262 0.00967964 0.0912793 -0.00655672 -0.0567889 0.175306 0.0049593 0.00340001 0.00517743 0.00682742
internal_weight=4794.5 3653.5 3649.5 108 1141 61 3541.5 2844.5 52 697 580 544 387.5 346 310.5 156.5 279.5 117 236 180.5 55.5 137 61.5 90 75.5 43.5 2792.5 2761 2729 2700
internal_count=4235 3403 3400 85 832 50 3315 2730 41 585 491 457 328 292 259 129 235 94 195 149 46 107 50 73 57 40 2689 2658 2626 2598
is_linear=0
shrinkage=0.03


Tree=263
num_leaves=31
num_cat=0
split_feature=13 17 9 17 13 19 10 15 1 5 15 14 9 13 0 17 14 19 0 8 13 7 14 4 12 5 5 8 5 3
split_gain=288.47 979.613 1070.93 779.031 754.879 1093.36 726.725 685.026 908.162 862.929 855.829 684.567 761.019 669.779 608.652 496.151 1065.45 1759.42 1059.94 1714.69 1204.84 2766.16 1322.99 1691.62 1963.88 1549.56 1870.47 1705.17 1786.13 829.345
threshold=95.500000000000014 205.50000000000003 1051.0000000000002 221.50000000000003 132.50000000000003 0.049999999999999968 -2.2739113601316023 6888.8333333333348 168.32695531257204 -2.6132317887110044 3989.3333333333339 48.500000000000007 1880.0000000000002 61.500000000000007 369.85918811163452 371.50000000000006 78.500000000000014 -0.11000000000000001 142.55820205051251 139.91009963768153 223.50000000000003 7269.0000000000009 92.500000000000014 0.30902777777777779 71.500000000000014 29.060978203083497 -0.96862093241550429 244.39758771929803 -27.619170303380994 10740.500000000002
decision_type=8 8 8 8 8 10 10 8 10 10 10 8 8 10 8 8 8 10 10 8 10 10 10 8 10 10 10 10 8 10
left_child=7 2 -2 -3 5 6 -5 10 -9 -10 -1 12 -6 -12 15 18 17 -17 -13 -20 22 -22 25 -24 -25 26 27 28 -21 -30
right_child=1 3 -4 4 11 -7 -8 8 9 -11 13 14 -14 -15 -16 16 -18 -19 19 20 21 -23 23 24 -26 -27 -28 -29 29 -31
leaf_value=-0.090329813443697407 -0.00089282731620632871 -0.13508884791480866 0.2841442704459895 0.12670813745260237 -0.00067682685123549567 0.20892121318139525 -0.063081948556329898 -0.019348561450571358 -0.060879145670444404 -0.32388288883275762 0.015218097516113803 -0.026932609207928181 -0.23285244470462202 0.22952566258112589 0.13307512697673612 -0.26659513990643996 -0.0013585357143599684 -0.027999458671311924 0.2539091705224093 0.23493603221394799 0.38761495869893292 -0.04792657600258881 -0.092410281000828209 0.3678204769268632 -0.0082822130075315154 -0.23633985631606158 0.10912798761465903 -0.3007445688303127 0.0010395012997974785 -0.14814643927746349
leaf_weight=32.5 24.5 38 23 30 27 38 46 83.5 23.5 21.5 31.5 257.5 24 22.5 31 35.5 3399.5 128.5 34 22 26 26.5 22 32 20.5 25.5 104.5 21.5 88.5 54
leaf_count=29 22 34 22 27 24 36 39 70 22 20 28 190 20 22 30 32 2999 107 31 21 26 26 20 32 20 25 103 21 86 51
internal_value=2.41154e-11 0.00159445 0.137125 0.000173946 0.00131769 0.0775305 0.0118352 -0.0339617 -0.0778969 -0.186536 0.0313061 -0.000665931 -0.109936 0.104513 0.00062138 -0.000333964 -0.00496153 -0.0796467 0.0221171 0.0485957 0.0328381 0.16777 0.0146974 0.128422 0.220961 -0.0121143 0.00756815 -0.049491 -0.0166524 -0.0554941
internal_weight=4794.5 4579.5 47.5 4532 4494 114 76 215 128.5 45 86.5 4380 51 54 4329 4298 3563.5 164 734.5 477 443 52.5 390.5 74.5 52.5 316 290.5 186 164.5 142.5
internal_count=4235 4044 44 4000 3966 102 66 191 112 42 79 3864 44 50 3820 3790 3138 139 652 462 431 52 379 72 52 307 282 179 158 137
is_linear=0
shrinkage=0.03


Tree=264
num_leaves=31
num_cat=0
split_feature=6 2 6 3 10 2 9 15 15 1 15 11 8 6 4 6 10 3 6 3 4 3 10 5 16 15 2 2 1 8
split_gain=291.659 437.888 352.108 1534.37 1603.14 1198.97 837.537 737.946 1709.89 1546.41 1514.19 1101.43 905.948 571.503 1002.87 507.153 461.943 1778 1706.06 1529.91 883.057 590.541 1677.17 1673.03 3259.13 1245.23 1133.11 3957.15 1132.51 2314.25
threshold=95.000000000000014 29.462917145259805 268.50000000000006 4664.5000000000009 -3.3800863204016518 40.535006039930906 -1471.9999999999998 7811.166666666667 12845.666666666666 173.30766841805175 6750.0000000000009 33.463349091699307 182.08211891576801 241.50000000000003 0.23784722222222224 276.50000000000006 -15.733941055166499 5533.5000000000009 377.50000000000006 10520.500000000002 0.45659722222222232 4617.0000000000009 18.321740567839353 27.335596816599523 115.50000000000001 6439.8333333333339 40.141422996556457 43.05852493485316 201.19699911707951 159.55784574468103
decision_type=8 10 8 8 10 10 10 10 10 10 8 8 10 10 10 8 8 10 10 10 10 8 10 10 8 8 8 10 10 10
left_child=1 -1 3 4 -2 7 -6 10 9 -9 11 12 -5 14 -10 -4 17 20 -19 -20 -17 22 23 26 -25 -26 28 -28 29 -18
right_child=2 -3 15 5 6 -7 -8 8 13 -11 -12 -13 -14 -15 -16 16 21 18 19 -21 -22 -23 -24 24 25 -27 27 -29 -30 -31
leaf_value=0.0027203660661523992 -0.28803141442537306 -0.16672753161572396 -0.12348343169102903 0.021392986860714457 0.12932191858291625 0.25235653382427287 -0.11274412639860837 0.069599529528724294 0.034672556136335644 0.32379958425355809 -0.2304371730983257 -0.1379116810162862 0.26691900219236098 0.097642134110132853 -0.23599585801362991 -0.16027173861458494 -0.025215455652635485 0.30248660537174771 0.20354647849287305 -0.15444040222601457 0.08714960610866547 -0.0080989209992234166 -0.21954521873418023 -0.11467720498429967 0.17721876204013823 0.49773685848712917 0.35748931524654226 -0.051678007869766306 -0.079789120111437073 0.10629960138755648
leaf_weight=33 25 23.5 30.5 38 25 26.5 26.5 56 28 35 24 22.5 21 22.5 22 37 348.5 35 21 22 20 3361 25.5 23.5 24 20 36 52 126 184
leaf_count=28 20 20 26 32 23 26 23 48 23 35 22 21 21 19 20 31 292 34 20 20 20 2935 23 22 24 20 36 45 125 181
internal_value=4.46056e-10 -0.067758 0.000808005 0.0288257 -0.090921 0.0598261 0.00476366 0.0408593 0.0807733 0.167369 -0.0209978 0.0406775 0.108784 -0.027919 -0.0844215 -0.00157921 -0.000721619 0.0539019 0.146972 0.0203904 -0.0734572 -0.00247717 0.0200299 0.0275351 0.170564 0.322909 0.0146021 0.115709 0.00109053 0.0202282
internal_weight=4794.5 56.5 4738 372 76.5 295.5 51.5 269 163.5 91 105.5 81.5 59 72.5 50 4366 4335.5 135 78 43 57 4200.5 839.5 814 67.5 44 746.5 88 658.5 532.5
internal_count=4235 48 4187 333 66 267 46 241 145 83 96 74 53 62 43 3854 3828 125 74 40 51 3703 768 745 66 44 679 81 598 473
is_linear=0
shrinkage=0.03


Tree=265
num_leaves=31
num_cat=0
split_feature=13 2 6 5 8 0 0 8 4 4 2 7 11 3 10 6 6 8 10 6 4 6 11 7 2 1 12 17 10 12
split_gain=290.615 715.223 341.588 640.022 623.381 1013.52 980.662 902.107 900.659 372.993 1876.24 1069.86 1184.39 1779.52 506.374 437.557 1646.29 1658.96 1015.06 1006.74 1150.47 1043.55 1675.94 872.951 1202.58 865.603 773.816 1175.72 1556.38 1378.82
threshold=390.50000000000006 28.435871896809406 682.50000000000011 -82.299793377580997 333.52643948296105 369.85918811163452 329.50443722943709 293.23821271929859 0.97048611111111127 0.81423611111111127 33.284656508832207 496.00000000000006 21.856302316398352 8018.0000000000009 -0.97480293820500286 500.50000000000006 519.50000000000011 179.41666666666654 -11.443714709230846 485.50000000000006 0.3376736111111111 478.50000000000006 25.313472356744253 8060.5000000000009 29.848503712368505 242.02487511389268 65.500000000000014 317.50000000000006 7.2973774473031012 31.500000000000004
decision_type=10 10 10 8 10 8 10 10 10 10 10 10 10 10 10 10 10 10 10 10 10 10 10 10 10 10 10 10 10 10
left_child=2 -2 3 -1 5 6 7 8 9 15 11 -11 -13 -14 -15 19 17 23 -18 21 -21 25 -23 -17 -25 -5 27 28 29 -20
right_child=1 -3 -4 4 -6 -7 -8 -9 -10 10 -12 12 13 14 -16 16 18 -19 26 20 -22 22 -24 24 -26 -27 -28 -29 -30 -31
leaf_value=0.13845595919084352 -0.15452391290328871 0.041047261767089366 -0.10862082537482767 -0.001743546142744565 -0.13350014153988132 0.1798292531935792 -0.19502732475166734 0.17111772786293711 -0.17244195997714998 0.16744285851716995 0.26938679939801136 0.098198022723197942 -0.29019902342557907 0.12219528801832347 -0.091284514546394344 0.17859732695469041 -0.15311584508732745 0.35538297780535433 0.0121704611244301 -0.028662616974079465 -0.2327260102856327 -0.063497103121545578 0.24479281448698659 0.10726829932630061 -0.15185382184055116 -0.15968111339069546 0.059971290002850924 -0.12653628713018458 -0.17211051407982322 0.28164759447276588
leaf_weight=30.5 35.5 32 25.5 3661.5 31 28.5 23 28 27 27 28 35 30 20 20 41 38 22 54 83 35.5 27 38.5 40 27 31.5 153 71 25.5 25
leaf_count=30 30 29 23 3210 31 27 23 28 27 27 28 35 30 20 20 36 31 22 46 66 33 24 36 33 22 31 133 59 21 24
internal_value=-2.97797e-10 -0.0618087 0.000882607 0.00147653 0.000582104 0.00147791 0.000375665 0.00135513 0.000312841 0.00134171 0.046331 -0.000983843 -0.0442936 -0.115539 0.0154554 -0.000304177 0.0262121 0.117935 -0.00632277 -0.00369993 -0.0897955 -0.000985459 0.117711 0.0695664 0.00284595 -0.0030907 0.0106579 -0.0323333 0.0316706 0.097448
internal_weight=4794.5 67.5 4727 4701.5 4671 4640 4611.5 4588.5 4560.5 4533.5 160 132 105 70 40 4373.5 496.5 130 366.5 3877 118.5 3758.5 65.5 108 67 3693 328.5 175.5 104.5 79
internal_count=4235 59 4176 4153 4123 4092 4065 4042 4014 3987 160 132 105 70 40 3827 427 113 314 3400 99 3301 60 91 55 3241 283 150 91 70
is_linear=0
shrinkage=0.03


Tree=266
num_leaves=31
num_cat=0
split_feature=2 16 17 7 7 5 2 7 10 17 10 7 11 17 7 14 11 13 7 14 14 19 13 9 16 8 17 17 19 4
split_gain=296.611 861.682 311.972 1253.93 1956.08 2085.9 1584.1 1406.65 1295.19 1282.73 1942.13 1517.91 1352.3 1962.13 1896.03 2216.09 2363.78 1743.57 1149 1098.42 988.909 1708.48 887.925 1067.64 856.744 839.875 743.037 2033.1 1173.87 894.182
threshold=53.623136828768402 -235.99999999999997 371.50000000000006 2365.0000000000005 3893.0000000000005 -9.9341301169594924 31.154455824339752 4813.5000000000009 -0.40866536189150077 263.50000000000006 -2.1039273136715475 6658.5000000000009 27.492233230888406 282.50000000000006 6391.0000000000009 76.500000000000014 37.285090240804358 182.50000000000003 10650.000000000002 75.500000000000014 78.500000000000014 -0.17499999999999993 95.500000000000014 4286.0000000000009 -126.49999999999999 161.01787790697702 378.50000000000006 382.50000000000006 -0.019999999999999931 0.96701388888888895
decision_type=8 10 8 8 8 8 10 8 10 10 10 10 10 10 10 10 10 10 10 10 8 10 10 8 8 10 8 8 10 10
left_child=2 -2 3 6 5 -5 -1 19 -7 10 22 -12 -11 -14 -15 16 18 -17 -16 -6 21 -4 23 -9 25 -22 28 -28 -26 -29
right_child=1 -3 20 4 7 8 -8 9 -10 12 11 -13 13 14 15 17 -18 -19 -20 -21 24 -23 -24 -25 26 -27 27 29 -30 -31
leaf_value=0.034711642099502386 -0.15652691754576276 0.081165216240015894 -0.28385430866274342 -0.32633251417250864 0.26619394188267842 -0.17896371336544262 0.29438278025196446 0.085307463804880773 0.11074508129573259 -0.00024533923191262741 -0.27023281224966045 -0.05823860288919689 0.33995871726204369 0.26198904357526615 -0.12143065855858173 0.0054122329126928262 -0.3164777118595023 0.28099156468485792 0.17218927174198384 0.002687670588493347 0.0086064502224326139 -0.031092932920889806 0.14851765297926389 -0.16841003025279327 -0.25440852875892933 -0.2006266312599182 0.25418577605280385 0.0038294594638352097 0.0079022140979766852 -0.12530825131401721
leaf_weight=66.5 36.5 22 29 31.5 35 25.5 31 36 30.5 394.5 37.5 160.5 25.5 34.5 23.5 48.5 28.5 36 24.5 24 32 141.5 52 25.5 26 37.5 29 3183.5 37.5 49
leaf_count=62 31 20 26 26 33 22 29 34 29 341 33 140 25 33 20 41 24 34 23 22 25 120 49 21 23 35 26 2806 33 49
internal_value=2.919e-10 -0.0671384 0.000829307 0.0142639 0.0049081 -0.131032 0.117274 0.0169718 -0.0211759 0.00793191 -0.0416741 -0.098389 0.0330372 0.0924487 0.0601648 0.0169167 -0.10006 0.122819 0.0284378 0.159005 -0.00358357 -0.0740846 0.0572646 -0.0198925 -4.24256e-05 -0.104289 0.00213657 0.0041154 -0.0995006 0.00187192
internal_weight=4794.5 58.5 4736 1171 1073.5 87.5 97.5 986 56 927 311.5 198 615.5 221 195.5 161 76.5 84.5 48 59 3565 170.5 113.5 61.5 3394.5 69.5 3325 3261.5 63.5 3232.5
internal_count=4235 51 4184 1041 950 77 91 873 51 818 277 173 541 200 175 142 67 75 43 55 3143 146 104 55 2997 60 2937 2881 56 2855
is_linear=0
shrinkage=0.03


Tree=267
num_leaves=31
num_cat=0
split_feature=0 2 10 8 1 5 11 7 3 10 19 0 0 7 13 10 7 5 15 5 10 3 16 10 15 10 9 10 19 15
split_gain=286.85 810.585 374.905 1334.14 1713.74 1663.65 1403.11 747.043 442.784 407.24 957.262 1635.47 1054.02 1344.65 741.84 489.074 1302.89 1086.35 1056.48 576.74 1307 1367.54 2510.59 2452.93 2725.39 2159.11 2810.47 1569.73 1450.01 1364.63
threshold=107.16198150924551 28.038784472619053 -15.733941055166499 149.02014170040505 217.66594982078854 -1.1820671006184964 42.728433613560156 6658.5000000000009 29445.000000000004 -11.110521696629947 0.029999999999999947 156.25304878048803 218.92526595744704 5551.0000000000009 403.50000000000006 -8.7218555752139491 2104.5000000000005 -13.990905396781015 13693.333333333338 -18.335934727971487 -1.1085809208167505 4617.0000000000009 -2.4999999999999996 1.7021374070186506 6604.5000000000009 11.553944646162401 3668.5000000000005 12.317474476720253 0.11500000000000007 6182.3333333333348
decision_type=10 8 8 10 10 10 10 8 10 8 10 10 10 10 8 8 10 10 10 8 10 10 10 10 10 10 10 10 10 10
left_child=1 -1 3 -2 5 6 -5 -7 9 10 12 14 13 -4 -12 16 -11 -18 -19 20 29 23 -23 -22 27 26 28 -25 -24 -17
right_child=2 -3 8 4 -6 7 -8 -9 -10 15 11 -13 -14 -15 -16 19 17 18 -20 -21 21 22 25 24 -26 -27 -28 -29 -30 -31
leaf_value=0.019752554893493653 0.21949932212010026 -0.16226844926402992 -0.33149516730958761 0.22144517519474027 0.23345463115236031 -0.31186045537392298 -0.091867606145031047 -0.063067656244550435 -0.10458049294475007 0.21994941911914132 0.022933392925422732 0.23245090421508341 0.046090914994478226 -0.068895093872375093 -0.15711255638372329 -0.17651544467451868 0.16121734612608607 -0.063915107548236844 0.1348694863475737 0.004904909931025379 0.37609406037764115 -0.093364760480423012 0.21887113178477569 -0.14196855274406639 0.32436060023862262 -0.16986481671747952 0.43244572149589661 0.15996642754521481 -0.080393526749137564 -0.022160166048273748
leaf_weight=55.5 32 36.5 27.5 25 23 22.5 26.5 21 36.5 33 59.5 25.5 30 48.5 31.5 89 36.5 114 30.5 3444.5 22 196.5 25.5 55.5 21.5 23 24 21.5 34 122.5
leaf_count=39 29 29 26 25 23 20 23 20 27 31 47 25 30 46 24 81 33 96 27 3031 20 182 23 52 21 20 24 21 32 108
internal_value=-2.29164e-10 -0.0524623 0.00102638 0.0476919 0.00110011 -0.0551541 0.060226 -0.191754 -0.000511205 0.000329922 -0.0392441 0.0201115 -0.104479 -0.163915 -0.0393902 0.00238075 0.0465886 0.0149814 -0.0219571 6.17179e-05 -0.0262097 0.00420616 -0.0297905 0.0896917 0.0257236 0.0875084 0.158402 -0.057662 0.0478628 -0.0871135
internal_weight=4794.5 92 4702.5 150 118 95 51.5 43.5 4552.5 4516 222.5 116.5 106 76 91 4293.5 214 181 144.5 4079.5 635 423.5 303 120.5 98.5 106.5 83.5 77 59.5 211.5
internal_count=4235 68 4167 140 111 88 48 40 4027 4000 198 96 102 72 71 3802 187 156 123 3615 584 395 281 114 94 99 79 73 55 189
is_linear=0
shrinkage=0.03


Tree=268
num_leaves=31
num_cat=0
split_feature=6 17 6 3 10 2 14 9 9 3 11 6 1 10 6 1 13 10 19 2 5 15 0 2 12 7 13 0 7 18
split_gain=278.747 417.168 334.791 1418.72 1471.42 1127.1 789.206 705.985 853.175 876.706 839.532 1253.62 1375.19 1663.68 479.357 466.581 425.972 1189.11 612.308 1003.47 630.603 2062.61 573.711 2486.44 2850.91 1582.56 556.709 1221.37 1103.12 1005.42
threshold=95.000000000000014 415.50000000000006 268.50000000000006 4664.5000000000009 -3.3800863204016518 40.535006039930906 112.50000000000001 -4734.9999999999991 -2915.4999999999995 5447.5000000000009 34.959225361485359 146.50000000000003 171.777999865483 1.8102746805011487 276.50000000000006 156.34889319072568 378.50000000000006 -1.1797850805678498 -0.31499999999999989 30.247817622165453 43.055420853680012 8669.0000000000018 269.45300751879705 18.147411450933706 49.500000000000007 2523.5000000000005 292.50000000000006 196.08371710526305 4665.5000000000009 0.29500000000000004
decision_type=8 8 8 8 10 10 8 8 8 10 10 10 10 10 8 10 10 8 8 10 10 8 10 10 10 10 10 8 10 10
left_child=1 -1 3 4 -2 7 -6 -5 -9 -10 11 -11 15 -14 -4 -13 18 -18 19 -16 22 -22 26 -24 25 -25 29 -28 -29 -20
right_child=2 -3 14 5 6 -7 -8 8 9 10 -12 12 13 -15 16 -17 17 -19 20 -21 21 -23 23 24 -26 -27 27 28 -30 -31
leaf_value=-0.15453200814815668 -0.2758748187303543 0.0090231474110337544 -0.12005435210759521 0.18810923100664065 -0.10295476460031101 0.24458998317988415 0.13282524819069719 -0.15679620604875474 0.22556598028966357 -0.13026464151123823 -0.12451745191216469 0.052190668770089377 0.33672736465930936 0.0043511616406233418 0.14742832657694815 -0.10496238066795024 -0.21130722500029064 0.034455234629136543 -0.065441986090983936 -0.074229432052036498 0.045149254176154063 -0.33135433794454083 -0.20826142663541047 0.49530732154846191 -0.045352159394667697 0.14204194049835206 0.013677832123103006 0.021093972553839768 0.3237415186736895 -0.0013053046485262641
leaf_weight=26 25 30.5 30.5 26 28 26.5 23.5 21.5 21 29.5 30 61.5 33 23 60 23.5 31.5 40.5 235.5 26.5 33.5 21.5 23 21 39 25 397.5 20.5 23 3337.5
leaf_count=22 20 26 26 23 25 26 21 20 20 25 27 49 33 23 60 21 25 37 233 25 32 20 23 21 39 25 334 20 23 2911
internal_value=7.55388e-11 -0.0662412 0.000789917 0.0281099 -0.0870354 0.0579191 0.00463417 0.0395296 0.0236322 0.0411456 0.0218297 0.04758 0.0847886 0.200216 -0.00153785 0.00874247 -0.000704096 -0.0730658 0.000517916 0.0795216 -0.00111814 -0.102029 0.000228319 0.0684607 0.143338 0.303315 -0.00160753 0.0301937 0.181115 -0.00553262
internal_weight=4794.5 56.5 4738 372 76.5 295.5 51.5 269 243 221.5 200.5 170.5 141 56 4366 85 4335.5 72 4263.5 86.5 4177 55 4122 108 85 46 4014 441 43.5 3573
internal_count=4235 48 4187 333 66 267 46 241 218 198 178 151 126 56 3854 70 3828 62 3766 85 3681 52 3629 108 85 46 3521 377 43 3144
is_linear=0
shrinkage=0.03


Tree=269
num_leaves=31
num_cat=0
split_feature=1 5 14 2 12 5 19 18 18 4 4 2 16 6 2 6 12 16 12 8 10 10 7 2 6 6 11 13 6 16
split_gain=274.701 684.45 636.309 335.655 1238.79 1449.45 1342.21 2101 1847.86 1478.09 928.788 654.047 641.839 554.278 787.558 536.482 1321.03 1389.46 1311.63 1222.32 1430.91 1202.49 1192.86 876.739 845.797 1181.29 1374.03 892.333 845.467 812.837
threshold=115.62823464912302 -1.7346764868959992 91.500000000000014 43.05852493485316 61.500000000000007 3.3305372807019968 -0.13499999999999995 0.51500000000000012 0.56500000000000006 0.31770833333333343 0.33159722222222227 42.33247430326481 -377.49999999999994 609.50000000000011 28.147307892611153 500.50000000000006 66.500000000000014 -246.49999999999997 73.500000000000014 178.56562109862702 -1.1085809208167505 -5.7858021446646992 6621.0000000000009 32.104669429227307 485.50000000000006 478.50000000000006 25.575956942045156 256.50000000000006 475.50000000000006 -126.49999999999999
decision_type=8 10 8 8 10 10 10 10 10 10 10 10 8 10 10 10 8 10 8 10 10 10 10 10 10 10 10 8 10 10
left_child=1 -1 -3 11 6 10 7 -5 -8 -10 -6 12 -2 15 -15 24 17 -17 -18 23 -21 -19 -23 29 25 28 -27 -26 -14 -20
right_child=3 2 -4 4 5 -7 8 -9 9 -11 -12 -13 13 14 -16 16 18 21 19 20 -22 22 -24 -25 27 26 -28 -29 -30 -31
leaf_value=-0.15106667938232421 0.13494547198368953 -0.10247328315531053 0.070855075518290206 0.059787182008518888 -0.30226254463195795 0.054669640377948157 -0.086057776931213997 -0.2566087954885819 0.035814325552720287 0.31978881789677177 -0.065618417718831229 0.13618294011462817 0.00044609847345304275 0.015598392169922589 -0.19835677099227905 0.1418557061482284 0.26359699080730303 -0.23981699002322865 -0.031480513459486922 0.021987674704619816 0.3252815908778991 0.15082499589771031 -0.10525762036876771 -0.12026605805880587 -0.16476727257604182 -0.018013091956154775 0.2637550389766693 0.00028216170501117863 -0.17123431824720822 0.106299099685312
leaf_weight=37.5 32.5 31 49.5 42.5 36 28.5 36.5 34 32.5 33.5 25.5 33 3658.5 32 30 29.5 29 33.5 69.5 28 28 24 51.5 35.5 57.5 29.5 33 60.5 26 86.5
leaf_count=25 30 21 34 39 27 26 36 27 29 33 24 31 3257 26 27 28 27 26 56 28 28 22 45 29 47 27 31 52 23 74
internal_value=-4.36382e-10 -0.0452063 0.00410751 0.00114067 -0.0313926 -0.122185 0.0142572 -0.0808333 0.0852271 0.179953 -0.204142 0.00312625 0.00212251 0.00112832 -0.0879283 0.0024184 0.034832 -0.0407949 0.0727139 0.0503478 0.173635 -0.0902279 -0.0238539 0.0142952 -0.00106198 0.00142847 0.13076 -0.0801445 -0.00076538 0.0449165
internal_weight=4794.5 118 80.5 4676.5 269 90 179 76.5 102.5 66 61.5 4407.5 4374.5 4342 62 4280 415 138.5 276.5 247.5 56 109 75.5 191.5 3865 3747 62.5 118 3684.5 156
internal_count=4235 80 55 4155 241 77 164 66 98 62 51 3914 3883 3853 53 3800 363 121 242 215 56 93 67 159 3437 3338 58 99 3280 130
is_linear=0
shrinkage=0.03


Tree=270
num_leaves=31
num_cat=0
split_feature=7 3 11 1 19 19 15 6 9 9 16 11 11 5 0 11 0 1 13 2 16 0 13 5 10 9 9 12 3 3
split_gain=283.744 876.135 1616.84 1044.46 744.255 1092.51 1062.94 737.577 685.631 709.382 686.09 812.601 1352.5 2444.8 1381.97 1273.78 1415.7 1518.08 1296.08 1284.74 1189.23 1982.98 1303.42 1134.9 1062.99 1040.24 2280.01 1409.52 1252.17 1719.56
threshold=11115.500000000002 22480.000000000004 28.874829224237001 151.88533802333563 0.31500000000000011 0.25500000000000012 12749.333333333332 596.50000000000011 -8614.9999999999982 -7181.9999999999991 295.00000000000006 27.626342577279505 26.933700286187403 8.9227615532734905 299.13949897048752 28.175075169213702 286.63013698630158 262.38887986536093 305.50000000000006 16.667017310947404 54.500000000000007 153.82724780701753 277.50000000000006 43.055420853680012 -19.013789509201697 -2496.4999999999995 -3238.4999999999995 55.500000000000007 12885.000000000002 14404.500000000002
decision_type=8 8 10 8 10 10 8 10 10 10 10 8 10 10 10 10 10 10 8 10 10 10 10 10 8 10 8 8 10 10
left_child=1 8 3 -3 5 7 -6 -2 -1 -10 11 12 14 -14 -11 18 17 19 -13 -17 23 22 -22 24 -21 26 27 -26 -27 -30
right_child=4 2 -4 -5 6 -7 -8 -9 9 10 -12 15 13 -15 -16 16 -18 -19 -20 20 21 -23 -24 -25 25 28 -28 -29 29 -31
leaf_value=0.17892261617892496 0.006634731456441314 -0.13565537550232626 -0.25086393407067736 0.11468012625520879 0.27215602938247763 -0.14219274415888569 -0.013245182782411574 0.15413409786839638 -0.14939858329296113 -0.0042360786397245354 -0.10848647667302025 0.24643913416301505 -0.22633700115340097 0.14743117135550293 -0.23407210022211075 -0.20442832045409146 0.25974843049049379 -0.23346498491916248 -0.0052310613485483017 0.20247484752110073 0.095289111211895941 0.18473600994000275 -0.16573399459773844 -0.19347671043414336 0.18614774926234101 0.034265001713338822 -0.23886509612663503 -0.063889794244216036 -0.24115480470657347 0.013242662278088657
leaf_weight=18.5 1938 27.5 37 33 23 44 24 31 30 1243 54 42.5 63 21 24 24.5 20 23.5 32.5 24.5 36 89 33 26 29.5 585.5 48.5 65 37.5 66
leaf_count=16 1695 21 31 33 22 39 22 27 26 1088 46 39 54 20 24 21 20 23 31 23 30 88 25 24 28 529 42 59 31 58
internal_value=-2.8234e-12 -0.00633443 -0.0946466 0.000891262 0.00840849 0.00565315 0.126419 0.00895697 -0.00306919 -0.00435498 -0.00267396 -0.000419525 -0.0163185 -0.132895 -0.00858972 0.0177297 0.00963411 0.00503853 0.137382 0.0103013 0.0153574 0.0911563 -0.029548 0.0017866 0.00771403 0.00197889 -0.0716534 0.0141643 0.0172611 -0.0789303
internal_weight=4794.5 2734.5 97.5 60.5 2060 2013 47 1969 2637 2618.5 2588.5 2534.5 1351 84 1267 1183.5 1108.5 1088.5 75 1065 1040.5 158 69 882.5 856.5 832 143 94.5 689 103.5
internal_count=4235 2430 85 54 1805 1761 44 1722 2345 2329 2303 2257 1186 74 1112 1071 1001 981 70 958 937 143 55 794 770 747 129 87 618 89
is_linear=0
shrinkage=0.03


Tree=271
num_leaves=31
num_cat=0
split_feature=9 12 3 17 9 12 11 11 13 3 12 1 8 5 3 19 13 7 5 19 0 19 8 4 10 6 6 8 10 4
split_gain=273.604 738.942 598.968 498.498 450.558 1668.83 772.127 1964.25 988.042 1758.74 1501.11 1318.14 2198.11 830.167 1575.27 865.09 784.145 931.82 773.096 1253.75 715.769 674.548 1210.55 919.968 598.488 563.983 909.039 1092.99 1537.17 1321.66
threshold=-10665.499999999998 53.500000000000007 5204.0000000000009 335.50000000000006 -3697.9999999999995 21.500000000000004 43.944724492202305 40.135559451589408 228.50000000000003 10425.000000000002 100.50000000000001 139.4515018607124 154.66761363636354 11.305509933906992 2528.0000000000005 -0.060000000000000019 187.50000000000003 11494.000000000002 -19.759351129814487 0.17000000000000001 180.82932692307705 0.040000000000000029 137.57796560769455 0.26215277777777779 -1.1085809208167505 553.50000000000011 500.50000000000006 171.07187500000003 3.2843424643292516 0.63368055555555569
decision_type=8 10 10 10 8 8 8 10 10 10 10 10 10 10 10 8 10 10 10 8 8 10 10 10 10 10 10 10 10 10
left_child=1 3 -3 -1 5 -2 7 8 9 13 20 -11 -13 15 -15 -7 18 -18 19 -17 24 22 -20 -23 -10 26 -6 -28 29 -29
right_child=4 2 -4 -5 25 6 -8 -9 10 11 -12 12 -14 14 -16 16 17 -19 21 -21 -22 23 -24 -25 -26 -27 27 28 -30 -31
leaf_value=-0.052913924244971107 0.26397699780464168 -0.052186858241374673 0.11750862956667939 -0.2143062640209587 -0.0041133105310956113 0.14154926631710316 -0.11518772492041955 0.27037458214434712 -0.12239047104758877 0.015877429073055584 0.12435359702230644 0.48960800400802063 0.094605692261829966 -0.26836187906985015 0.027716325514287831 0.25670568251609804 -0.016123169806538797 0.25127718657255171 -0.12456735275445446 -0.06806832169142106 -0.19882389195867486 -0.030605856742657405 0.14275550866127013 -0.25946116623125581 0.0085750868937352325 -0.054249859069893644 0.016226719221589286 0.20123621735189642 0.3784046038985252 -0.11360447066170828
leaf_weight=58 25 39 36 24.5 3489.5 50.5 39 27.5 56 36 39 21 32 26.5 41.5 20 24.5 22.5 31 23 37 35.5 30 28.5 71.5 182 179 28 20 21
leaf_count=51 24 34 31 19 3091 47 34 26 43 26 36 21 32 24 41 20 20 21 21 20 37 27 29 27 60 157 148 27 20 21
internal_value=-4.27734e-11 -0.0388856 0.029267 -0.100843 0.00132079 0.0231774 0.0144842 0.0222229 0.0113217 0.0374788 -0.042985 0.155963 0.251116 0.00585926 -0.0876671 0.0298133 0.00356831 0.111888 -0.0267353 0.0829894 -0.0826579 -0.0644806 0.00690291 -0.132518 -0.048947 -0.00268026 -0.000169044 0.055329 0.156768 0.0663045
internal_weight=4794.5 157.5 75 82.5 4637 717.5 692.5 653.5 626 422.5 203.5 89 53 333.5 68 265.5 215 47 168 43 164.5 125 61 64 127.5 3919.5 3737.5 248 69 49
internal_count=4235 135 65 70 4100 636 612 578 552 376 176 79 53 297 65 232 185 41 144 40 140 104 50 54 103 3464 3307 216 68 48
is_linear=0
shrinkage=0.03


Tree=272
num_leaves=31
num_cat=0
split_feature=19 11 19 11 18 18 4 12 1 2 0 4 8 18 1 4 4 1 5 0 9 9 12 8 7 6 11 10 6 3
split_gain=265.004 1053.73 737.854 1122.49 334.095 1481.96 1663.63 2472.7 1509.61 2100.62 869.914 425.324 825.078 1210.72 782.098 525.627 896.743 468.844 830.474 707.267 1503.08 1422.64 1179.64 1879.37 946.748 904.352 524.168 574.677 1742.46 1437.39
threshold=-0.42499999999999993 23.597814525254055 -0.31499999999999989 29.686705427308603 0.085000000000000006 0.055000000000000007 0.85590277777777801 64.500000000000014 338.78772861207091 21.854231014074902 269.45300751879705 0.98784722222222243 261.78494623655905 0.26500000000000007 253.97665375112305 0.85590277777777801 0.81857638888888895 231.29656020090553 -27.619170303380994 210.99668560606102 -4510.9999999999991 -1589.4999999999998 68.500000000000014 178.56562109862702 6855.5000000000009 225.50000000000003 53.729031279885305 -15.733941055166499 186.50000000000003 9533.5000000000018
decision_type=8 10 8 10 10 10 8 10 8 10 10 10 10 10 10 10 10 10 10 10 8 8 10 10 8 10 10 8 10 8
left_child=1 -1 3 -2 5 6 -4 8 9 -8 11 12 14 -14 15 16 17 19 -19 26 -21 -22 23 -23 -24 -25 27 28 -6 -30
right_child=2 -3 4 -5 10 -7 7 -9 -10 -11 -12 -13 13 -15 -16 -17 -18 18 -20 20 21 22 24 25 -26 -27 -28 -29 29 -31
leaf_value=0.0799002287685871 0.25371390416071965 -0.22436610251665115 -0.19089698198844085 0.0011282044428366201 0.28618694944381712 -0.23329935991764067 0.20531121742831041 -0.15545492196532143 0.28688243528207141 -0.20364068412780761 0.14378640899532719 0.12831471360248067 0.057192944522414885 -0.23688153766450426 0.13680512804985046 -0.11042977278622297 0.15598944260315462 0.04621804176677357 -0.16905842331739571 -0.13588616491718725 0.27124040107258029 0.29826109435008119 0.092080507511677942 -0.069508789479732505 -0.15366559845127473 0.14147878470661288 -0.12268753436895517 -0.0035271627657692071 0.11203736323408964 -0.15867101992330243
leaf_weight=20 26 21 33 40.5 25 30 26 36.5 36 20 38 23 21 31.5 37.5 39 33 27.5 39 33 30.5 32.5 23 41 36.5 33 32.5 3857 41 31
leaf_count=20 26 20 32 38 24 30 26 36 36 20 38 23 21 31 37 39 33 27 39 33 30 32 23 41 36 33 27 3319 37 28
internal_value=-1.40306e-10 -0.0759435 0.00065503 0.0998835 -0.000752842 -0.0406592 -0.0025126 0.0499489 0.141379 0.027506 0.000854748 -0.00036101 -0.0010269 -0.119252 0.000386308 -0.000788501 0.000202348 -0.000998113 -0.0800343 0.000248544 0.05146 0.0829227 0.0483222 0.108098 -0.0586713 0.0245803 -0.00269966 -0.00171342 0.0704062 -0.00451764
internal_weight=4794.5 41 4753.5 66.5 4687 181.5 151.5 118.5 82 46 4505.5 4467.5 4444.5 52.5 4392 4354.5 4315.5 4282.5 66.5 4216 229.5 196.5 166 106.5 59.5 74 3986.5 3954 97 72
internal_count=4235 40 4195 64 4131 180 150 118 82 46 3951 3913 3890 52 3838 3801 3762 3729 66 3663 228 195 165 106 59 74 3435 3408 89 65
is_linear=0
shrinkage=0.03


Tree=273
num_leaves=31
num_cat=0
split_feature=13 17 9 17 13 19 10 14 9 15 1 16 15 5 0 5 0 17 0 18 3 14 11 1 11 15 18 0 14 5
split_gain=264.963 887.599 1001.31 760.548 670.307 970.771 678.441 662.675 692.639 636.501 840.738 780.384 1081.7 771.189 597.936 1364.21 730.448 1562.05 748.614 480.572 2170.82 2406.83 2771.82 2401.2 1682.86 1124.94 1075.9 769.266 2111.04 2982.84
threshold=95.500000000000014 205.50000000000003 731.00000000000011 221.50000000000003 132.50000000000003 0.049999999999999968 -2.2739113601316023 48.500000000000007 1880.0000000000002 6888.8333333333348 168.32695531257204 110.50000000000001 4655.8333333333348 -2.6132317887110044 309.93329070758756 76.31587752525202 280.23157894736852 413.50000000000006 269.45300751879705 0.21500000000000002 13374.000000000002 125.50000000000001 22.092397714470753 208.13199956946298 17.538843845784957 9779.3333333333339 0.10500000000000002 206.17821067821052 97.500000000000014 -34.242105263158486
decision_type=8 8 8 8 8 10 10 8 8 8 10 8 10 10 10 8 10 8 10 10 10 10 10 10 8 8 8 10 10 10
left_child=9 2 -2 -3 5 6 -5 8 -6 11 -11 12 -1 -12 16 -16 18 -18 19 20 21 22 24 -24 -9 -25 -26 -21 29 -29
right_child=1 3 -4 4 7 -7 -8 14 -10 10 13 -13 -14 -15 15 -17 17 -19 -20 27 -22 -23 23 25 26 -27 -28 28 -30 -31
leaf_value=-0.17410191783538231 -0.017755510210990904 -0.13347261042971362 0.25847507890533 0.1222110305428505 -0.003836781233549118 0.19692904613519968 -0.06116579157502755 -0.04213420842702572 -0.22533605530858039 -0.018566037696635652 -0.060637832062041506 0.17169530460834503 0.080587244092578614 -0.30926856936410413 -0.01395421616945948 0.29664027915894986 0.082974488073959934 -0.22948031490047771 0.1502454837411642 -0.0016192522891621379 -0.29838276332279418 -0.3125667684216325 -0.36990205228328704 -0.096861259591601342 0.077039277484989718 0.18668808513879775 0.35433906402658011 -0.21305895561595325 0.18617717951238155 0.05794227935290068
leaf_weight=26 22 38 25.5 30 27 38 46 26 24 83.5 23.5 25 35.5 21.5 35 20 24 36 30 3683 26.5 20.5 21 34 20 20 34 46 75 178
leaf_count=22 20 34 24 27 24 36 39 26 20 70 22 24 33 20 35 20 24 36 30 3178 26 20 20 34 20 20 34 45 75 177
internal_value=-1.12008e-10 0.0015281 0.130537 0.000175961 0.00130606 0.0731229 0.0112198 -0.00056315 -0.108072 -0.0325486 -0.074899 0.0303651 -0.0270862 -0.179428 0.00070341 0.0989892 -0.000561382 -0.104498 0.0009185 -0.0001522 -0.0452941 -0.0070784 0.0333249 -0.0976995 0.15616 0.00815702 0.251635 0.00213777 0.0484157 0.00229024
internal_weight=4794.5 4579.5 47.5 4532 4494 114 76 4380 51 215 128.5 86.5 61.5 45 4329 55 4274 60 4214 4184 202 175.5 155 75 80 54 54 3982 299 224
internal_count=4235 4044 44 4000 3966 102 66 3864 44 191 112 79 55 42 3820 55 3765 60 3705 3675 200 174 154 74 80 54 54 3475 297 222
is_linear=0
shrinkage=0.03


Tree=274
num_leaves=31
num_cat=0
split_feature=3 9 18 14 7 7 11 5 19 1 3 5 12 13 0 6 3 18 16 10 15 0 11 6 3 0 3 17 2 12
split_gain=258.624 343.378 615.604 606.556 455.596 1325.32 1679.48 1082.86 1249.45 839.544 869.217 1533.9 1591.93 1397.97 1270.01 1267.65 1125.56 1072.3 1244.67 1433.42 1113.22 1256.05 911.888 1251.47 800.745 2166.66 1463.15 974.93 2645.07 1661.19
threshold=29445.000000000004 -13171.999999999998 0.8650000000000001 94.500000000000014 14455.500000000002 14926.000000000002 28.769527910476253 -32.609039333193998 0.28500000000000009 355.13734124637443 15939.500000000002 -27.202665161726497 73.500000000000014 205.50000000000003 130.96786077235802 324.50000000000006 15537.500000000002 0.065000000000000016 -6.4999999999999991 -1.9868607105817 14885.583333333338 269.45300751879705 23.069356629446354 362.50000000000006 3895.0000000000005 209.88904840032805 2528.0000000000005 473.50000000000006 36.565354351321858 59.500000000000007
decision_type=10 8 8 8 8 8 10 8 10 8 8 10 10 10 10 8 10 10 10 8 10 10 10 10 8 10 10 10 8 10
left_child=1 2 3 -1 9 6 -6 8 -7 10 16 -12 14 -14 -13 -16 17 18 19 -3 21 -19 -17 -24 25 26 -9 -26 29 -29
right_child=-2 4 -4 -5 5 7 -8 24 -10 -11 11 12 13 -15 15 22 -18 20 -20 -21 -22 -23 23 -25 27 -27 -28 28 -30 -31
leaf_value=-0.2319492044299841 -0.078475680685043334 -0.032530892241213999 0.047835918381100608 -0.032436682200059297 0.027208204030990599 0.263392021769569 0.34859247267246246 -0.13810847678551308 -0.029313500324885049 0.1726334050297737 -0.22333360707318339 -0.11290271997725199 -0.33115895606577395 -0.062960823510968406 0.23989818789742209 0.12547744605037356 0.16548229617819393 0.0019463472634297224 0.075815692025682196 -0.33346191613838588 -0.12087384759025141 0.22456648604863363 -0.14733659867317445 0.063651392596798972 0.0099753840872791738 0.34907536910338832 0.1444276003072511 -0.18872374132856146 -0.32567726813635584 0.037081785105713985
leaf_weight=24 37.5 28 31.5 32 37.5 31.5 24 32.5 22.5 24 40.5 54.5 24 64.5 27.5 48.5 36.5 2757.5 23 29 66 23 46.5 55.5 926.5 22 33.5 38.5 29.5 123
leaf_count=21 28 28 24 29 33 31 21 29 21 24 35 37 19 54 27 46 31 2443 23 28 53 23 42 49 821 22 32 32 24 105
internal_value=7.87055e-11 0.000618633 -0.058262 -0.117942 0.00172197 0.0166413 0.152626 0.0100013 0.141431 -0.00416378 -0.0054401 -0.0493572 -0.0274069 -0.135693 0.0138114 0.0526087 -8.20074e-05 -0.00214696 -0.110469 -0.185636 0.000897385 0.00378784 0.0183864 -0.0325343 0.00411395 0.0912438 0.00529999 -0.00274728 -0.0644622 -0.016748
internal_weight=4794.5 4757 87.5 56 4669.5 1321 61.5 1259.5 54 3348.5 3324.5 361.5 321 88.5 232.5 178 2963 2926.5 80 57 2846.5 2780.5 150.5 102 1205.5 88 66 1117.5 191 161.5
internal_count=4235 4207 74 50 4133 1171 54 1117 52 2962 2938 309 274 73 201 164 2629 2598 79 56 2519 2466 137 91 1065 83 61 982 161 137
is_linear=0
shrinkage=0.03


Tree=275
num_leaves=31
num_cat=0
split_feature=6 2 11 6 10 2 10 6 19 4 0 18 0 11 0 4 7 16 18 7 4 2 13 11 11 19 7 5 2 9
split_gain=261.899 417.223 307.366 1513.93 1691.5 1612.93 1814.94 1408.05 1221.48 1225.67 954.415 1082.37 816.664 746.988 1693.29 3343.72 2344.5 2250.56 1498.65 1106.79 941.103 871.423 1854.05 913.35 1913.75 1597.91 2811.36 1795.73 3598.02 1558.52
threshold=95.000000000000014 29.462917145259805 39.848331793238906 382.50000000000006 -8.3563199618748492 25.476903149343453 -16.975218708742371 312.50000000000006 -0.11000000000000001 0.61979166666666685 178.74586430112703 0.64500000000000013 159.12033991228103 35.638410792969658 173.28735632183904 0.40451388888888895 5070.5000000000009 43.500000000000007 0.66500000000000015 10820.500000000002 0.33506944444444448 46.884966843240953 258.50000000000006 31.268860170314603 29.595345343471653 -0.15499999999999992 6297.0000000000009 18.822094298245492 33.765734042817009 9782.0000000000018
decision_type=8 10 10 8 10 10 10 10 10 10 10 10 10 10 8 10 10 10 10 10 10 10 8 10 10 10 8 10 10 8
left_child=1 -1 13 4 7 -5 -7 -4 -8 10 11 -10 -6 21 15 18 -16 19 -15 -18 -20 23 -23 24 -2 26 -25 -27 -29 -26
right_child=2 -3 3 5 12 6 8 -9 9 -11 -12 -13 -14 14 16 -17 17 -19 20 -21 -22 22 -24 25 29 27 -28 28 -30 -31
leaf_value=0.0045870783654126251 0.0045912126910302511 -0.16081414187208135 -0.1157119402193254 0.20379434922645831 0.40116461809291393 -0.24751429334763556 0.13914764106781644 0.18211297597525253 -0.17569245910342735 -0.25250523354325977 0.14082251005595728 0.011604347703928614 0.13651485434392605 0.12578186437890337 0.033944113952418163 0.31462575628540734 -0.4779468239205224 0.011513808586380698 -0.046198337662852175 -0.19537510156631469 -0.23800180083513259 0.055206829673714104 -0.29972983360290528 0.14354540435773022 -0.053476225852733018 0.041382946907836102 -0.25389012937192562 -0.044113021731376649 0.51185720281167457 -0.28924150024141587
leaf_weight=33 3172.5 23.5 31 29 21.5 31 44 26.5 39.5 21 31 93.5 20.5 37 45 27.5 28 22 99 22.5 30 27 26 26.5 255.5 420.5 40.5 20 22 28
leaf_count=28 2788 20 28 28 20 26 41 25 34 20 31 79 20 36 45 27 24 22 79 22 24 24 22 25 224 372 36 20 21 24
internal_value=-7.52964e-11 -0.0642081 0.000765673 0.0263324 0.127261 -0.0084165 -0.0320862 0.0215465 -0.00292341 -0.0367133 -0.00908139 -0.0440214 0.27199 -0.00151797 -0.046319 0.0082297 -0.13615 -0.241726 -0.0425287 -0.352049 -0.0908038 0.00193211 -0.118913 0.00353913 -0.00208227 0.0402295 -0.0966955 0.0600651 0.247109 -0.0767617
internal_weight=4794.5 56.5 4738 388.5 99.5 289 260 57.5 229 185 164 133 42 4349.5 311 193.5 117.5 72.5 166 50.5 129 4038.5 53 3985.5 3456 529.5 67 462.5 42 283.5
internal_count=4235 48 4187 352 93 259 231 53 205 164 144 113 40 3835 279 166 113 68 139 46 103 3556 46 3510 3036 474 61 413 41 248
is_linear=0
shrinkage=0.03


Tree=276
num_leaves=31
num_cat=0
split_feature=8 3 8 8 9 10 6 12 19 6 7 10 0 10 17 8 9 0 5 3 7 8 4 0 4 15 3 12 17 0
split_gain=258.428 676.619 311.766 392.108 380.076 900.115 1753.38 1756.08 1742.11 1470.29 1303.18 1266.22 1096.47 1094.46 1031.41 1062.58 1177.13 2365.58 1465.53 1282.46 1652.66 982.74 2014.05 1737.77 1543.93 1731.54 2616.59 1757.11 1633.64 1721.11
threshold=108.09375000000001 9888.0000000000018 112.18208874458851 113.92625979843251 -331.49999999999994 -3.4519585086058995 419.50000000000006 104.50000000000001 -0.070000000000000007 405.50000000000006 8644.5000000000018 -2.1039273136715475 132.16832890070904 -3.8666273945337983 512.50000000000011 135.03192219679653 3615.5000000000005 197.23149379432604 -5.6727568293084962 10425.000000000002 4204.5000000000009 148.12698768197103 0.52951388888888895 162.49375216938603 0.40798611111111116 3084.7500000000005 6667.5000000000009 46.500000000000007 434.50000000000006 181.69379844961253
decision_type=8 8 8 8 10 10 10 8 8 10 10 10 8 8 10 10 10 10 10 10 10 10 10 10 10 10 10 10 8 10
left_child=1 -1 -2 -4 -5 6 9 8 -8 13 -9 -7 -10 14 15 -6 17 19 -18 20 -17 -13 24 -24 25 -23 27 -27 -26 -30
right_child=2 -3 3 4 5 11 7 10 12 -11 -12 21 -14 -15 -16 16 18 -19 -20 -21 -22 22 23 -25 28 26 -28 -29 29 -31
leaf_value=0.036564490987974055 0.078985533399896307 -0.15269989034708806 -0.1221596466876725 0.0087055667064919063 -0.077928164710219086 -0.10730706635319041 -0.30634357446118404 0.20529390649795531 0.11173192745447159 0.2841556888073683 -0.072682112946229824 -0.043866266051781566 -0.090074866201196396 0.20076095392306645 -0.10152605058759759 0.012082975862015569 0.035193424399306131 -0.18395899812318384 0.24188299587417034 -0.078030366785824298 0.27821894168853761 0.20333812212141661 -0.30871710290014742 -0.033980305810060833 0.031231507723116211 -0.031428412530442762 0.02862950474023819 -0.36614710229093372 0.37445627802328479 0.052237577390670774
leaf_weight=34 45.5 34 23.5 2485 52 140.5 28.5 37.5 30 24 25.5 542 126 36 48.5 42 61.5 40 62 32 42 39 22.5 262 67.5 29 293 27.5 37 25
leaf_count=25 32 23 16 2234 37 118 26 35 23 23 22 415 105 34 39 38 54 40 61 27 40 37 20 262 66 27 270 24 37 25
internal_value=3.45451e-11 -0.0580677 0.000835418 7.57876e-05 0.000692542 -0.0084731 0.0199072 -0.0439723 -0.0906681 0.0558394 0.0927798 -0.0216121 -0.0512659 0.0426673 0.02769 0.0465949 0.069762 0.014983 0.138957 0.0835837 0.145151 -0.012657 0.00842135 -0.0557082 0.0436431 0.0137404 -0.00741638 -0.194345 0.133351 0.244529
internal_weight=4794.5 68 4726.5 4681 4657.5 2172.5 687.5 247.5 184.5 440 63 1485 156 416 380 331.5 279.5 156 123.5 116 84 1344.5 802.5 284.5 518 388.5 349.5 56.5 129.5 62
internal_count=4235 48 4187 4155 4139 1905 604 211 154 393 57 1301 128 370 336 297 260 145 115 105 78 1183 768 282 486 358 321 51 128 62
is_linear=0
shrinkage=0.03


Tree=277
num_leaves=31
num_cat=0
split_feature=13 17 9 17 13 19 10 14 6 15 1 5 15 13 0 5 0 17 0 18 18 1 5 3 7 5 14 18 8 19
split_gain=247.721 817.127 914.474 700.686 625.816 911.781 632.418 628.006 1136.89 586.726 799.86 799.727 746.54 625.286 546.054 1266.26 689.127 1438.01 713.004 474.491 1188.47 1587.34 422.431 1712.45 1265.92 1097.92 657.155 641.106 549.256 524.166
threshold=95.500000000000014 205.50000000000003 731.00000000000011 221.50000000000003 132.50000000000003 0.049999999999999968 -2.2739113601316023 49.500000000000007 484.50000000000006 6888.8333333333348 167.65115728024395 -2.6132317887110044 3989.3333333333339 61.500000000000007 309.93329070758756 76.31587752525202 280.23157894736852 413.50000000000006 269.45300751879705 0.015000000000000001 0.10500000000000002 219.50706067316102 36.079966044142516 3250.0000000000005 9710.5000000000018 33.989645117992019 53.500000000000007 0.39500000000000007 105.08645833333351 -0.23499999999999999
decision_type=8 8 8 8 8 10 10 8 8 8 8 10 10 10 10 8 10 8 10 8 8 10 10 10 8 10 8 10 8 8
left_child=9 2 -2 -3 5 6 -5 8 -6 12 -11 -12 -1 -14 16 -16 18 -18 19 -9 21 -21 25 -24 27 26 -22 -25 -28 -30
right_child=1 3 -4 4 7 -7 -8 14 -10 10 11 -13 13 -15 15 -17 17 -19 -20 20 22 -23 23 24 -26 -27 28 -29 29 -31
leaf_value=-0.084672432661056507 -0.016457109315828843 -0.12810092770739606 0.2475236487388611 0.11782514446973801 0.050606863040190471 0.19064302758166665 -0.059222690793483156 0.15366390526294707 -0.21464786077087575 -0.00042303095668999114 -0.070942230831831696 -0.2978140377028044 0.011026996700536636 0.21809409197171528 -0.014103273408753531 0.28513335496187209 0.078498044852167367 -0.22129496745765209 0.14674649313092231 -0.31188308522981756 0.16621775100397509 0.0245215069770813 -0.1254139346256852 0.15095822461273359 0.28596078444699768 -0.18770877413168946 -0.12387567333877086 -0.07069072984158993 0.066883254812774351 -0.00090570807337714005
leaf_weight=32.5 22 38 25.5 30 26 38 46 18 33 67 40 21.5 31.5 22.5 35 20 24 36 30 25.5 21.5 25 32 23 30.5 28 32 24 105.5 3811
leaf_count=29 20 34 24 27 23 36 39 18 28 55 37 20 28 22 35 20 24 36 30 25 20 25 31 23 30 25 22 22 99 3328
internal_value=3.8499e-11 0.00147755 0.125259 0.000180191 0.0012649 0.0706574 0.0106646 -0.000541207 -0.0977559 -0.0314717 -0.0721326 -0.150255 0.0289319 0.097305 0.000786187 0.09471 -0.000424739 -0.101378 0.00101539 -3.15294e-05 -0.000696878 -0.145346 0.00108153 0.0592148 0.135449 -0.000510669 0.00080962 0.0377758 -9.10451e-05 0.000920345
internal_weight=4794.5 4579.5 47.5 4532 4494 114 76 4380 59 215 128.5 61.5 86.5 54 4321 55 4266 60 4206 4176 4158 50.5 4107.5 109.5 77.5 3998 3970 47 3948.5 3916.5
internal_count=4235 4044 44 4000 3966 102 66 3864 51 191 112 57 79 50 3813 55 3758 60 3698 3668 3650 50 3600 106 75 3494 3469 45 3449 3427
is_linear=0
shrinkage=0.03


Tree=278
num_leaves=31
num_cat=0
split_feature=6 17 6 3 5 14 0 0 12 11 12 5 17 5 13 12 17 16 6 2 13 18 0 13 9 16 5 17 9 12
split_gain=251.581 396.273 298.083 1313.16 1263.82 1767.24 992.393 662.588 518.259 971.899 495.927 2140.88 1248.1 1837.64 813.368 719.78 1132.49 1895.21 1062.54 960.573 692.136 1611.78 738.66 682.336 820.052 699.458 629.842 1684.8 2155.63 1726.84
threshold=95.000000000000014 415.50000000000006 212.50000000000003 4511.0000000000009 -6.5904357668365057 90.500000000000014 180.22981011210251 153.82724780701753 14.500000000000002 22.978538202027952 23.500000000000004 8.8131435475349935 324.50000000000006 -1.8617324561404869 49.500000000000007 27.500000000000004 188.50000000000003 -326.99999999999994 458.50000000000006 27.486937559606755 111.50000000000001 0.57500000000000007 346.70101351351354 132.50000000000003 -1290.4999999999998 -178.49999999999997 -49.828068106587487 367.50000000000006 -5168.4999999999991 78.500000000000014
decision_type=8 8 8 8 10 10 10 10 8 10 8 10 10 8 8 8 8 10 8 10 8 10 10 8 8 10 8 10 10 10
left_child=1 -1 3 -2 5 -5 7 -6 9 -4 11 12 13 -10 -12 18 17 -17 -16 -20 21 -18 23 24 -22 -26 27 28 -25 -29
right_child=2 -3 8 4 6 -7 -8 -9 10 -11 14 -13 -14 -15 15 16 20 -19 19 -21 22 -23 -24 26 25 -27 -28 29 -30 -31
leaf_value=-0.14898190305783199 -0.11709564477582519 0.010424704923004399 -0.23135453252792357 0.30649460980644472 0.020560552315278487 -0.025867842280346415 0.13561433154870481 -0.18304706857484929 -0.28335548910329927 0.012132289580379922 -0.13949518632388822 0.28266298843642407 0.11224480995110103 0.069944544909697648 0.065684346591725062 0.34085268730812884 -0.29605689038621619 -0.011666995720429854 -0.053340364239432593 -0.31765046423673626 0.18872440993785858 0.01291359664395798 0.16723788386210797 0.079323635166738099 -0.094520005169561341 0.108762857232775 0.00043236443869243342 0.20596354504763068 -0.29451484680175782 -0.15249977553763042
leaf_weight=26 39.5 30.5 25 38.5 33 23 34 25.5 26.5 36 38 29.5 42 26.5 25.5 23.5 23.5 33 27.5 22.5 37.5 43 24 20.5 29.5 31.5 3886.5 29.5 43 20.5
leaf_count=22 33 26 21 36 25 22 34 23 22 34 32 29 38 25 23 23 23 29 23 20 34 37 24 20 26 28 3414 29 40 20
internal_value=2.31175e-11 -0.0629305 0.000750438 0.037217 0.0767972 0.182196 0.00672092 -0.0681915 -0.000802269 -0.0876574 0.000379433 0.0594173 -0.0099064 -0.106705 -0.00130678 -9.15171e-05 0.0015413 0.134956 -0.0919079 -0.17228 -0.000258159 -0.0962715 0.00129063 0.000318876 0.0783234 0.0104539 -0.00160199 -0.0712628 -0.173827 0.0589936
internal_weight=4794.5 56.5 4738 193.5 154 61.5 92.5 58.5 4544.5 61 4483.5 124.5 95 53 4359 4321 4245.5 56.5 75.5 50 4189 66.5 4122.5 4098.5 98.5 61 4000 113.5 63.5 50
internal_count=4235 48 4187 173 140 58 82 48 4014 55 3959 114 85 47 3845 3813 3747 52 66 43 3695 60 3635 3611 88 54 3523 109 60 49
is_linear=0
shrinkage=0.03


Tree=279
num_leaves=31
num_cat=0
split_feature=19 19 11 2 7 19 13 19 7 6 6 8 10 6 15 2 4 2 15 2 0 3 17 6 6 11 10 6 16 9
split_gain=250.547 407.851 1605.48 1298.97 753.223 599.789 580.08 424.922 1212.1 380 1125.11 1399 1277.55 1174.16 1124.28 1098.06 1269.34 1051.16 1108.63 984.904 1110.72 967.649 1009.72 831.143 1179.3 1063.84 796.872 731.493 619.464 590.918
threshold=-0.50499999999999989 -0.29499999999999987 28.603293986939104 29.143076497543454 8354.5000000000018 -0.25499999999999995 157.50000000000003 -0.23499999999999999 7863.5000000000009 551.50000000000011 500.50000000000006 170.66741071428552 3.2843424643292516 519.50000000000011 17011.500000000004 25.214597384555855 0.39409722222222232 30.945211585471203 10578.000000000002 30.541101710665455 170.18200146627603 4433.0000000000009 460.50000000000006 485.50000000000006 478.50000000000006 25.575956942045156 -2.4763498955244994 475.50000000000006 -174.49999999999997 1350.5000000000002
decision_type=8 8 10 10 10 8 10 8 8 10 10 10 10 10 10 8 10 10 8 10 8 10 8 10 10 10 8 10 10 10
left_child=-1 2 4 -4 -2 6 -3 8 -7 10 23 14 13 -13 17 16 -11 29 -19 20 -17 -21 -23 24 27 -26 -25 -9 -28 -12
right_child=1 5 3 -5 -6 7 -8 9 -10 15 11 12 -14 -15 -16 19 -18 18 -20 21 -22 22 -24 26 25 -27 28 -29 -30 -31
leaf_value=-0.10465466301615645 0.088638661037529667 -0.19666523525931617 0.074495812447174722 -0.20479304943444593 0.32478016090393064 0.21315568746146507 -0.0073891409666788192 -0.00153180040907127 -0.073956368267536168 -0.019970842118132603 0.091949177972878077 0.25765128159004708 0.35963180812922391 -0.018280098585145815 0.20946788372433914 -0.056144110329297121 0.23560522027637648 0.0076835006182311011 -0.25894264672238088 0.10098958223126828 -0.34180796720543682 0.035551885258067739 -0.20587784861524897 -0.19005276302620769 -0.0070727256036573838 0.2304515388727188 -0.14030212263627484 -0.15969755496618881 0.036347486920216505 -0.035443441160023209
leaf_weight=20.5 31 27.5 34.5 26.5 20 29.5 31 3800 24 73 79 23 22 35 24.5 24.5 23 30.5 26 32 24.5 27.5 36 40 31 37.5 27.5 26.5 51 56
leaf_count=20 31 25 34 23 20 28 30 3353 22 56 66 23 22 34 21 21 23 26 20 29 23 24 31 33 28 35 23 23 43 45
internal_value=1.49207e-10 0.000449397 0.0570222 -0.0468346 0.181243 -0.00090971 -0.0963651 0.00030331 0.0843578 -0.000685023 0.00136308 0.0578075 0.164976 0.091141 0.0181155 -0.0373848 0.0412609 -0.00636559 -0.115012 -0.0896338 -0.198976 -0.0335315 -0.101322 -0.00279976 -0.000418523 0.122959 -0.0810692 -0.00262716 -0.0255361 0.0391048
internal_weight=4794.5 4774 112 61 51 4662 58.5 4603.5 53.5 4550 4309.5 296 80 58 216 240.5 96 191.5 56.5 144.5 49 95.5 63.5 4013.5 3895 68.5 118.5 3826.5 78.5 135
internal_count=4235 4215 108 57 51 4107 55 4052 50 4002 3795 257 79 57 178 207 79 157 46 128 44 84 55 3538 3439 63 99 3376 66 111
is_linear=0
shrinkage=0.03


Tree=280
num_leaves=31
num_cat=0
split_feature=9 12 3 17 9 12 11 11 4 11 15 17 4 4 16 9 10 13 13 17 15 1 1 12 6 18 18 3 14 18
split_gain=249.207 703.455 535.789 457.871 408.466 1552.26 725.843 1772.5 2667.65 1610.31 1150.52 2188.69 1437.89 1170.23 941.035 1101.37 1195.99 834.532 913.464 793.565 738.56 1671.24 759.459 550.159 961.135 592.681 1743.09 1293.03 1734.41 863.911
threshold=-10665.499999999998 53.500000000000007 5204.0000000000009 335.50000000000006 -3697.9999999999995 21.500000000000004 43.944724492202305 38.773712489866362 0.36111111111111122 34.468444484125456 13969.166666666666 428.50000000000006 0.14756944444444448 0.40451388888888895 148.50000000000003 -4152.9999999999991 -0.81283452080520024 177.50000000000003 203.50000000000003 412.50000000000006 6388.0833333333348 210.92034875084653 185.69443487861221 15.500000000000002 394.50000000000006 1.0000000180025095e-35 0.085000000000000006 7493.5000000000009 76.500000000000014 0.055000000000000007
decision_type=8 10 10 10 8 8 8 10 10 10 10 10 10 10 10 10 10 8 8 8 10 10 10 8 8 8 10 8 10 10
left_child=1 3 -3 -1 5 -2 7 9 -9 10 14 12 -12 -14 15 17 -17 -7 -19 -20 -21 22 -22 24 -6 27 29 -25 -29 -27
right_child=4 2 -4 -5 23 6 -8 8 -10 -11 11 -13 13 -15 -16 16 -18 18 19 20 21 -23 -24 25 -26 26 -28 28 -30 -31
leaf_value=-0.051628258808933451 0.25430843775272371 -0.047653662195572481 0.1128426511089007 -0.20630417142595561 0.053281305052473076 -0.13198603652990781 -0.11203833433297965 -0.0086448676228523241 0.45000867876091172 -0.16509150655070942 0.059293654891459838 -0.058048775086348703 0.43072901789958656 0.13696134816045344 -0.17567826903528638 -0.02692647177240123 0.26166891556675154 0.17587668203390561 -0.14575861986069116 -0.12397504828870295 0.020418853470834632 0.25062011010117002 -0.17240805617400576 0.25862523272037508 -0.1710673180406683 -0.071004638941057255 9.6417783911326946e-05 -0.15339670369972386 0.17233765668102671 -0.28693397875015553
leaf_weight=58 25 39 36 24.5 28 45.5 39 25 21 45 46 55 26 23 27 23 29.5 26 34 32 147.5 27 21 25 44.5 46.5 3690.5 31 28 26
leaf_count=51 24 34 31 19 26 40 34 21 21 39 35 47 26 23 23 20 28 22 29 30 126 27 21 25 39 45 3244 31 28 26
internal_value=4.65904e-12 -0.0371114 0.0293846 -0.0975623 0.00126052 0.0220711 0.0136871 0.0211903 0.20074 0.00759469 0.0214096 0.0925593 0.179753 0.292838 -0.00446303 0.0075287 0.135237 -0.0126054 0.00628784 -0.0105738 0.00962968 0.0314985 -0.00361299 -0.00254905 -0.0844223 -0.00100608 -0.00276539 0.077807 0.00118909 -0.148441
internal_weight=4794.5 157.5 75 82.5 4637 717.5 692.5 653.5 46 607.5 562.5 150 95 49 412.5 385.5 52.5 333 287.5 261.5 227.5 195.5 168.5 3919.5 72.5 3847 3763 84 59 72.5
internal_count=4235 135 65 70 4100 636 612 578 42 536 497 131 84 49 366 343 48 295 255 233 204 174 147 3464 65 3399 3315 84 59 71
is_linear=0
shrinkage=0.03


Tree=281
num_leaves=31
num_cat=0
split_feature=14 14 10 6 13 12 14 8 10 8 4 2 10 4 14 0 11 7 13 10 3 2 16 16 11 0 6 2 0 0
split_gain=249.938 349.296 768.233 511.319 436.711 1020.21 569.248 2109.88 764.942 402.074 748.267 1161.54 1127.33 1063.19 727.986 695.907 981.384 587.132 2288.02 1357.83 1182.36 2525.01 1121.49 1089.05 1815.31 1674.46 1609.88 1234.77 1031.13 999.898
threshold=223.50000000000003 179.50000000000003 3.4686665874289999 500.50000000000006 390.50000000000006 47.500000000000007 158.50000000000003 198.62941919191903 4.739269693919252 128.57380660954752 0.10243055555555562 33.405344062913706 5.4039679314576512 0.13368055555555552 83.500000000000014 120.353494623656 27.130671623899854 13515.000000000002 347.50000000000006 2.6949150204345504 20174.500000000004 29.848503712368505 -174.49999999999997 -62.499999999999993 28.276758855227552 138.40312500000002 398.50000000000006 29.539980721820303 369.85918811163452 280.23157894736852
decision_type=10 10 8 8 10 10 10 8 10 8 10 10 8 10 10 8 8 10 10 8 10 8 8 10 10 10 10 10 8 10
left_child=1 4 3 -3 6 -6 9 8 -8 10 11 -1 13 -12 -15 16 -11 20 19 -19 22 -22 -17 24 26 -25 27 -21 29 -24
right_child=-2 2 -4 -5 5 -7 7 -9 -10 15 12 -13 -14 14 -16 17 -18 18 -20 23 21 -23 28 25 -26 -27 -28 -29 -30 -31
leaf_value=-0.016131518016404965 0.096570021100342268 -0.08100458706126494 -0.17519247025251389 0.11192298762500286 -0.23348142001223057 0.024357142572972314 -0.050594653615848618 0.31129730481505397 0.13756430738502076 -0.054446938633918758 -0.15453146794567937 0.19139509719151718 -0.19084560250242549 0.14563638396885084 -0.057343075154191354 -0.071268720494769983 0.16441572048597866 -0.012057253267940956 0.33392520955630711 0.095606293894656705 -0.00020929994101219989 -0.38381818118302719 0.0045302587058523632 0.20132172897213796 0.36627794179916384 -0.057198115153550409 0.2425053605826005 -0.18143233135342599 0.1843334366833525 -0.099348295781501492
leaf_weight=365.5 24 25.5 32.5 24 23.5 33.5 69.5 25 27 28 34.5 26 54 34.5 29.5 194.5 54 493 21 36.5 47 23 2754.5 30.5 25 86.5 34.5 24 28 86
leaf_count=250 22 22 28 19 20 29 59 25 24 20 24 20 40 28 22 175 42 433 20 34 42 20 2523 25 23 78 33 21 28 86
internal_value=1.22921e-10 -0.000485836 -0.0618685 0.0125361 0.000587723 -0.0819447 0.00160345 0.0656818 0.00205086 -0.000122827 -0.0243088 -0.00234942 -0.080683 -0.0202894 0.0520755 0.00319466 0.0896821 0.00136871 0.0251924 0.0163111 -0.00434199 -0.126252 -0.00155592 0.075322 0.138822 0.0101938 0.0789651 -0.0142933 0.00317099 0.00138519
internal_weight=4794.5 4770.5 82 49.5 4688.5 57 4631.5 121.5 96.5 4510 544 391.5 152.5 98.5 64 3966 82 3884 751 730 3133 70 3063 237 120 117 95 60.5 2868.5 2840.5
internal_count=4235 4213 69 41 4144 49 4095 108 83 3987 384 270 114 74 50 3603 62 3541 667 647 2874 62 2812 214 111 103 88 55 2637 2609
is_linear=0
shrinkage=0.03


Tree=282
num_leaves=31
num_cat=0
split_feature=3 9 18 6 7 7 11 5 19 1 3 5 12 13 0 6 3 18 16 10 0 15 11 6 3 0 3 17 2 12
split_gain=240.573 315.228 573.669 570.531 397.908 1217.01 1508.43 1010.48 1171.2 757.02 762.012 1447.76 1466.34 1215.64 1155.58 1152.72 1046.85 1004.44 1117.49 1313.6 1024.41 923.978 857.052 1187.16 743.804 1994.36 1377.44 896.115 2392.14 1548.28
threshold=29445.000000000004 -13171.999999999998 0.8650000000000001 481.50000000000006 14455.500000000002 14926.000000000002 28.769527910476253 -32.609039333193998 0.28500000000000009 355.13734124637443 15939.500000000002 -27.619170303380994 73.500000000000014 205.50000000000003 130.96786077235802 324.50000000000006 15537.500000000002 0.065000000000000016 -6.4999999999999991 -1.9868607105817 269.45300751879705 14885.583333333338 23.069356629446354 362.50000000000006 3895.0000000000005 209.88904840032805 2528.0000000000005 473.50000000000006 36.565354351321858 59.500000000000007
decision_type=10 8 10 8 8 8 10 8 10 8 8 10 10 10 10 8 10 10 10 8 10 10 10 10 8 10 10 10 8 10
left_child=1 2 3 -1 9 6 -6 8 -7 10 16 -12 14 -14 -13 -16 17 18 19 -3 21 -19 -17 -24 25 26 -9 -26 29 -29
right_child=-2 4 -4 -5 5 7 -8 24 -10 -11 11 12 13 -15 15 22 -18 20 -20 -21 -22 -23 23 -25 27 -27 -28 28 -30 -31
leaf_value=-0.19942194345497316 -0.075687415528297414 -0.031528212454702172 0.046601661614009311 -0.0068007267951965327 0.027046963047981258 0.25427537192900973 0.33162600606679915 -0.13407913536291857 -0.029116586844126383 0.16403655007481574 -0.22134893579702627 -0.10689901732796922 -0.30383294780464737 -0.059154869678408599 0.22956536800211128 0.12242569182413755 0.15962914136155471 0.0018888829445853959 0.069638952690622077 -0.31960810306771048 0.19608323879539966 -0.11254500737098547 -0.1406138480713493 0.063701582386888361 0.0091312977493450617 0.33488866490396585 0.14005677380668582 -0.18288648136250385 -0.31064635855666661 0.035109658884111702
leaf_weight=31 37.5 28 31.5 25 37.5 31.5 24 32.5 22.5 24 38 54.5 25.5 64.5 27.5 48.5 36.5 2757.5 23 29 24 65 47.5 55.5 926.5 22 33.5 38.5 29.5 123
leaf_count=27 28 28 24 23 33 31 21 29 21 24 33 37 20 54 27 46 31 2443 23 28 24 52 43 49 821 22 32 32 24 105
internal_value=-3.51653e-10 0.000596653 -0.0558188 -0.11343 0.0016538 0.0155966 0.145907 0.00923372 0.136195 -0.00384672 -0.00505869 -0.0461785 -0.025602 -0.12848 0.0140513 0.0508769 -4.18827e-05 -0.00203334 -0.106872 -0.178095 0.00091311 -0.000746441 0.0184418 -0.0305216 0.00354651 0.0875214 0.00506561 -0.00306627 -0.0622341 -0.0168585
internal_weight=4794.5 4757 87.5 56 4669.5 1321 61.5 1259.5 54 3348.5 3324.5 361.5 323.5 90 233.5 179 2963 2926.5 80 57 2846.5 2822.5 151.5 103 1205.5 88 66 1117.5 191 161.5
internal_count=4235 4207 74 50 4133 1171 54 1117 52 2962 2938 309 276 74 202 165 2629 2598 79 56 2519 2495 138 92 1065 83 61 982 161 137
is_linear=0
shrinkage=0.03


Tree=283
num_leaves=31
num_cat=0
split_feature=19 8 19 11 9 11 15 14 7 6 6 15 8 7 16 1 8 11 4 4 9 19 17 0 9 2 13 11 11 9
split_gain=242.269 933.534 665.078 1031.13 1005.53 290.208 1566.47 1750.41 1275.81 887.404 1580.17 1556.63 1256.99 1239.16 1122.15 754.194 1689.19 712.945 2151.85 1602.77 1501.96 1392.22 1288.03 1781.88 844.61 771.945 1747.31 857.705 1567.01 1853.82
threshold=-0.42499999999999993 164.37214024637902 -0.31499999999999989 35.336424077025008 322.00000000000006 39.848331793238906 12845.666666666666 75.500000000000014 13822.000000000002 382.50000000000006 317.50000000000006 7250.666666666667 172.78154121863801 10223.500000000002 92.500000000000014 157.65332327171038 175.73428995546752 35.638410792969658 0.51909722222222243 0.45833333333333343 276.00000000000006 -0.14999999999999991 389.50000000000006 168.1107480029045 1.0000000180025095e-35 46.884966843240953 258.50000000000006 31.268860170314603 29.772029467552652 -5611.9999999999991
decision_type=8 10 8 10 10 10 8 10 8 10 10 10 10 10 10 10 10 10 10 10 8 8 8 8 10 10 8 10 10 8
left_child=1 -1 3 4 -2 17 8 -8 9 10 14 12 -11 -13 15 -7 -17 25 19 21 -20 -19 24 -24 -23 27 -27 28 -4 -30
right_child=2 -3 5 -5 -6 6 7 -9 -10 11 -12 13 -14 -15 -16 16 -18 18 20 -21 -22 22 23 -25 -26 26 -28 -29 29 -31
leaf_value=-0.21231389079775129 0.3239019926027818 0.074073287609964608 0.001997864504002262 -0.064962334582146175 0.033678500183991017 -0.017652130242437121 -0.23782405082996075 0.048272094585393603 0.24589364029859243 -0.065489443503320213 0.26267710620866103 -0.27790818808442458 0.19647598740973454 0.017677995204925537 -0.1297135082341857 0.36561836302280426 0.025279787370136805 0.15221725888550283 -0.071090488617236797 0.20427605854381212 -0.40201793082216952 0.19774131137391796 -0.05858612449511949 -0.31616251532171596 -0.048615606860681011 0.07017678437080789 -0.28675720054369708 0.03755463749122543 0.14740517747813259 -0.1084067498733647
leaf_weight=21 22 20 3183.5 23.5 21 40 39 38 28.5 32 34 29.5 34 22.5 29.5 21 35 30 26 27.5 23.5 23 116.5 30.5 27.5 23.5 26 526.5 29 211
leaf_count=20 22 20 2791 22 20 33 32 35 26 26 33 25 34 20 25 21 35 30 25 27 23 22 94 27 25 21 22 470 26 183
internal_value=3.70254e-11 -0.0726128 0.000626302 0.0948342 0.182165 -0.000710337 0.0243142 -0.0966337 0.0547488 0.0351177 0.0812612 -0.0272544 0.0694624 -0.15001 0.0321127 0.0818406 0.152907 -0.00293719 -0.0471881 -0.012051 -0.228197 -0.0382004 -0.0671247 -0.112029 0.0635866 0.000431832 -0.117304 0.00190725 -0.00357496 -0.0774961
internal_weight=4794.5 41 4753.5 66.5 43 4687 383 77 306 277.5 159.5 118 66 52 125.5 96 56 4304 304.5 255 49.5 227.5 197.5 147 50.5 3999.5 49.5 3950 3423.5 240
internal_count=4235 40 4195 64 42 4131 345 67 278 252 147 105 60 45 114 89 56 3786 273 225 48 198 168 121 47 3513 43 3470 3000 209
is_linear=0
shrinkage=0.03


Tree=284
num_leaves=31
num_cat=0
split_feature=6 2 6 3 5 14 0 18 12 11 12 5 17 5 13 12 17 16 7 13 18 0 11 0 0 3 13 9 16 0
split_gain=234.663 377.009 278.098 1214.07 1196.69 1610.35 905.304 504.003 469.449 913.189 459.354 1978.14 1183.64 1680.87 744.492 665.738 1049.22 1768.78 1024.41 655.966 1513.7 640.381 2275.76 717.518 926.043 910.803 560.066 680.081 649.75 518.083
threshold=95.000000000000014 29.462917145259805 212.50000000000003 4511.0000000000009 -6.5904357668365057 90.500000000000014 193.0645519077195 0.72500000000000009 14.500000000000002 22.978538202027952 23.500000000000004 8.8131435475349935 324.50000000000006 -1.8617324561404869 49.500000000000007 27.500000000000004 188.50000000000003 -326.99999999999994 8644.5000000000018 111.50000000000001 0.57500000000000007 299.13949897048752 30.951378255802354 280.23157894736852 269.45300751879705 8062.5000000000009 132.50000000000003 -1290.4999999999998 -178.49999999999997 247.29850361197103
decision_type=8 10 8 8 10 10 10 10 8 10 8 10 10 8 8 8 8 10 8 8 10 10 8 10 10 8 8 8 10 8
left_child=1 -1 3 -2 5 -5 7 -6 9 -4 11 12 13 -10 -12 18 17 -17 -16 20 -18 23 -23 24 26 -25 27 -21 -29 -28
right_child=2 -3 8 4 6 -7 -8 -9 10 -11 14 -13 -14 -15 15 16 19 -19 -20 21 -22 22 -24 25 -26 -27 29 28 -30 -31
leaf_value=0.0046179310029203233 -0.11242867306817936 -0.15261022134030119 -0.22272826766967774 0.29521984326374995 -0.13072583447046138 -0.022047395809837007 0.16896130856126546 0.030887314333042631 -0.27268115335477972 0.013289793664589523 -0.13348128844052554 0.27176214040335961 0.10948687698159899 0.06521303791482494 0.025814712939605317 0.32878623749347441 -0.28735407022719689 -0.011771932366219432 -0.19531784548209263 0.17334468890542853 0.012067634927672008 -0.054984031493465105 0.31760367736816403 -0.26306875365121024 0.17952005445957184 0.019810313791036604 -0.0001494733531173383 -0.091546935348187461 0.1043795116742452 -0.071077587990384355
leaf_weight=33 39.5 23.5 25 38.5 34 23 23 35.5 26.5 36 38 29.5 42 26.5 36.5 23.5 23.5 33 39 36.5 43 36 25 21 26 20 3802 29.5 31.5 95
leaf_count=28 33 20 21 36 31 22 23 28 22 34 32 29 38 25 34 23 23 29 32 33 37 36 25 21 26 20 3327 26 28 93
internal_value=5.87663e-10 -0.0607778 0.000724768 0.0359477 0.0740052 0.176567 0.00581547 -0.0481752 -0.000774985 -0.0834389 0.000349694 0.0571689 -0.00946796 -0.103734 -0.00127315 -0.00011048 0.00145985 0.129876 -0.0884127 -0.000272196 -0.093743 0.00123558 0.0977158 -0.000213464 0.00105988 -0.125079 -0.000101707 0.0709169 0.0096282 -0.00187854
internal_weight=4794.5 56.5 4738 193.5 154 61.5 92.5 69.5 4544.5 61 4483.5 124.5 95 53 4359 4321 4245.5 56.5 75.5 4189 66.5 4122.5 61 4061.5 4020.5 41 3994.5 97.5 61 3897
internal_count=4235 48 4187 173 140 58 82 59 4014 55 3959 114 85 47 3845 3813 3747 52 66 3695 60 3635 61 3574 3533 41 3507 87 54 3420
is_linear=0
shrinkage=0.03


Tree=285
num_leaves=31
num_cat=0
split_feature=14 14 10 6 14 8 10 2 14 15 11 11 11 19 2 2 11 2 1 3 10 3 2 5 2 15 8 8 9 9
split_gain=233.688 327.114 710.539 472.618 406.903 1727.42 807.101 420.312 393.646 364.261 1515.33 426.415 1409.7 1612.02 1497.04 1732.37 1447.4 1831.59 1340.27 1135.84 1412.75 2273.11 1919.19 1752.26 1409.79 1304.18 1237.54 1502.79 1115.92 1668.51
threshold=223.50000000000003 179.50000000000003 3.4686665874289999 500.50000000000006 158.50000000000003 196.84643547941454 4.739269693919252 26.671467728552404 155.50000000000003 1425.5000000000002 27.779880069652801 34.133866044368155 31.187987047336851 0.20500000000000007 41.428527528831907 31.154455824339752 29.595345343471653 46.884966843240953 201.19699911707951 6192.0000000000009 -15.733941055166499 9987.5000000000018 21.482027985257805 29.060978203083497 46.023612734389111 11565.500000000002 195.82517570281104 218.92526595744704 -5611.9999999999991 -12.499999999999998
decision_type=10 10 8 8 10 8 10 10 10 8 10 10 10 10 10 10 10 10 10 8 8 8 10 8 10 10 10 10 8 10
left_child=1 4 3 -3 8 6 7 -6 9 10 -1 12 16 14 15 -14 17 -11 -17 25 21 -21 -23 24 26 -13 -22 -28 -18 -30
right_child=-2 2 -4 -5 5 -7 -8 -9 -10 11 -12 19 13 -15 -16 18 28 -19 -20 20 23 22 -24 -25 -26 -27 27 -29 29 -31
leaf_value=-0.098610050569881091 0.093377989977598178 -0.078246156468110922 -0.16885710549583802 0.10723641514778137 -0.0057189369518706136 0.26157184167099851 0.13428218907780115 -0.15897871927339202 -0.098357786049915324 0.005038382532547599 0.24277392990589139 -0.046255450457108313 0.12231483455961698 -0.12971254899695112 0.31527359199523924 -0.058852564340052392 0.096277077127070648 -0.25281110401153561 0.2072326762676239 0.3389252666064671 0.01178361813914817 -0.2152805037900459 0.14024572955369949 -0.20401901183304963 0.1768973557454975 -0.25347131032435621 -0.26342526018619539 0.019127187347039578 -0.17741492147783974 -0.01470742419362068
leaf_weight=22 24 25.5 32.5 24 47 28 27 24.5 37 3001 25 263.5 182.5 37 22.5 115 31.5 25 20 28 289 21.5 37.5 40.5 38 30.5 36 32 111 116
leaf_count=21 22 22 28 19 40 28 24 20 30 2639 23 239 165 31 22 100 28 21 20 27 253 20 35 35 34 26 34 31 96 102
internal_value=2.64693e-10 -0.000469777 -0.0598715 0.0116848 0.000569135 0.0536432 -0.00546345 -0.0582345 -0.000902559 -0.000105687 0.0829772 -0.000977705 0.00339393 0.0583378 0.0788021 0.0620443 -0.00291261 0.0029081 -0.0194325 -0.0205818 0.00596009 0.116329 0.0106896 -0.0160883 0.00318057 -0.0677523 -0.0153103 -0.130459 -0.0710499 -0.0942692
internal_weight=4794.5 4770.5 82 49.5 4688.5 126.5 98.5 71.5 4562 4525 47 4478 3661.5 377 340 317.5 3284.5 3026 135 816.5 522.5 87 59 435.5 395 294 357 68 258.5 227
internal_count=4235 4213 69 41 4144 112 84 60 4032 4002 44 3958 3224 338 307 285 2886 2660 120 734 469 82 55 387 352 265 318 65 226 198
is_linear=0
shrinkage=0.03


Tree=286
num_leaves=31
num_cat=0
split_feature=3 9 12 7 7 7 5 7 13 7 7 5 15 8 8 11 4 7 2 1 4 16 15 16 8 16 1 18 10 4
split_gain=228.792 294.24 581.942 776.185 688.07 534.714 911.989 754.925 478.629 424.909 1523.75 1546.57 1083.14 925.207 1456.1 2068.69 1652.97 1380.09 1758.76 2354.04 1326.11 1664.12 732.201 757.69 816.02 761.848 688.118 853.134 1264.94 1343.09
threshold=29445.000000000004 -10665.499999999998 63.500000000000007 17800.000000000004 17999.500000000004 22835.000000000004 0.63299255569000945 21888.500000000004 54.500000000000007 14560.500000000002 14926.000000000002 -32.609039333193998 13091.166666666666 244.39758771929803 213.88794141252001 23.738088420195155 0.39583333333333343 17213.000000000004 30.945211585471203 201.19699911707951 0.34201388888888895 -178.49999999999997 14560.333333333338 -61.499999999999993 156.98403890160202 181.50000000000003 355.13734124637443 0.065000000000000016 0.77076278860714897 0.90104166666666685
decision_type=10 8 10 10 10 10 10 10 10 8 8 8 8 10 10 10 10 10 10 10 10 10 10 8 10 8 8 10 8 10
left_child=1 2 4 -4 -1 7 -7 9 -6 22 -11 12 -12 14 16 -16 20 18 19 -18 -13 -22 26 -24 -25 -26 27 28 29 -3
right_child=-2 5 3 -5 8 6 -8 -9 -10 10 11 13 -14 -15 15 -17 17 -19 -20 -21 21 -23 23 24 25 -27 -28 -29 -30 -31
leaf_value=0.020735422831315263 -0.073811048817634575 -0.1467248296049925 -0.094627228520133264 0.113493838929213 -0.074696058304980398 -0.04732666518377221 0.20199972043114323 -0.13895743852076323 -0.24892069704392378 0.19070335377346384 0.33156100947748529 0.0053529014161118223 0.049145057656548238 -0.19402367455618721 -0.034931865249361309 0.38134446176615627 -0.20921253548136778 0.074728782594203944 -0.35577342460030004 0.16323906823992729 0.34427533984184261 -0.0072012194960701225 -0.20994382616132498 -0.095662232150836857 0.20389773454517127 -0.054817895463534765 0.15947820588946343 0.0008250205867198231 -0.23056136722366014 0.1644948062673211
leaf_weight=32.5 37.5 26 27.5 39 32 23 31 34.5 25.5 44 22 833 27.5 21 21 22 42 30 28.5 24 24 24.5 28 73.5 20 21 24 3096 36 24
leaf_count=30 28 26 24 34 26 20 28 28 20 39 21 717 27 21 21 22 41 30 27 24 23 23 24 53 20 20 24 2735 35 24
internal_value=-1.24189e-10 0.000581861 -0.0398712 0.0274287 -0.0895983 0.00195799 0.0958051 0.000843347 -0.151961 0.0019123 0.0175304 0.0107241 0.174663 0.00313999 0.00708702 0.178047 -0.0002204 -0.102545 -0.158823 -0.0737756 0.0142316 0.166725 -0.00351449 -0.0700549 -0.0358462 0.0713849 -0.000556905 -0.00176396 -0.0949672 0.0026606
internal_weight=4794.5 4757 156.5 66.5 90 4600.5 54 4546.5 57.5 4512 1163.5 1119.5 49.5 1070 1049 43 1006 124.5 94.5 66 881.5 48.5 3348.5 142.5 114.5 41 3206 3182 86 50
internal_count=4235 4207 134 58 76 4073 48 4025 46 3997 1036 997 48 949 928 43 885 122 92 65 763 46 2961 117 93 40 2844 2820 85 50
is_linear=0
shrinkage=0.03


Tree=287
num_leaves=31
num_cat=0
split_feature=13 2 3 12 13 18 2 7 3 2 14 10 6 3 2 8 5 14 14 10 13 5 19 7 11 7 19 15 6 18
split_gain=227.474 635.852 316.953 1059.49 1099.81 578.122 465.179 463.381 569.097 1172.78 961.747 1478.32 861.777 983.563 950.065 1261.54 584.253 504.966 1189.25 1492.62 880.993 1062.44 1407.65 816.731 1093.43 856.886 2863.52 2004.16 1281.36 886.703
threshold=390.50000000000006 28.435871896809406 865.50000000000011 48.500000000000007 210.50000000000003 0.82500000000000007 25.661082529075255 272.50000000000006 2417.0000000000005 18.352412833309355 62.500000000000007 -16.975218708742371 353.50000000000006 2100.5000000000005 29.350817539737502 163.09945175438602 76.31587752525202 49.500000000000007 60.500000000000007 9.0835951701530515 160.50000000000003 8.5086115827204924 -0.059999999999999963 1567.5000000000002 30.003648692350755 2365.0000000000005 -0.010000000000000004 1425.5000000000002 411.50000000000006 0.71500000000000008
decision_type=10 10 8 8 8 10 10 8 8 8 8 10 8 10 10 10 10 8 8 10 10 10 10 8 10 8 8 8 10 8
left_child=2 -2 3 -1 -5 6 -6 -4 9 -9 -11 -12 -13 14 -14 -16 17 20 19 -19 21 -10 -23 24 -20 26 -25 -27 29 -28
right_child=1 -3 7 4 5 -7 -8 8 16 10 11 12 13 -15 15 -17 -18 18 23 -21 -22 22 -24 25 -26 27 28 -29 -30 -31
leaf_value=0.24503242287693952 -0.14210292398929594 0.042297523766756058 0.11325270904228091 -0.16922491669654846 -0.098897985635801794 0.19119906083742777 0.07530578392666655 0.10669880206882953 -0.059022265099367199 0.1086198447675121 -0.30648920173645017 -0.20469881530730955 -0.074083634625310479 -0.16568111392895918 -0.043374478471906557 0.23767583348627747 0.15215696492920749 0.048507601844044179 -0.0019578932903029701 0.32438270208312242 -0.20322634004197029 -0.013709736184759453 0.28085496126219284 -0.14460925755046661 -0.19310885503724379 0.41396281446729383 0.4380356204509735 -0.0011060202510535827 0.016890929232944142 0.16698272315661114
leaf_weight=20.5 35.5 32 32 24 21.5 22.5 38.5 40 181 24.5 25 31 57.5 37 28.5 29 23 127 66 20.5 26.5 45.5 21.5 31.5 45.5 10.499999999999998 21 3631.5 22 22.5
leaf_count=20 30 29 29 19 21 19 38 36 155 24 21 28 50 34 24 29 23 113 59 20 23 42 20 27 40 10 21 3190 21 20
internal_value=-1.16413e-10 -0.0546835 0.000780862 0.0475332 0.00951687 0.0615145 0.0128828 -0.000509908 -0.00130684 -0.043348 -0.0691625 -0.0901033 -0.0605423 -0.031142 0.0121445 0.0983726 0.00136018 0.000548406 0.00325088 0.0868496 -0.0388122 -0.0212437 0.0808148 4.84849e-05 -0.0799612 0.00243444 0.0904358 9.06362e-05 0.203473 0.297836
internal_weight=4794.5 67.5 4727 127 106.5 82.5 60 4600 4568 272.5 232.5 208 183 152 115 57.5 4295.5 4272.5 3998 147.5 274.5 248 67 3850.5 111.5 3739 97 3642 65.5 43.5
internal_count=4235 59 4176 117 97 78 59 4059 4030 246 210 186 165 137 103 53 3784 3761 3521 133 240 217 62 3388 99 3289 89 3200 62 41
is_linear=0
shrinkage=0.03


Tree=288
num_leaves=31
num_cat=0
split_feature=14 14 8 6 13 12 14 8 10 2 14 8 4 2 10 4 14 0 18 4 2 19 18 18 3 14 17 5 3 1
split_gain=224.392 310.633 685.593 571.482 388.863 950.29 512.679 1883.29 682.93 374.572 371.499 377.665 747.043 1081.89 999.602 1121.52 673.524 635.262 964.004 554.201 672.492 1402.58 982.912 2004.72 1849.03 2114.65 1669.89 1585.12 1294.17 1256.43
threshold=223.50000000000003 179.50000000000003 177.59795026881702 500.50000000000006 390.50000000000006 47.500000000000007 158.50000000000003 198.62941919191903 4.739269693919252 27.936130832165404 155.50000000000003 128.57380660954752 0.10243055555555562 32.993483932408004 5.4039679314576512 0.13368055555555552 83.500000000000014 120.353494623656 0.93500000000000016 0.0043402777777777788 18.882247298574804 0.28500000000000009 0.54500000000000015 0.67500000000000016 12709.500000000002 92.500000000000014 456.50000000000006 -5.5277150385849998 6422.0000000000009 213.16073428953675
decision_type=10 10 8 8 10 10 10 8 10 10 10 8 10 10 8 10 10 8 10 8 8 10 10 10 10 8 8 10 8 10
left_child=1 4 3 -3 6 -6 10 8 9 -8 11 12 13 -1 15 -14 -17 18 -13 -19 21 22 24 -24 25 -21 -27 28 -28 -29
right_child=-2 2 -4 -5 5 -7 7 -9 -10 -11 -12 17 14 -15 -16 16 -18 19 -20 20 -22 -23 23 -25 -26 26 27 29 -30 -31
leaf_value=-0.014704575601344307 0.091501730205491183 -0.094271363561803628 -0.1821537941031986 0.099135136582634661 -0.22357949899073609 0.025266352500488511 0.0014429209501512588 0.29437385060191157 0.13024771120813156 -0.14656706563804459 -0.094797338380201435 0.1891877496242523 -0.16398059769110246 0.18051823321255769 -0.18296278641869623 0.14132264738497527 -0.053916580111293466 -0.17688694192517188 -0.01847955020545404 -0.23134630480203133 -0.0026369861987914143 -0.16854319244623184 0.28567753928048267 0.047821067813239096 0.21184745610026376 0.26292596563696863 -0.0069476587857518878 -0.03882587859505101 -0.33620087450200864 0.25031822430236
leaf_weight=360 24 27.5 27 27.5 23.5 33.5 46.5 25 27 23 37 41 33 27.5 54 34.5 29.5 15.499999999999998 39.5 43.5 3221 30 35 359 28 20 21 38 22 21
leaf_count=246 22 22 26 21 20 29 40 25 24 19 30 33 23 21 40 28 22 11 28 43 2945 28 35 304 28 20 21 38 22 21
internal_value=-4.35252e-11 -0.000460338 -0.0583463 0.00243189 0.000552065 -0.077328 0.00151054 0.0623217 0.00220458 -0.0475388 -0.000127724 0.000655369 -0.0229074 -0.000850054 -0.0795116 -0.0219203 0.0513296 0.00388032 0.0872889 0.00213813 0.00286104 0.0315398 0.0417568 0.0689504 -0.0136141 -0.0517587 0.0122746 -0.0368728 -0.175403 0.0640898
internal_weight=4794.5 4770.5 82 55 4688.5 57 4631.5 121.5 96.5 69.5 4510 4473 538.5 387.5 151 97 64 3934.5 80.5 3854 3838.5 617.5 587.5 394 193.5 165.5 122 102 43 59
internal_count=4235 4213 69 43 4144 49 4095 108 83 59 3987 3957 380 267 113 73 50 3577 61 3516 3505 560 532 339 193 165 122 102 43 59
is_linear=0
shrinkage=0.03


Tree=289
num_leaves=31
num_cat=0
split_feature=1 5 14 6 6 3 19 8 10 10 2 2 11 19 4 1 19 15 6 6 11 5 5 16 6 6 15 19 9 6
split_gain=223.9 625.884 562.897 282.839 1737.07 1493.22 884.785 803.285 1514.63 794.301 750.361 1101.58 1078.94 747.172 1011.26 932.884 776.756 759.574 676.175 1030.42 1155.78 857.036 1512.9 1034.47 689.784 1160.59 1589.52 1282.78 993.506 2550.53
threshold=115.62823464912302 -1.7346764868959992 91.500000000000014 500.50000000000006 519.50000000000011 12982.500000000002 0.25500000000000012 138.82192982456152 -5.0507044494828497 -11.443714709230846 38.445244448557659 32.494388485002609 39.248414719535354 -0.024999999999999963 0.38715277777777779 147.48085826272901 -0.15999999999999992 10542.500000000002 485.50000000000006 478.50000000000006 25.575956942045156 -17.207837498620503 -4.9672913362590085 -62.499999999999993 419.50000000000006 408.50000000000006 6439.8333333333339 0.010000000000000007 -3461.4999999999995 422.50000000000006
decision_type=8 10 8 10 10 10 8 10 10 10 10 10 10 10 10 10 8 10 10 10 10 8 8 8 10 10 10 10 10 10
left_child=1 -1 -3 18 5 7 9 -5 -9 -6 11 13 -12 16 15 -15 -11 -18 19 24 -21 -20 -23 -24 25 -2 -27 -28 -26 -30
right_child=3 2 -4 4 6 -7 -8 8 -10 10 12 -13 -14 14 -16 -17 17 -19 21 20 -22 22 23 -25 28 26 27 -29 29 -31
leaf_value=-0.14204287252426145 0.00089373204099644642 -0.093900226207990795 0.069123323361078903 0.046915681958198549 -0.12802409864451789 -0.042997801589965814 -0.14864609357473013 0.061756436750292777 0.35736138258989036 0.10265109289969716 -0.17160176987831408 0.19381670912651167 0.085729744738720831 0.064017251762280986 0.17955261290073393 -0.12159445945335472 -0.21903519472833408 -0.010277184728366225 -0.21317938537433229 -0.020010027924522025 0.22942632402922655 0.18828509585062664 -0.24068992995967464 -0.0081327690905646267 0.034927837562662635 0.30515314761262674 -0.077404833734035491 0.15862760035693646 -0.33632463762220349 -0.034066932083860087
leaf_weight=37.5 3150.5 31 49.5 28 36.5 37.5 37 26 39 21 39 36.5 23.5 83 43 34.5 29.5 33.5 29 30.5 37 22.5 27 47.5 165 26 43 40 26.5 484.5
leaf_count=25 2821 21 34 22 31 31 32 24 38 21 34 34 21 65 43 29 26 28 25 28 35 19 22 40 146 25 36 36 21 422
internal_value=5.85592e-11 -0.0408128 0.00634407 0.00102981 0.0212908 0.116812 -0.00860254 0.181252 0.239119 0.00503328 0.0191718 0.0400831 -0.0748451 0.0171331 0.0550728 0.00951849 -0.0553589 -0.108029 -0.00165677 0.000497105 0.116718 -0.0700851 -0.0273043 -0.0924152 -0.00149627 0.00422346 0.100465 0.0363457 -0.0290754 -0.0497417
internal_weight=4794.5 118 80.5 4676.5 547.5 130.5 417 93 65 380 343.5 281 62.5 244.5 160.5 117.5 84 63 4129 4003 67.5 126 97 74.5 3935.5 3259.5 109 83 676 511
internal_count=4235 80 55 4155 479 115 364 84 62 332 301 246 55 212 137 94 75 54 3676 3570 63 106 81 62 3507 2918 97 72 589 443
is_linear=0
shrinkage=0.03


Tree=290
num_leaves=31
num_cat=0
split_feature=6 2 11 6 10 2 10 6 19 4 0 18 0 11 0 4 7 11 11 3 14 9 4 19 19 11 11 19 9 3
split_gain=220.789 349.437 266.469 1322.77 1585.08 1405.08 1613.12 1238.78 1077.93 1067.18 855.009 943.471 731.628 629.972 1691.85 2350.68 1537.39 1202.99 1335.78 1571.25 1293 1819.58 1790.48 1235.13 3242.42 1212.25 1444.69 3028.35 1610.58 1267.6
threshold=95.000000000000014 29.462917145259805 39.848331793238906 382.50000000000006 -8.3563199618748492 25.476903149343453 -16.975218708742371 280.50000000000006 -0.11000000000000001 0.61979166666666685 178.74586430112703 0.64500000000000013 159.12033991228103 34.240900136339306 173.93167701863351 0.41840277777777779 5005.5000000000009 31.268860170314603 29.595345343471653 24021.500000000004 110.50000000000001 -1589.4999999999998 0.32725694444444448 -0.070000000000000007 -0.14499999999999996 27.626342577279505 28.276758855227552 0.085000000000000034 -991.99999999999989 3707.0000000000005
decision_type=8 10 10 8 10 10 10 10 10 10 10 10 10 10 8 10 8 10 10 8 8 8 10 10 10 10 10 10 10 10
left_child=1 -1 13 4 7 -5 -7 -4 -8 10 11 -10 -6 17 15 -15 -16 18 25 -20 21 -19 -23 24 -22 -2 27 28 -27 -28
right_child=2 -3 3 5 12 6 8 -9 9 -11 -12 -13 -14 14 16 -17 -18 20 19 -21 23 22 -24 -25 -26 26 29 -29 -30 -31
leaf_value=0.0040052560784599994 -0.0042609185765449097 -0.14736448280354764 -0.14225034055709837 0.19009324032684852 0.38121657463007197 -0.23316270757106042 0.1308911067789251 0.13864190752689654 -0.16453318076043189 -0.23567080991608755 0.1333525450503634 0.010333443321710959 0.13072389905045673 -0.020988708168097253 0.010442197203636169 0.25141399919986723 -0.17943346612050501 -0.01715534474168505 -0.044488347759626429 -0.3054803943634033 -0.084041767347426632 0.075695109069347372 0.30143646920854977 -0.048924623386009586 0.37612121880054472 0.17609928306798603 -0.11297077607071918 0.36139074106216429 -0.074884591825080629 0.048041934901475902
leaf_weight=33 2825.5 23.5 25 29 21.5 31 44 32.5 39.5 21 31 93.5 20.5 261.5 60 32 106.5 70 268.5 22.5 31.5 73.5 55.5 143 24.5 43 57.5 37.5 49.5 187.5
leaf_count=28 2472 20 22 28 20 26 41 31 34 20 31 79 20 220 60 31 102 63 236 19 28 61 55 124 24 39 51 37 43 170
internal_value=-2.28667e-10 -0.0589538 0.000703016 0.0245082 0.11885 -0.00797292 -0.0300649 0.0165148 -0.00257132 -0.0343137 -0.00853021 -0.0416006 0.258952 -0.00142328 -0.0346227 0.00871108 -0.11101 0.00250312 -0.00312988 -0.0646681 0.0519193 0.105992 0.172816 -0.0021536 0.11728 0.00246538 0.0531458 0.133982 0.041789 0.0102532
internal_weight=4794.5 56.5 4738 388.5 99.5 289 260 57.5 229 185 164 133 42 4349.5 460 293.5 166.5 3889.5 3491.5 291 398 199 129 199 56 3200.5 375 130 92.5 245
internal_count=4235 48 4187 352 93 259 231 53 205 164 144 113 40 3835 413 251 162 3422 3067 255 355 179 116 176 52 2812 340 119 82 221
is_linear=0
shrinkage=0.03


Tree=291
num_leaves=31
num_cat=0
split_feature=7 3 11 19 19 15 11 5 3 3 2 5 14 2 5 2 13 10 7 12 0 0 0 13 3 0 14 10 18 13
split_gain=219.12 733.403 1405.47 714.632 928.631 878.09 724.349 1815.72 675.576 927.711 653.29 4097.08 2004.69 1259.26 1124.76 1761.02 1199.38 1172.18 1180.54 1067.54 1874.32 1104.61 4042.89 2045.53 2028.27 2761.05 984.045 901.979 1826.98 2099.43
threshold=11115.500000000002 22480.000000000004 22.092397714470753 0.31500000000000011 0.25500000000000012 12749.333333333332 45.251541916957109 -1.8617324561404869 1718.5000000000002 2100.5000000000005 39.871500889477254 -18.759369055167493 89.500000000000014 38.833341514506209 16.970449561403999 30.843690983177002 364.50000000000006 -9.1318632775398978 12304.500000000002 28.500000000000004 172.00617283950604 213.91851503759401 221.68319838056655 188.50000000000003 13908.000000000002 299.13949897048752 99.500000000000014 0.81674476550265063 0.45500000000000007 243.50000000000003
decision_type=8 8 10 10 10 8 10 10 8 8 10 10 10 10 10 10 10 10 10 8 10 8 8 8 8 8 10 10 10 8
left_child=1 -1 -3 4 6 -5 8 -8 -2 -10 13 -12 -13 14 16 17 19 -16 -19 20 -11 27 -23 -24 25 26 -25 28 29 -21
right_child=3 2 -4 5 -6 -7 7 -9 9 10 11 12 -14 -15 15 -17 -18 18 -20 21 -22 22 23 24 -26 -27 -28 -29 -30 -31
leaf_value=-0.0025790892105996693 -0.1056548085900926 0.086565428325685395 -0.16138715882073432 0.25548712894320486 -0.1316175856508992 -0.0039130038022994994 -0.047122254915097181 0.32716489525728448 0.22515709488732472 -0.0069372852461053684 -0.29796113356421972 0.23428022292298331 -0.077305033653974536 0.228435622656599 -0.17137412079963191 -0.22616487070099339 0.20144525516228598 0.19562967553025198 -0.033940647465309927 0.048361872604915077 -0.34344742699367242 0.49073790478706364 -0.20538701933163864 0.18141427593926587 -0.10275236043859931 0.4424094933271408 -0.077167613417483294 0.040971951947528805 0.0017865966074785042 -0.30872096848487851
leaf_weight=2637 48.5 29.5 68 23 44 24 25.5 21.5 17.5 54.5 42.5 35.5 39 23.5 29 45.5 30.5 31.5 56 24.5 20.5 20 26 27 34 24 26 473.5 755.5 37.5
leaf_count=2345 43 26 59 22 39 22 22 21 16 45 36 35 35 22 28 42 28 31 53 24 20 20 26 27 33 24 26 399 629 37
internal_value=-1.98019e-10 -0.00556654 -0.0863656 0.00738918 0.00468923 0.123027 0.00773519 0.124094 0.00488978 0.00775149 0.0057016 -0.0629171 0.0711685 0.0103183 0.00733036 -0.0678932 0.0151747 -0.00607889 0.0487047 0.0114444 -0.0989167 0.0171606 0.0922979 0.0341315 0.0902349 0.17545 0.0545628 0.0080231 -0.011061 -0.167616
internal_weight=4794.5 2734.5 97.5 2060 2013 47 1969 47 1922 1873.5 1856 117 74.5 1739 1715.5 162 1553.5 116.5 87.5 1523 75 1448 157 137 111 77 53 1291 817.5 62
internal_count=4235 2430 85 1805 1761 44 1722 43 1679 1636 1620 106 70 1514 1492 154 1338 112 84 1310 65 1245 156 136 110 77 53 1089 690 61
is_linear=0
shrinkage=0.03


Tree=292
num_leaves=31
num_cat=0
split_feature=19 19 11 2 7 19 2 19 7 6 6 8 10 4 15 15 1 2 4 2 0 0 9 6 6 11 5 5 10 6
split_gain=214.146 374.476 1426.44 1123.25 676.615 512.788 590.36 379.047 1141.29 334.151 964.417 1271.79 1170.03 1035.83 1018.46 1015.2 1478.15 962.301 1143.08 904.944 981.774 953.961 1028.2 712.622 1057.75 936.807 740.534 1516.26 840.377 669.449
threshold=-0.50499999999999989 -0.29499999999999987 28.603293986939104 29.143076497543454 8354.5000000000018 -0.25499999999999995 27.936130832165404 -0.23499999999999999 7863.5000000000009 551.50000000000011 500.50000000000006 170.66741071428552 3.2843424643292516 0.63368055555555569 17011.500000000004 8985.0000000000018 149.27972599128617 25.214597384555855 0.39409722222222232 30.541101710665455 170.18200146627603 188.88859416445652 -331.49999999999994 485.50000000000006 478.50000000000006 25.575956942045156 -17.207837498620503 -5.1350877192979985 -0.40866536189150077 475.50000000000006
decision_type=8 8 10 10 10 8 10 8 8 10 10 10 10 10 10 10 10 8 10 10 8 10 10 10 10 10 8 10 10 10
left_child=-1 2 4 -4 -2 6 -3 8 -7 10 23 14 13 -13 15 -12 -17 18 -11 20 -19 22 -21 24 29 -26 -25 -28 -29 -9
right_child=1 5 3 -5 -6 7 -8 9 -10 17 11 12 -14 -15 -16 16 -18 19 -20 21 -22 -23 -24 26 25 -27 27 28 -30 -31
leaf_value=-0.096753904528734155 0.083944937029192521 -0.19756299285327686 0.069555005508920423 -0.19015657316963627 0.30775594085454938 0.20460150633828114 -0.0053730451518839055 -0.0014711503849266783 -0.073997808173298832 -0.019596373118358115 0.063794880881502813 0.18410907527121403 0.34194471863183107 -0.07717767403884368 0.19776051893526195 -0.00072853919039381307 -0.25675242756542405 -0.054550313779285972 0.22293606037678926 0.034293827607351189 -0.32312116245834194 0.13340692967176437 -0.19350807781219481 -0.20685543475479914 -0.005602514493849969 0.21728981931209562 0.16871032111498774 -0.21122777137384913 0.0047428396777550296 -0.15278057766410538
leaf_weight=20.5 31 25.5 34.5 26.5 20 29.5 33 3800 24 73 92.5 36 22 22 24.5 70.5 28.5 24.5 23 34 24.5 24 37.5 29 31 37.5 24.5 34 31 26.5
leaf_count=20 31 25 34 23 20 28 30 3353 22 56 79 35 22 22 21 53 25 21 23 30 23 24 30 25 28 35 21 27 26 23
internal_value=-1.40408e-10 0.00041547 0.0546242 -0.0432705 0.171714 -0.000886842 -0.0891482 0.000234759 0.0796224 -0.0006987 0.00122187 0.0534803 0.15566 0.0850003 0.0156359 -0.00766465 -0.0744324 -0.0351133 0.0385104 -0.0840259 -0.188836 -0.0302492 -0.0851827 -0.00263224 -0.000427308 0.116419 -0.0751065 -0.0324169 -0.108226 -0.00251903
internal_weight=4794.5 4774 112 61 51 4662 58.5 4603.5 53.5 4550 4309.5 296 80 58 216 191.5 99 240.5 96 144.5 49 95.5 71.5 4013.5 3895 68.5 118.5 89.5 65 3826.5
internal_count=4235 4215 108 57 51 4107 55 4052 50 4002 3795 257 79 57 178 157 78 207 79 128 44 84 60 3538 3439 63 99 74 53 3376
is_linear=0
shrinkage=0.03


Tree=293
num_leaves=31
num_cat=0
split_feature=3 9 12 7 7 7 5 7 1 7 8 2 6 11 5 2 19 2 12 0 19 16 12 14 18 18 0 3 14 4
split_gain=213.309 278.156 545.108 715.707 632.409 480.538 851.391 706.484 408.178 400.363 1344.11 2420.37 1559.11 1660.71 765.827 1664.31 1101.32 878.809 821.401 1937.19 1107.07 916.566 1016.89 1304.54 1060.01 3748.22 1496.14 786.711 745.228 903.003
threshold=29445.000000000004 -10665.499999999998 63.500000000000007 17800.000000000004 17632.000000000004 22835.000000000004 0.63299255569000945 21888.500000000004 154.12206196581218 13367.500000000002 213.88794141252001 32.384246829003807 296.50000000000006 23.738088420195155 16.970449561403999 30.843690983177002 -0.16999999999999993 20.711156708370854 34.500000000000007 178.74586430112703 -0.014999999999999956 -174.49999999999997 39.500000000000007 82.500000000000014 0.30500000000000005 0.19500000000000003 208.18979933110353 5958.5000000000009 103.50000000000001 0.2751736111111111
decision_type=10 8 10 10 10 10 10 10 10 8 10 8 10 10 10 10 8 10 8 10 10 8 8 8 8 10 8 8 8 10
left_child=1 2 4 -4 -1 7 -7 9 -6 -3 14 12 13 -12 16 17 -11 -16 19 20 -18 -20 -23 -24 25 27 28 -25 29 -26
right_child=-2 5 3 -5 8 6 -8 -9 -10 10 11 -13 -14 -15 15 -17 18 -19 21 -21 -22 22 23 24 26 -27 -28 -29 -30 -31
leaf_value=0.02698707552279456 -0.071269813430309303 -0.0039279809839444712 -0.090839258486574342 0.10900934090981117 -0.083523675487316262 -0.047428969144821163 0.19347169942432835 -0.1343980334116065 -0.24551139219240709 0.21247447334990208 -0.20478083570157329 0.36236460493670569 0.20321671402081845 0.12960794327106884 -0.11850871222860672 -0.23803343804789259 0.11641250064839487 0.10856034538962624 0.19245424004701467 -0.33446786833972464 -0.1316754509972744 0.19022575258676494 -0.073355009714657193 0.20293479430675504 0.04723142506182193 -0.42364074025835308 0.27030859739884083 -0.054332191866377125 0.0089021180749056846 0.23124941253662107
leaf_weight=29.5 37.5 3173 27.5 39 38.5 23 31 34.5 22 24.5 31 27 32 23.5 25.5 35.5 34.5 38.5 26 20.5 30.5 28 153.5 20 120 21 23 23 571.5 30
leaf_count=27 28 2812 24 34 29 20 28 28 20 24 31 27 32 23 25 32 30 37 22 20 24 25 130 20 99 20 22 23 490 29
internal_value=9.97076e-12 0.000561828 -0.03877 0.0263652 -0.0868977 0.00189982 0.0908659 0.000843148 -0.142428 0.00187724 0.0156337 0.1144 0.0370002 -0.0605948 0.00648652 -0.0732923 0.0135362 0.0180875 0.00911138 -0.0801925 2.00026e-06 0.0166266 0.0120089 0.00682174 0.0220439 -0.0951156 0.0321154 0.0653269 0.0245223 0.084035
internal_weight=4794.5 4757 156.5 66.5 90 4600.5 54 4546.5 60.5 4512 1339 113.5 86.5 54.5 1225.5 99.5 1126 64 1101.5 85.5 65 1016 990 962 808.5 64 744.5 43 721.5 150
internal_count=4235 4207 134 58 76 4073 48 4025 49 3997 1185 113 86 54 1072 94 978 62 954 74 54 880 858 833 703 63 640 43 618 128
is_linear=0
shrinkage=0.03


Tree=294
num_leaves=31
num_cat=0
split_feature=2 13 3 8 5 15 7 3 2 14 10 4 15 10 13 14 14 10 9 7 7 19 6 5 15 6 15 15 15 10
split_gain=222.569 703.451 263.06 871.127 519.503 795.313 431.32 425.877 992.291 927.274 998.914 1184.73 1562.4 1017.89 502.954 437.78 983.829 1445.65 851.182 714.487 1020.28 2725.93 1106.19 996.18 778.515 1512.4 1123.87 761.021 746.403 707.114
threshold=53.623136828768402 197.50000000000003 865.50000000000011 143.31643132220802 -4.3947368421050177 4519.5000000000009 272.50000000000006 2417.0000000000005 18.352412833309355 62.500000000000007 18.321740567839353 0.51909722222222243 3833.5000000000005 -4.6940556396464492 433.50000000000006 49.500000000000007 60.500000000000007 9.0835951701530515 11531.500000000002 1663.5000000000002 2365.0000000000005 -0.010000000000000004 411.50000000000006 9.946319530312012 3148.666666666667 493.50000000000006 2482.3333333333335 2225.3333333333339 3298.3333333333335 3.820074191371797
decision_type=8 10 8 8 8 8 8 8 10 8 8 10 10 10 10 8 8 10 8 8 8 8 10 10 8 8 10 10 8 10
left_child=2 -2 3 -1 -5 -6 -4 8 -8 -10 11 13 -13 -11 15 18 17 29 -9 23 21 -21 -23 27 25 -22 -27 -18 -26 -17
right_child=1 -3 6 4 5 -7 7 14 9 10 -12 12 -14 -15 -16 16 19 -19 -20 20 24 22 -24 -25 28 26 -28 -29 -30 -31
leaf_value=0.1830701999292999 -0.1464668006406111 0.064392935755301486 0.10929713308811187 0.076523098966171002 0.052346383730570475 -0.1779162692071663 0.099661179900169372 -0.014802337260261528 0.11593729582238704 -0.1609512741080785 -0.25869057865703804 0.032656118988990783 -0.30337823237080802 0.040911358224730639 -0.14202852918343109 0.075302953011584725 -0.15358385748782399 0.31379300681556144 -0.17440043760382612 -0.15137979953334879 -0.045645548421216292 0.31116720254604635 0.04315050518789957 -0.23668670464964472 -0.20537652544677257 0.052562694400548934 0.33858895378954268 0.028669768848123341 -1.2734607781429711e-05 -0.10820043620855911
leaf_weight=30.5 34 24.5 32 43.5 27 27 40 234.5 23.5 29.5 25.5 20 33 94.5 22 106 29.5 20.5 34.5 26 41.5 39 21.5 25.5 15.999999999999998 24 25.5 68.5 3552.5 23
leaf_count=24 29 22 29 42 27 25 36 206 23 24 22 20 32 84 20 95 26 20 30 22 37 37 20 23 15 22 24 61 3118 20
internal_value=4.43853e-10 -0.058158 0.00071838 0.0431407 -0.000632124 -0.0627849 -0.000460018 -0.00122755 -0.0380674 -0.0624442 -0.0831452 -0.0578548 -0.176573 -0.00711241 0.00104609 0.00178015 0.00426008 0.0797743 -0.0352712 0.00134255 0.00368322 0.105519 0.215922 -0.0696547 0.00127612 0.0879256 0.19991 -0.0261923 -0.000933519 0.0425853
internal_weight=4794.5 58.5 4736 128 97.5 54 4608 4576 266 226 202.5 177 53 124 4310 4288 4019 149.5 269 3869.5 3746 86.5 60.5 123.5 3659.5 91 49.5 98 3568.5 129
internal_count=4235 51 4184 118 94 52 4066 4037 241 205 182 160 52 108 3796 3776 3540 135 236 3405 3295 79 57 110 3216 83 46 87 3133 115
is_linear=0
shrinkage=0.03


Tree=295
num_leaves=31
num_cat=0
split_feature=10 7 1 8 5 11 9 12 2 16 19 19 7 3 5 16 15 8 11 1 6 8 6 4 18 2 2 1 8 3
split_gain=211.335 1287.26 841.808 1197.78 1162.52 1203.9 348.697 588.012 536.944 455.398 343.231 557.126 1071.21 374.303 2020.07 2020.89 1234.49 1574.36 1597.02 1549.97 1891.8 1359.4 1191.33 1187.04 1179.74 1120.47 1315.86 1696.39 1397.35 1116.64
threshold=-15.047798082356799 2417.0000000000005 217.66594982078854 152.47182054134254 0.19404285188198858 42.351064264213207 -10665.499999999998 53.500000000000007 27.193358456369754 -174.49999999999997 -0.42499999999999993 -0.31499999999999989 7801.5000000000009 4809.5000000000009 27.335596816599523 97.500000000000014 6265.3333333333339 171.44333022388051 22.092397714470753 200.27710294293004 340.50000000000006 154.26444892473103 412.50000000000006 0.66493055555555569 0.31500000000000006 16.667017310947404 21.934531996283201 147.75970962433442 156.68059210526303 5447.5000000000009
decision_type=8 8 10 10 10 10 8 10 10 10 8 8 8 8 10 8 8 10 10 10 8 8 8 10 10 10 10 10 8 8
left_child=1 -1 3 -3 5 -5 7 9 -9 -2 -8 12 -12 14 16 -16 19 25 -19 20 21 -13 -22 -21 -25 -18 28 -28 -27 -15
right_child=6 2 -4 4 -6 -7 10 8 -10 -11 11 13 -14 29 15 -17 17 18 -20 23 22 -23 -24 24 -26 26 27 -29 -30 -31
leaf_value=-0.16910951439215213 -0.055579355285902104 0.17191514432430266 0.23686574041843414 0.22596888542175292 -0.14819399728224827 -0.073107861757278444 -0.09611164548180319 -0.061917116584843147 0.10506687700748443 -0.21293144109401296 -0.012166332439068825 -0.010850133769316216 0.26734847249054328 -0.076930635738299114 -0.038145736863215762 0.3223991873618719 0.16039886097908021 0.3734878379174254 0.084075086944951458 -0.23865899269885205 0.19870454422415121 -0.27761709336134105 0.014915537941260014 -0.23734117805957794 0.036075900350602305 0.0042880888779958087 0.094734891883979017 -0.10572433604105659 -0.28179695707559582 -0.00060723197839515576
leaf_weight=24.5 56 40 22 23.5 39 25 33 36.5 33 23.5 31 36.5 20.5 182 22.5 37 37.5 22 78 47 36.5 32.5 243.5 20 49 31.5 112 57.5 30 3312
leaf_count=21 48 36 22 23 36 22 32 29 31 19 29 30 20 165 20 37 32 22 76 46 34 29 215 20 49 25 98 53 27 2889
internal_value=-2.78912e-10 0.0324568 0.0654894 0.0359185 -0.0262514 0.0718056 -0.00122227 -0.0463698 0.0173702 -0.102092 0.000282148 0.00099883 0.0990968 -0.000152765 0.0171807 0.186059 0.0051252 0.046138 0.147746 -0.0273764 0.00420076 -0.136501 0.0388737 -0.12238 -0.0431754 0.00829528 -0.0163969 0.0267325 -0.135266 -0.00458286
internal_weight=4794.5 174 149.5 127.5 87.5 48.5 4620.5 149 69.5 79.5 4471.5 4438.5 51.5 4387 893 59.5 833.5 368.5 100 465 349 69 280 116 69 268.5 231 169.5 61.5 3494
internal_count=4235 160 139 117 81 45 4075 127 60 67 3948 3916 49 3867 813 57 756 333 98 423 308 59 249 115 69 235 203 151 52 3054
is_linear=0
shrinkage=0.03


Tree=296
num_leaves=31
num_cat=0
split_feature=2 9 17 19 5 6 10 6 0 6 13 3 2 7 10 2 5 14 15 5 4 5 12 12 12 14 19 12 15 7
split_gain=215.917 1325.34 251.948 1165.56 1523.52 1641.04 2044.98 1427.22 1457.21 1367.09 1859.36 1420.65 1302.45 1845.67 1605.31 1421.05 1111.26 1211.81 1090.74 1849.9 1858.36 1009.24 934.035 1016.93 925.678 912.498 1453.06 876.891 799.921 772.289
threshold=52.093222919556105 1630.5000000000002 371.50000000000006 0.27500000000000008 -12.142483202687492 394.50000000000006 -1.7611016235080992 287.50000000000006 169.89448292924303 371.50000000000006 200.50000000000003 5393.0000000000009 31.154455824339752 2964.0000000000005 7.2973774473031012 27.936130832165404 -14.811783307907502 56.500000000000007 9496.0000000000018 18.471428733237023 0.39409722222222232 9.2093544448385121 59.500000000000007 32.500000000000007 40.500000000000007 78.500000000000014 -0.17499999999999993 56.500000000000007 8206.6666666666679 4915.0000000000009
decision_type=8 8 8 10 8 8 10 10 10 8 10 10 10 10 8 10 10 10 8 10 10 10 10 10 10 8 10 10 10 10
left_child=2 -2 3 4 5 16 -7 -5 -9 10 11 -6 14 -14 18 22 17 -1 29 20 -20 -13 23 -16 -15 26 -4 -8 -26 -11
right_child=1 -3 25 7 9 6 27 8 -10 12 -12 21 13 24 15 -17 -18 -19 19 -21 -22 -23 -24 -25 28 -27 -28 -29 -30 -31
leaf_value=0.27495725951411509 0.073938909650927309 -0.17830665784913138 -0.26434714831154921 0.32212396091603218 -0.2362334977954626 0.027884873709706371 -0.30225003024906788 -0.12386796114396076 0.21250034028833562 0.081777549276226436 0.15430367456004021 -0.081838982242670499 0.30079190630417368 -0.060269110477284372 -0.079830396279044771 -0.28164574866392172 -0.15097693153222402 0.0022653633559292013 0.030543556933051417 0.36929259390365782 0.33192619596208844 0.066347099430248385 -0.1405112505995709 0.19657936503589152 0.21299902861376843 0.00023978675673179688 -0.031244118124667829 -0.092434441436420781 0.033578947339322145 -0.056337736791903431
leaf_weight=22 38 37 29 23.5 37.5 43 51.5 24.5 22 57 40 128.5 38.5 38 23 24.5 22.5 44 149.5 20.5 21 61 34.5 25 41.5 3379 141.5 27.5 48.5 101
leaf_count=21 35 32 26 23 33 39 45 20 22 53 37 106 36 36 20 22 19 41 118 20 21 59 31 22 39 2982 120 24 45 88
internal_value=-3.65145e-10 -0.0505022 0.000802557 0.0128757 0.00532216 -0.0672542 -0.138597 0.131574 0.035274 0.0224974 -0.0342912 -0.0675238 0.0468549 0.118668 0.0206334 -0.0810241 0.0310933 0.0931627 0.0518006 0.100038 0.067664 -0.0341379 -0.0214455 0.064133 0.0638892 -0.00317703 -0.0708921 -0.229213 0.116312 -0.00651134
internal_weight=4794.5 75 4719.5 1170 1100 210.5 122 70 46.5 889.5 267 227 622.5 166.5 456 107 88.5 66 349 191 170.5 189.5 82.5 48 128 3549.5 170.5 79 90 158
internal_count=4235 67 4168 1040 975 189 108 65 42 786 235 198 551 156 395 95 81 62 300 159 139 165 73 42 120 3128 146 69 84 141
is_linear=0
shrinkage=0.03


Tree=297
num_leaves=31
num_cat=0
split_feature=14 14 10 6 12 10 14 8 10 7 14 11 11 1 15 0 14 3 0 4 12 5 3 5 1 3 4 4 6 8
split_gain=207.929 284.632 652.659 410.137 366.143 859.141 347.975 1305.26 773.009 402.364 332.287 364.161 1429.02 1210.33 1746.97 1161.59 1069.91 1034.39 1780.25 1228.62 1228.3 1985.46 1413.85 1213.12 1184.54 2609.53 1473.74 1065.02 1045.06 1025.33
threshold=223.50000000000003 179.50000000000003 3.4686665874289999 500.50000000000006 127.50000000000001 1.8102746805011487 158.50000000000003 194.33130081300803 4.739269693919252 7765.5000000000009 155.50000000000003 22.000099593764354 23.738088420195155 196.31802404349088 3298.3333333333335 171.50652689873402 114.50000000000001 11750.500000000002 175.51190476190501 0.99826388888888895 53.500000000000007 -12.376119987469009 15537.500000000002 -27.619170303380994 180.95508509083069 4617.0000000000009 0.6059027777777779 0.75173611111111127 403.50000000000006 159.86491228070201
decision_type=10 10 8 8 10 8 10 8 10 10 10 8 8 10 8 10 10 8 10 10 8 10 8 8 10 8 10 10 8 10
left_child=1 4 3 -3 6 -6 10 8 9 -8 11 17 13 14 -13 16 -16 19 -19 23 -20 -22 -23 27 28 26 -26 -1 29 -25
right_child=-2 2 -4 -5 5 -7 7 -9 -10 -11 -12 12 -14 -15 15 -17 -18 18 20 -21 21 22 -24 24 25 -27 -28 -29 -30 -31
leaf_value=-0.21739801958023783 0.088081248707603657 -0.07104943934608908 -0.16030589229900102 0.10173821683973074 -0.018408625273222332 0.18730642442741699 -0.15510287294021019 0.23341035826338663 0.12692205852932401 0.003233309323971088 -0.09138255429026243 -0.29097149022420249 0.00031193004003349695 -0.18504957910987638 -0.077263609384248283 0.12391082860592209 0.10525378522064005 0.01364337154158664 0.34783944826573132 -0.21234741465403484 -0.071089178582555368 0.41181497383117671 0.10760577195070006 -0.038722116521225786 0.4591096524681364 -0.0081283884342894484 0.11497959610074758 0.037104053393654197 0.020670925108380884 -0.2402820907898669
leaf_weight=41.5 24 25.5 32.5 24 44.5 31 26 27 27 32.5 37 22.5 2877.5 62 166 44.5 35 380.5 22 26 38 20 44 159 21 83 24 23 347.5 26.5
leaf_count=36 22 22 28 19 38 29 21 27 24 28 30 19 2584 62 130 44 29 305 22 26 38 20 44 123 21 83 24 23 290 24
internal_value=-6.42534e-11 -0.00044313 -0.0558535 0.0127264 0.000525975 0.0660572 -0.00054656 0.0515678 -0.0058561 -0.0671383 -0.00184928 -0.00110709 -0.00646927 -0.0655993 -0.0379653 -0.0147774 -0.045482 0.0125865 0.0458143 -0.00972009 0.144533 0.100682 0.202671 -0.00245846 0.00965962 0.0916106 0.275574 -0.126645 -0.0100209 -0.0675164
internal_weight=4794.5 4770.5 82 49.5 4688.5 75.5 4613 112.5 85.5 58.5 4500.5 4463.5 3207.5 330 268 245.5 201 1256 504.5 751.5 124 102 64 725.5 661 128 45 64.5 533 185.5
internal_count=4235 4213 69 41 4144 67 4077 100 73 49 3977 3947 2868 284 222 203 159 1079 429 650 124 102 64 624 565 128 45 59 437 147
is_linear=0
shrinkage=0.03


Tree=298
num_leaves=31
num_cat=0
split_feature=2 12 5 19 18 18 3 4 2 13 2 10 8 8 3 12 6 16 16 12 2 9 12 16 9 9 2 13 8 6
split_gain=210.201 1049.92 1278.56 1002.89 1673.56 1583.65 1296.82 805.744 780.305 537.955 516.436 1021.97 445.725 524.192 1295.51 500.541 859.591 514.116 465.5 779.513 1140.23 926.252 919.374 909.252 1429.11 1227.53 878.621 771.968 2222.09 1091.2
threshold=43.05852493485316 61.500000000000007 3.3305372807019968 -0.13499999999999995 0.51500000000000012 0.56500000000000006 5599.5000000000009 0.33159722222222227 42.33247430326481 28.500000000000004 41.428527528831907 20.431302321364104 350.95188025729857 300.12099479467906 10277.000000000002 14.500000000000002 394.50000000000006 -377.49999999999994 -126.49999999999999 23.500000000000004 29.350817539737502 2548.5000000000005 27.500000000000004 -94.499999999999986 1163.5000000000002 -1249.4999999999998 25.476903149343453 160.50000000000003 184.47059811827953 566.50000000000011
decision_type=8 10 10 10 10 10 8 10 10 8 10 10 10 10 8 8 8 8 8 8 10 8 8 8 8 10 10 10 10 10
left_child=8 3 7 4 -2 -5 -7 -3 9 -1 11 12 13 15 -15 16 -11 -17 27 20 21 -20 26 24 25 -24 -21 -19 29 -29
right_child=1 2 -4 5 -6 6 -8 -9 -10 10 -12 -13 -14 14 -16 17 -18 18 19 22 -22 -23 23 -25 -26 -27 -28 28 -30 -31
leaf_value=0.16189474041397506 0.06149800658226013 -0.27809780915578203 0.052180205643177033 -0.080569961579286892 -0.21863509692038807 0.013150723607916581 0.28162063541412352 -0.057685364204294536 0.14471669884727281 0.063405233780543011 -0.11583481164082236 0.2001420981987663 -0.12420070577842683 0.25816345900297166 -0.071975836694240555 0.12870801406247276 -0.16838002518564463 0.0098188150087525836 0.12445270092863786 -0.020499801376173573 0.22872640342632336 -0.12316123586434584 0.078553177188953438 -0.00025212435741657924 -0.034713165318736659 0.34405290681488659 -0.2683947759324854 -0.093393267059435875 -0.29223487288611272 0.080493454204665291
leaf_weight=18.5 42.5 36 30 36.5 35 28.5 37.5 25.5 34 22.5 34.5 23 26 23 20 28 40 181 28.5 31 33.5 26 43.5 3641 52 24.5 22 81.5 35 54
leaf_count=16 39 27 27 36 28 26 36 24 32 21 32 21 26 23 20 25 35 159 27 26 32 22 39 3202 46 23 20 67 33 45
internal_value=9.09664e-12 -0.0256386 -0.108384 0.0164233 -0.0650137 0.0779977 0.16569 -0.186707 0.001539 0.00045456 -0.000213518 0.000685701 -0.000353841 0.00038015 0.10461 -0.000651594 -0.0849373 0.000578783 -0.000264668 0.00271403 0.0909891 0.00632495 0.000677271 0.00242576 0.0836773 0.174211 -0.1234 -0.0333312 -0.0791386 -0.0240952
internal_weight=4794.5 271.5 91.5 180 77.5 102.5 66 61.5 4523 4489 4470.5 4436 4413 4387 43 4344 62.5 4281.5 4253.5 3902 88 54.5 3814 3761 120 68 53 351.5 170.5 135.5
internal_count=4235 243 78 165 67 98 62 51 3992 3960 3944 3912 3891 3865 43 3822 56 3766 3741 3437 81 49 3356 3310 108 62 46 304 145 112
is_linear=0
shrinkage=0.03


Tree=299
num_leaves=31
num_cat=0
split_feature=1 5 14 3 8 5 7 8 7 3 6 17 4 4 0 1 14 11 3 5 18 19 0 4 5 7 15 3 7 16
split_gain=212.639 588.968 519.305 255.524 1176.66 436.609 910.486 520.536 402.984 384.92 874.125 1100.54 1178.94 2039.72 1389.15 1027.51 608.738 645.456 500.498 1177.62 2054.96 1665.46 2041.97 1379.94 1328.48 689.741 1780.66 1574.43 1175.68 1906.36
threshold=115.62823464912302 -1.7346764868959992 91.500000000000014 865.50000000000011 143.54033180778052 -21.359817408769015 6997.5000000000009 186.36269946808503 272.50000000000006 2417.0000000000005 329.50000000000006 504.50000000000006 0.50173611111111127 0.65017361111111127 209.31052631578953 180.40651924978968 92.500000000000014 33.592469949077561 3453.5000000000005 9.4001826763055067 0.57500000000000007 -0.019999999999999931 155.03869969040252 0.34548611111111116 36.079966044142516 1663.5000000000002 1425.5000000000002 4148.5000000000009 2207.5000000000005 6.5000000000000009
decision_type=8 10 8 8 8 8 8 8 8 8 8 10 8 8 10 10 8 10 8 8 10 10 10 8 8 8 8 10 8 8
left_child=1 -1 -3 4 -2 -6 7 -7 -5 10 -10 12 15 -14 -15 16 -12 -18 19 20 -11 -22 -23 -21 -25 27 -27 -20 29 -28
right_child=3 2 -4 8 5 6 -8 -9 9 18 11 -13 13 14 -16 -17 17 -19 25 23 21 22 -24 24 -26 26 28 -29 -30 -31
leaf_value=-0.13797253332138062 0.21869495314028525 -0.090312679773647209 0.066271163369670053 0.10592266291379929 0.11313398415392094 -0.051407404465697193 -0.18718630049228666 0.13970344690848951 -0.18268530422123147 -0.20735061243602207 0.098162494235272915 0.1592698670061011 -0.31495714494958521 -0.13407621773806486 0.17804728439876011 0.19762860813039415 -0.0026341357476571026 -0.18514862905976906 -0.27802684444647568 -0.013716502820744235 -0.1320353529968504 0.035349469387306362 0.38490329488047531 0.4195084401456321 0.1050982738804009 0.33297735991149113 -0.10320223418871562 -0.016509106658837376 -0.0023097722247890293 0.23377368912748667
leaf_weight=37.5 27 31 49.5 32 22 29 25 23 32 35 28 28.5 32 33 21 23.5 51 26.5 26 34 29.5 53 21 20.5 29.5 14.499999999999998 22.5 102 3809.5 46
leaf_count=25 22 21 34 29 21 28 23 23 27 34 24 26 31 31 21 23 44 22 23 31 25 45 21 20 29 14 21 91 3364 42
internal_value=2.21612e-10 -0.0397732 0.0059718 0.00100358 0.0431462 -0.00473076 -0.0384064 0.0331224 -0.000163318 -0.000914618 -0.0352771 -0.0159052 -0.0391261 -0.125165 -0.0126949 0.0182329 -0.0217273 -0.0650423 0.00131656 0.0451152 -0.0086341 0.0585647 0.134547 0.133738 0.234006 -0.00110732 0.00114596 -0.0696299 -9.47751e-05 0.123088
internal_weight=4794.5 118 80.5 4676.5 126 99 77 52 4550.5 4518.5 275.5 243.5 215 86 54 129 105.5 77.5 4243 222.5 138.5 103.5 74 84 50 4020.5 3892.5 128 3878 68.5
internal_count=4235 80 55 4155 117 95 74 51 4038 4009 249 222 196 83 52 113 90 66 3760 205 125 91 66 80 49 3555 3441 114 3427 63
is_linear=0
shrinkage=0.03


end of trees

feature_importances:
mean_glucose=942
d_cv=678
steps=572
roll3_mean_glucose=498
roll3_d_tar=485
lag1_mean_glucose=479
diff_mean_from_prev_day=476
lag1_sleep_total_min=476
lag1_d_cv=450
lag1_steps=417
diff_d_cv_from_prev_day=408
sleep_light_min=403
sleep_rem_min=391
diff_d_tir_from_prev_day=378
diff_steps_from_prev_day=353
roll3_steps=337
sleep_total_min=334
sleep_deep_min=326
d_tir=324
diff_sleep_from_prev_day=273

parameters:
[boosting: gbdt]
[objective: regression]
[metric: rmse]
[tree_learner: serial]
[device_type: cpu]
[data_sample_strategy: bagging]
[data: ]
[valid: ]
[num_iterations: 300]
[learning_rate: 0.03]
[num_leaves: 31]
[num_threads: 28]
[seed: 42]
[deterministic: 0]
[force_col_wise: 0]
[force_row_wise: 0]
[histogram_pool_size: -1]
[max_depth: -1]
[min_data_in_leaf: 20]
[min_sum_hessian_in_leaf: 0.001]
[bagging_fraction: 1]
[pos_bagging_fraction: 1]
[neg_bagging_fraction: 1]
[bagging_freq: 0]
[bagging_seed: 400]
[bagging_by_query: 0]
[feature_fraction: 1]
[feature_fraction_bynode: 1]
[feature_fraction_seed: 30056]
[extra_trees: 0]
[extra_seed: 12879]
[early_stopping_round: 0]
[early_stopping_min_delta: 0]
[first_metric_only: 0]
[max_delta_step: 0]
[lambda_l1: 0]
[lambda_l2: 0]
[linear_lambda: 0]
[min_gain_to_split: 0]
[drop_rate: 0.1]
[max_drop: 50]
[skip_drop: 0.5]
[xgboost_dart_mode: 0]
[uniform_drop: 0]
[drop_seed: 17869]
[top_rate: 0.2]
[other_rate: 0.1]
[min_data_per_group: 100]
[max_cat_threshold: 32]
[cat_l2: 10]
[cat_smooth: 10]
[max_cat_to_onehot: 4]
[top_k: 20]
[monotone_constraints: ]
[monotone_constraints_method: basic]
[monotone_penalty: 0]
[feature_contri: ]
[forcedsplits_filename: ]
[refit_decay_rate: 0.9]
[cegb_tradeoff: 1]
[cegb_penalty_split: 0]
[cegb_penalty_feature_lazy: ]
[cegb_penalty_feature_coupled: ]
[path_smooth: 0]
[interaction_constraints: ]
[verbosity: -1]
[saved_feature_importance_type: 0]
[use_quantized_grad: 0]
[num_grad_quant_bins: 4]
[quant_train_renew_leaf: 0]
[stochastic_rounding: 1]
[linear_tree: 0]
[max_bin: 255]
[max_bin_by_feature: ]
[min_data_in_bin: 3]
[bin_construct_sample_cnt: 200000]
[data_random_seed: 175]
[is_enable_sparse: 1]
[enable_bundle: 1]
[use_missing: 1]
[zero_as_missing: 0]
[feature_pre_filter: 1]
[pre_partition: 0]
[two_round: 0]
[header: 0]
[label_column: ]
[weight_column: ]
[group_column: ]
[ignore_column: ]
[categorical_feature: ]
[forcedbins_filename: ]
[precise_float_parser: 0]
[parser_config_file: ]
[objective_seed: 16083]
[num_class: 1]
[is_unbalance: 0]
[scale_pos_weight: 1]
[sigmoid: 1]
[boost_from_average: 1]
[reg_sqrt: 0]
[alpha: 0.9]
[fair_c: 1]
[poisson_max_delta_step: 0.7]
[tweedie_variance_power: 1.5]
[lambdarank_truncation_level: 30]
[lambdarank_norm: 1]
[label_gain: ]
[lambdarank_position_bias_regularization: 0]
[eval_at: ]
[multi_error_top_k: 1]
[auc_mu_weights: ]
[num_machines: 1]
[local_listen_port: 12400]
[time_out: 120]
[machine_list_filename: ]
[machines: ]
[gpu_platform_id: -1]
[gpu_device_id: -1]
[gpu_use_dp: 0]
[num_gpu: 1]

end of parameters

pandas_categorical:[]
